{
  "conf": {
    "db": "db2",
    "query": "cycles.sql",
    "suffix": "balancedgo-04-01",
    "run": 1,
    "decompositionOptions": {
      "algorithm": "BALANCEDGO"
    },
    "queryTimeout": 100,
    "dbSize": 4,
    "parallel": true,
    "skipRows": true,
    "threadCount": 8,
    "booleanQuery": false,
    "useStatistics": true
  },
  "unoptimizedRuntime": 18,
  "optimizedTotalRuntime": 169,
  "optimizedQueryRuntime": 104,
  "optimizedQueryTimeout": false,
  "unoptimizedQueryTimeout": false,
  "optimizedResultCorrect": true,
  "unoptimizedColumns": 4,
  "optimizedColumns": 4,
  "unoptimizedRows": 0,
  "optimizedRows": 0,
  "hypergraph": {
    "weights": [
      {
        "bag": [
          {
            "name": "t6",
            "nodes": [
              "X14",
              "X13"
            ]
          }
        ],
        "weight": 20.00000059604645
      },
      {
        "bag": [
          {
            "name": "t3",
            "nodes": [
              "X14",
              "X7"
            ]
          }
        ],
        "weight": 20.00000059604645
      },
      {
        "bag": [
          {
            "name": "t1",
            "nodes": [
              "X11",
              "X14"
            ]
          }
        ],
        "weight": 20.00000059604645
      },
      {
        "bag": [
          {
            "name": "t4",
            "nodes": [
              "X1",
              "X14"
            ]
          }
        ],
        "weight": 20.00000059604645
      },
      {
        "bag": [
          {
            "name": "t2",
            "nodes": [
              "X14",
              "X5"
            ]
          }
        ],
        "weight": 20.00000059604645
      },
      {
        "bag": [
          {
            "name": "t5",
            "nodes": [
              "X14",
              "X3"
            ]
          }
        ],
        "weight": 20.00000059604645
      },
      {
        "bag": [
          {
            "name": "t7",
            "nodes": [
              "X14",
              "X15"
            ]
          }
        ],
        "weight": 0.0
      },
      {
        "bag": [
          {
            "name": "t8",
            "nodes": [
              "X9",
              "X14"
            ]
          }
        ],
        "weight": 20.00000059604645
      }
    ],
    "statistics": {
      "t4": {
        "rowCount": 20,
        "mostCommonFrequencies": {
          "a": {
            "1": 0.20000000298023224,
            "2": 0.20000000298023224,
            "3": 0.20000000298023224,
            "4": 0.20000000298023224,
            "5": 0.20000000298023224
          },
          "b": {
            "1": 0.20000000298023224,
            "2": 0.20000000298023224,
            "3": 0.20000000298023224,
            "4": 0.20000000298023224,
            "5": 0.20000000298023224
          }
        }
      },
      "t5": {
        "rowCount": 20,
        "mostCommonFrequencies": {
          "a": {
            "1": 0.20000000298023224,
            "2": 0.20000000298023224,
            "3": 0.20000000298023224,
            "4": 0.20000000298023224,
            "5": 0.20000000298023224
          },
          "b": {
            "1": 0.20000000298023224,
            "2": 0.20000000298023224,
            "3": 0.20000000298023224,
            "4": 0.20000000298023224,
            "5": 0.20000000298023224
          }
        }
      },
      "t6": {
        "rowCount": 20,
        "mostCommonFrequencies": {
          "a": {
            "1": 0.20000000298023224,
            "2": 0.20000000298023224,
            "3": 0.20000000298023224,
            "4": 0.20000000298023224,
            "5": 0.20000000298023224
          },
          "b": {
            "1": 0.20000000298023224,
            "2": 0.20000000298023224,
            "3": 0.20000000298023224,
            "4": 0.20000000298023224,
            "5": 0.20000000298023224
          }
        }
      },
      "t7": {
        "rowCount": 0,
        "mostCommonFrequencies": {}
      },
      "t8": {
        "rowCount": 20,
        "mostCommonFrequencies": {
          "a": {
            "1": 0.20000000298023224,
            "2": 0.20000000298023224,
            "3": 0.20000000298023224,
            "4": 0.20000000298023224,
            "5": 0.20000000298023224
          },
          "b": {
            "1": 0.20000000298023224,
            "2": 0.20000000298023224,
            "3": 0.20000000298023224,
            "4": 0.20000000298023224,
            "5": 0.20000000298023224
          }
        }
      },
      "t1": {
        "rowCount": 20,
        "mostCommonFrequencies": {
          "a": {
            "1": 0.20000000298023224,
            "2": 0.20000000298023224,
            "3": 0.20000000298023224,
            "4": 0.20000000298023224,
            "5": 0.20000000298023224
          },
          "b": {
            "1": 0.20000000298023224,
            "2": 0.20000000298023224,
            "3": 0.20000000298023224,
            "4": 0.20000000298023224,
            "5": 0.20000000298023224
          }
        }
      },
      "t2": {
        "rowCount": 20,
        "mostCommonFrequencies": {
          "a": {
            "1": 0.20000000298023224,
            "2": 0.20000000298023224,
            "3": 0.20000000298023224,
            "4": 0.20000000298023224,
            "5": 0.20000000298023224
          },
          "b": {
            "1": 0.20000000298023224,
            "2": 0.20000000298023224,
            "3": 0.20000000298023224,
            "4": 0.20000000298023224,
            "5": 0.20000000298023224
          }
        }
      },
      "t3": {
        "rowCount": 20,
        "mostCommonFrequencies": {
          "a": {
            "1": 0.20000000298023224,
            "2": 0.20000000298023224,
            "3": 0.20000000298023224,
            "4": 0.20000000298023224,
            "5": 0.20000000298023224
          },
          "b": {
            "1": 0.20000000298023224,
            "2": 0.20000000298023224,
            "3": 0.20000000298023224,
            "4": 0.20000000298023224,
            "5": 0.20000000298023224
          }
        }
      }
    },
    "orderedEdges": [
      {
        "name": "t6",
        "nodes": [
          "X14",
          "X13"
        ]
      },
      {
        "name": "t2",
        "nodes": [
          "X14",
          "X5"
        ]
      },
      {
        "name": "t1",
        "nodes": [
          "X11",
          "X14"
        ]
      },
      {
        "name": "t8",
        "nodes": [
          "X9",
          "X14"
        ]
      },
      {
        "name": "t3",
        "nodes": [
          "X14",
          "X7"
        ]
      },
      {
        "name": "t5",
        "nodes": [
          "X14",
          "X3"
        ]
      },
      {
        "name": "t4",
        "nodes": [
          "X1",
          "X14"
        ]
      },
      {
        "name": "t7",
        "nodes": [
          "X14",
          "X15"
        ]
      }
    ],
    "edges": [
      {
        "name": "t6",
        "nodes": [
          "X14",
          "X13"
        ]
      },
      {
        "name": "t2",
        "nodes": [
          "X14",
          "X5"
        ]
      },
      {
        "name": "t1",
        "nodes": [
          "X11",
          "X14"
        ]
      },
      {
        "name": "t8",
        "nodes": [
          "X9",
          "X14"
        ]
      },
      {
        "name": "t3",
        "nodes": [
          "X14",
          "X7"
        ]
      },
      {
        "name": "t5",
        "nodes": [
          "X14",
          "X3"
        ]
      },
      {
        "name": "t4",
        "nodes": [
          "X1",
          "X14"
        ]
      },
      {
        "name": "t7",
        "nodes": [
          "X14",
          "X15"
        ]
      }
    ],
    "nodes": [
      "X9",
      "X1",
      "X11",
      "X14",
      "X13",
      "X3",
      "X5",
      "X15",
      "X7"
    ],
    "edgesByName": {
      "t4": {
        "name": "t4",
        "nodes": [
          "X1",
          "X14"
        ]
      },
      "t5": {
        "name": "t5",
        "nodes": [
          "X14",
          "X3"
        ]
      },
      "t6": {
        "name": "t6",
        "nodes": [
          "X14",
          "X13"
        ]
      },
      "t7": {
        "name": "t7",
        "nodes": [
          "X14",
          "X15"
        ]
      },
      "t8": {
        "name": "t8",
        "nodes": [
          "X9",
          "X14"
        ]
      },
      "t1": {
        "name": "t1",
        "nodes": [
          "X11",
          "X14"
        ]
      },
      "t2": {
        "name": "t2",
        "nodes": [
          "X14",
          "X5"
        ]
      },
      "t3": {
        "name": "t3",
        "nodes": [
          "X14",
          "X7"
        ]
      }
    },
    "columnToVariableMapping": {
      "t6.a": "X14",
      "t5.b": "X3",
      "t4.b": "X1",
      "t5.a": "X14",
      "t8.a": "X14",
      "t7.b": "X15",
      "t7.a": "X14",
      "t6.b": "X13",
      "t1.b": "X11",
      "t2.a": "X14",
      "t1.a": "X14",
      "t4.a": "X14",
      "t3.b": "X7",
      "t3.a": "X14",
      "t2.b": "X5",
      "t8.b": "X9"
    },
    "inverseEquivalenceMapping": {
      "X9": {
        "t8": [
          "b"
        ]
      },
      "X1": {
        "t4": [
          "b"
        ]
      },
      "X11": {
        "t1": [
          "b"
        ]
      },
      "X14": {
        "t4": [
          "a"
        ],
        "t5": [
          "a"
        ],
        "t6": [
          "a"
        ],
        "t7": [
          "a"
        ],
        "t8": [
          "a"
        ],
        "t1": [
          "a"
        ],
        "t2": [
          "a"
        ],
        "t3": [
          "a"
        ]
      },
      "X3": {
        "t5": [
          "b"
        ]
      },
      "X13": {
        "t6": [
          "b"
        ]
      },
      "X15": {
        "t7": [
          "b"
        ]
      },
      "X5": {
        "t2": [
          "b"
        ]
      },
      "X7": {
        "t3": [
          "b"
        ]
      }
    },
    "variableToColumnMapping": {
      "X9": [
        "t8.b"
      ],
      "X1": [
        "t4.b"
      ],
      "X11": [
        "t1.b"
      ],
      "X14": [
        "t6.a",
        "t5.a",
        "t8.a",
        "t7.a",
        "t2.a",
        "t1.a",
        "t4.a",
        "t3.a"
      ],
      "X3": [
        "t5.b"
      ],
      "X13": [
        "t6.b"
      ],
      "X15": [
        "t7.b"
      ],
      "X5": [
        "t2.b"
      ],
      "X7": [
        "t3.b"
      ]
    },
    "decompositionTree": {}
  },
  "joinTree": {
    "successors": [
      {
        "successors": [],
        "tables": [
          "t4"
        ],
        "attributes": [
          "X1",
          "X14"
        ]
      },
      {
        "successors": [],
        "tables": [
          "t6"
        ],
        "attributes": [
          "X14"
        ]
      },
      {
        "successors": [],
        "tables": [
          "t2"
        ],
        "attributes": [
          "X14",
          "X5"
        ]
      },
      {
        "successors": [],
        "tables": [
          "t1"
        ],
        "attributes": [
          "X14"
        ]
      },
      {
        "successors": [],
        "tables": [
          "t8"
        ],
        "attributes": [
          "X14"
        ]
      },
      {
        "successors": [],
        "tables": [
          "t3"
        ],
        "attributes": [
          "X14"
        ]
      },
      {
        "successors": [],
        "tables": [
          "t5"
        ],
        "attributes": [
          "X14",
          "X3"
        ]
      }
    ],
    "tables": [
      "t7"
    ],
    "attributes": [
      "X14"
    ]
  },
  "query": "SELECT t1.a, t2.b, t4.b, t5.b\nFROM t1, t2, t3, t4, t5, t6, t7, t8\nWHERE t1.a \u003d t2.a\nAND t2.a \u003d t3.a\nAND t3.a \u003d t4.a\nAND t4.a \u003d t5.a\nAND t5.a \u003d t1.a\nAND t6.a \u003d t7.a\nAND t7.a \u003d t8.a\nAND t8.a \u003d t6.a\nAND t7.a \u003d t3.a;"
}