lineitem,supplier,1350552000.000
supplier,region,7500.000
part,partsupp,3600000000.000
customer,204.000
orders,nation,5625000.000
customer,orders,5062500000.000
orders,partsupp,27000000000.000
part,region,150000.000
customer,part,675000000.000
orders,part,6750000000.000
region,5.000
orders,supplier,337500000.000
orders,lineitem,202582800000.000
customer,lineitem,20258280000.000
customer,partsupp,2700000000.000
supplier,part,45000000.000
customer,supplier,1349209.000
lineitem,partsupp,108044160000.000
orders,region,1125000.000
lineitem,region,4501840.000
lineitem,0.000
part,22.258
supplier,partsupp,180000000.000
region,partsupp,600000.000
nation,partsupp,3000000.000
nation,25.000
customer,nation,562500.000
supplier,4.000
orders,0.895
lineitem,nation,22509200.000
part,nation,750000.000
customer,region,112500.000
partsupp,0.003
supplier,nation,37500.000
nation,region,125.000
lineitem,part,27011040000.000
