{
  "conf": {
    "db": "tpc-h",
    "query": "extra.sql",
    "suffix": "balancedgo-01-01",
    "run": 1,
    "decompositionOptions": {
      "algorithm": "BALANCEDGO"
    },
    "queryTimeout": 100,
    "dbSize": 1,
    "parallel": true,
    "skipRows": true,
    "threadCount": 8,
    "booleanQuery": false,
    "useStatistics": true
  },
  "unoptimizedRuntime": 0,
  "optimizedTotalRuntime": 0,
  "optimizedQueryRuntime": 0,
  "optimizedQueryTimeout": true,
  "unoptimizedQueryTimeout": true,
  "optimizedResultCorrect": true,
  "unoptimizedColumns": 0,
  "optimizedColumns": 0,
  "unoptimizedRows": 0,
  "optimizedRows": 0,
  "hypergraph": {
    "weights": [
      {
        "bag": [
          {
            "name": "lineitem",
            "nodes": [
              "X50",
              "X60",
              "X52",
              "X51",
              "X54",
              "X53",
              "X45",
              "X56",
              "X55",
              "X36",
              "X47",
              "X58",
              "X57",
              "X49",
              "X48",
              "X59"
            ]
          },
          {
            "name": "supplier",
            "nodes": [
              "X30",
              "X32",
              "X31",
              "X34",
              "X33",
              "X47",
              "X35"
            ]
          }
        ],
        "weight": 1.350552E9
      },
      {
        "bag": [
          {
            "name": "supplier",
            "nodes": [
              "X30",
              "X32",
              "X31",
              "X34",
              "X33",
              "X47",
              "X35"
            ]
          },
          {
            "name": "region",
            "nodes": [
              "X16",
              "X27",
              "X28"
            ]
          }
        ],
        "weight": 7500.0
      },
      {
        "bag": [
          {
            "name": "part",
            "nodes": [
              "X41",
              "X40",
              "X43",
              "X42",
              "X44",
              "X36",
              "X38",
              "X37",
              "X39"
            ]
          },
          {
            "name": "partsupp",
            "nodes": [
              "X9",
              "X10",
              "X12",
              "X11",
              "X13"
            ]
          }
        ],
        "weight": 3.6E9
      },
      {
        "bag": [
          {
            "name": "customer",
            "nodes": [
              "X19",
              "X32",
              "X20",
              "X23",
              "X22",
              "X25",
              "X24",
              "X18"
            ]
          }
        ],
        "weight": 203.9999999881256
      },
      {
        "bag": [
          {
            "name": "orders",
            "nodes": [
              "X8",
              "X45",
              "X2",
              "X3",
              "X4",
              "X5",
              "X18",
              "X6",
              "X7"
            ]
          },
          {
            "name": "nation",
            "nodes": [
              "X32",
              "X16",
              "X15",
              "X17"
            ]
          }
        ],
        "weight": 5625000.0
      },
      {
        "bag": [
          {
            "name": "customer",
            "nodes": [
              "X19",
              "X32",
              "X20",
              "X23",
              "X22",
              "X25",
              "X24",
              "X18"
            ]
          },
          {
            "name": "orders",
            "nodes": [
              "X8",
              "X45",
              "X2",
              "X3",
              "X4",
              "X5",
              "X18",
              "X6",
              "X7"
            ]
          }
        ],
        "weight": 5.0625E9
      },
      {
        "bag": [
          {
            "name": "orders",
            "nodes": [
              "X8",
              "X45",
              "X2",
              "X3",
              "X4",
              "X5",
              "X18",
              "X6",
              "X7"
            ]
          },
          {
            "name": "partsupp",
            "nodes": [
              "X9",
              "X10",
              "X12",
              "X11",
              "X13"
            ]
          }
        ],
        "weight": 2.7E10
      },
      {
        "bag": [
          {
            "name": "part",
            "nodes": [
              "X41",
              "X40",
              "X43",
              "X42",
              "X44",
              "X36",
              "X38",
              "X37",
              "X39"
            ]
          },
          {
            "name": "region",
            "nodes": [
              "X16",
              "X27",
              "X28"
            ]
          }
        ],
        "weight": 150000.0
      },
      {
        "bag": [
          {
            "name": "customer",
            "nodes": [
              "X19",
              "X32",
              "X20",
              "X23",
              "X22",
              "X25",
              "X24",
              "X18"
            ]
          },
          {
            "name": "part",
            "nodes": [
              "X41",
              "X40",
              "X43",
              "X42",
              "X44",
              "X36",
              "X38",
              "X37",
              "X39"
            ]
          }
        ],
        "weight": 6.75E8
      },
      {
        "bag": [
          {
            "name": "orders",
            "nodes": [
              "X8",
              "X45",
              "X2",
              "X3",
              "X4",
              "X5",
              "X18",
              "X6",
              "X7"
            ]
          },
          {
            "name": "part",
            "nodes": [
              "X41",
              "X40",
              "X43",
              "X42",
              "X44",
              "X36",
              "X38",
              "X37",
              "X39"
            ]
          }
        ],
        "weight": 6.75E9
      },
      {
        "bag": [
          {
            "name": "region",
            "nodes": [
              "X16",
              "X27",
              "X28"
            ]
          }
        ],
        "weight": 5.0
      },
      {
        "bag": [
          {
            "name": "orders",
            "nodes": [
              "X8",
              "X45",
              "X2",
              "X3",
              "X4",
              "X5",
              "X18",
              "X6",
              "X7"
            ]
          },
          {
            "name": "supplier",
            "nodes": [
              "X30",
              "X32",
              "X31",
              "X34",
              "X33",
              "X47",
              "X35"
            ]
          }
        ],
        "weight": 3.375E8
      },
      {
        "bag": [
          {
            "name": "orders",
            "nodes": [
              "X8",
              "X45",
              "X2",
              "X3",
              "X4",
              "X5",
              "X18",
              "X6",
              "X7"
            ]
          },
          {
            "name": "lineitem",
            "nodes": [
              "X50",
              "X60",
              "X52",
              "X51",
              "X54",
              "X53",
              "X45",
              "X56",
              "X55",
              "X36",
              "X47",
              "X58",
              "X57",
              "X49",
              "X48",
              "X59"
            ]
          }
        ],
        "weight": 2.025828E11
      },
      {
        "bag": [
          {
            "name": "customer",
            "nodes": [
              "X19",
              "X32",
              "X20",
              "X23",
              "X22",
              "X25",
              "X24",
              "X18"
            ]
          },
          {
            "name": "lineitem",
            "nodes": [
              "X50",
              "X60",
              "X52",
              "X51",
              "X54",
              "X53",
              "X45",
              "X56",
              "X55",
              "X36",
              "X47",
              "X58",
              "X57",
              "X49",
              "X48",
              "X59"
            ]
          }
        ],
        "weight": 2.025828E10
      },
      {
        "bag": [
          {
            "name": "customer",
            "nodes": [
              "X19",
              "X32",
              "X20",
              "X23",
              "X22",
              "X25",
              "X24",
              "X18"
            ]
          },
          {
            "name": "partsupp",
            "nodes": [
              "X9",
              "X10",
              "X12",
              "X11",
              "X13"
            ]
          }
        ],
        "weight": 2.7E9
      },
      {
        "bag": [
          {
            "name": "supplier",
            "nodes": [
              "X30",
              "X32",
              "X31",
              "X34",
              "X33",
              "X47",
              "X35"
            ]
          },
          {
            "name": "part",
            "nodes": [
              "X41",
              "X40",
              "X43",
              "X42",
              "X44",
              "X36",
              "X38",
              "X37",
              "X39"
            ]
          }
        ],
        "weight": 4.5E7
      },
      {
        "bag": [
          {
            "name": "customer",
            "nodes": [
              "X19",
              "X32",
              "X20",
              "X23",
              "X22",
              "X25",
              "X24",
              "X18"
            ]
          },
          {
            "name": "supplier",
            "nodes": [
              "X30",
              "X32",
              "X31",
              "X34",
              "X33",
              "X47",
              "X35"
            ]
          }
        ],
        "weight": 1349208.999668047
      },
      {
        "bag": [
          {
            "name": "lineitem",
            "nodes": [
              "X50",
              "X60",
              "X52",
              "X51",
              "X54",
              "X53",
              "X45",
              "X56",
              "X55",
              "X36",
              "X47",
              "X58",
              "X57",
              "X49",
              "X48",
              "X59"
            ]
          },
          {
            "name": "partsupp",
            "nodes": [
              "X9",
              "X10",
              "X12",
              "X11",
              "X13"
            ]
          }
        ],
        "weight": 1.0804416E11
      },
      {
        "bag": [
          {
            "name": "orders",
            "nodes": [
              "X8",
              "X45",
              "X2",
              "X3",
              "X4",
              "X5",
              "X18",
              "X6",
              "X7"
            ]
          },
          {
            "name": "region",
            "nodes": [
              "X16",
              "X27",
              "X28"
            ]
          }
        ],
        "weight": 1125000.0
      },
      {
        "bag": [
          {
            "name": "lineitem",
            "nodes": [
              "X50",
              "X60",
              "X52",
              "X51",
              "X54",
              "X53",
              "X45",
              "X56",
              "X55",
              "X36",
              "X47",
              "X58",
              "X57",
              "X49",
              "X48",
              "X59"
            ]
          },
          {
            "name": "region",
            "nodes": [
              "X16",
              "X27",
              "X28"
            ]
          }
        ],
        "weight": 4501840.0
      },
      {
        "bag": [
          {
            "name": "lineitem",
            "nodes": [
              "X50",
              "X60",
              "X52",
              "X51",
              "X54",
              "X53",
              "X45",
              "X56",
              "X55",
              "X36",
              "X47",
              "X58",
              "X57",
              "X49",
              "X48",
              "X59"
            ]
          }
        ],
        "weight": 1.0219933878413974E-8
      },
      {
        "bag": [
          {
            "name": "part",
            "nodes": [
              "X41",
              "X40",
              "X43",
              "X42",
              "X44",
              "X36",
              "X38",
              "X37",
              "X39"
            ]
          }
        ],
        "weight": 22.258260933718763
      },
      {
        "bag": [
          {
            "name": "supplier",
            "nodes": [
              "X30",
              "X32",
              "X31",
              "X34",
              "X33",
              "X47",
              "X35"
            ]
          },
          {
            "name": "partsupp",
            "nodes": [
              "X9",
              "X10",
              "X12",
              "X11",
              "X13"
            ]
          }
        ],
        "weight": 1.8E8
      },
      {
        "bag": [
          {
            "name": "region",
            "nodes": [
              "X16",
              "X27",
              "X28"
            ]
          },
          {
            "name": "partsupp",
            "nodes": [
              "X9",
              "X10",
              "X12",
              "X11",
              "X13"
            ]
          }
        ],
        "weight": 600000.0
      },
      {
        "bag": [
          {
            "name": "nation",
            "nodes": [
              "X32",
              "X16",
              "X15",
              "X17"
            ]
          },
          {
            "name": "partsupp",
            "nodes": [
              "X9",
              "X10",
              "X12",
              "X11",
              "X13"
            ]
          }
        ],
        "weight": 3000000.0
      },
      {
        "bag": [
          {
            "name": "nation",
            "nodes": [
              "X32",
              "X16",
              "X15",
              "X17"
            ]
          }
        ],
        "weight": 25.00000037252903
      },
      {
        "bag": [
          {
            "name": "customer",
            "nodes": [
              "X19",
              "X32",
              "X20",
              "X23",
              "X22",
              "X25",
              "X24",
              "X18"
            ]
          },
          {
            "name": "nation",
            "nodes": [
              "X32",
              "X16",
              "X15",
              "X17"
            ]
          }
        ],
        "weight": 562500.0
      },
      {
        "bag": [
          {
            "name": "supplier",
            "nodes": [
              "X30",
              "X32",
              "X31",
              "X34",
              "X33",
              "X47",
              "X35"
            ]
          }
        ],
        "weight": 3.9999999422580004
      },
      {
        "bag": [
          {
            "name": "orders",
            "nodes": [
              "X8",
              "X45",
              "X2",
              "X3",
              "X4",
              "X5",
              "X18",
              "X6",
              "X7"
            ]
          }
        ],
        "weight": 0.895004534148955
      },
      {
        "bag": [
          {
            "name": "lineitem",
            "nodes": [
              "X50",
              "X60",
              "X52",
              "X51",
              "X54",
              "X53",
              "X45",
              "X56",
              "X55",
              "X36",
              "X47",
              "X58",
              "X57",
              "X49",
              "X48",
              "X59"
            ]
          },
          {
            "name": "nation",
            "nodes": [
              "X32",
              "X16",
              "X15",
              "X17"
            ]
          }
        ],
        "weight": 2.25092E7
      },
      {
        "bag": [
          {
            "name": "part",
            "nodes": [
              "X41",
              "X40",
              "X43",
              "X42",
              "X44",
              "X36",
              "X38",
              "X37",
              "X39"
            ]
          },
          {
            "name": "nation",
            "nodes": [
              "X32",
              "X16",
              "X15",
              "X17"
            ]
          }
        ],
        "weight": 750000.0
      },
      {
        "bag": [
          {
            "name": "customer",
            "nodes": [
              "X19",
              "X32",
              "X20",
              "X23",
              "X22",
              "X25",
              "X24",
              "X18"
            ]
          },
          {
            "name": "region",
            "nodes": [
              "X16",
              "X27",
              "X28"
            ]
          }
        ],
        "weight": 112500.0
      },
      {
        "bag": [
          {
            "name": "partsupp",
            "nodes": [
              "X9",
              "X10",
              "X12",
              "X11",
              "X13"
            ]
          }
        ],
        "weight": 0.0030888890687272796
      },
      {
        "bag": [
          {
            "name": "supplier",
            "nodes": [
              "X30",
              "X32",
              "X31",
              "X34",
              "X33",
              "X47",
              "X35"
            ]
          },
          {
            "name": "nation",
            "nodes": [
              "X32",
              "X16",
              "X15",
              "X17"
            ]
          }
        ],
        "weight": 37500.0
      },
      {
        "bag": [
          {
            "name": "nation",
            "nodes": [
              "X32",
              "X16",
              "X15",
              "X17"
            ]
          },
          {
            "name": "region",
            "nodes": [
              "X16",
              "X27",
              "X28"
            ]
          }
        ],
        "weight": 125.0
      },
      {
        "bag": [
          {
            "name": "lineitem",
            "nodes": [
              "X50",
              "X60",
              "X52",
              "X51",
              "X54",
              "X53",
              "X45",
              "X56",
              "X55",
              "X36",
              "X47",
              "X58",
              "X57",
              "X49",
              "X48",
              "X59"
            ]
          },
          {
            "name": "part",
            "nodes": [
              "X41",
              "X40",
              "X43",
              "X42",
              "X44",
              "X36",
              "X38",
              "X37",
              "X39"
            ]
          }
        ],
        "weight": 2.701104E10
      }
    ],
    "statistics": {
      "lineitem": {
        "rowCount": 900368,
        "mostCommonFrequencies": {
          "l_returnflag": {
            "A": 0.24713332951068878,
            "R": 0.24779999256134033,
            "N": 0.5050666928291321
          },
          "l_receiptdate": {
            "1994-12-15": 7.33333348762244E-4,
            "1993-12-02": 7.33333348762244E-4,
            "1994-10-30": 7.33333348762244E-4,
            "1995-06-09": 8.333333535119891E-4,
            "1995-11-13": 7.33333348762244E-4,
            "1992-09-05": 8.666666690260172E-4,
            "1996-11-24": 7.33333348762244E-4,
            "1995-03-29": 7.666666642762721E-4,
            "1998-07-27": 7.33333348762244E-4,
            "1998-02-12": 8.333333535119891E-4,
            "1995-09-20": 8.333333535119891E-4,
            "1994-04-04": 7.666666642762721E-4,
            "1997-11-11": 8.333333535119891E-4,
            "1994-02-28": 7.33333348762244E-4,
            "1995-07-25": 8.333333535119891E-4,
            "1994-11-13": 7.666666642762721E-4,
            "1994-10-22": 7.666666642762721E-4,
            "1995-07-08": 7.33333348762244E-4,
            "1994-07-11": 7.33333348762244E-4,
            "1993-12-19": 7.33333348762244E-4,
            "1996-01-15": 8.333333535119891E-4,
            "1993-06-12": 7.999999797903001E-4,
            "1997-08-21": 7.33333348762244E-4,
            "1993-06-06": 7.33333348762244E-4,
            "1995-01-19": 7.666666642762721E-4,
            "1994-09-07": 7.999999797903001E-4,
            "1993-11-14": 7.33333348762244E-4,
            "1998-07-19": 8.666666690260172E-4,
            "1994-06-15": 7.666666642762721E-4
          },
          "l_tax": {
            "0.08": 0.11086666584014893,
            "0.06": 0.11126666516065598,
            "0.07": 0.10840000212192535,
            "0.04": 0.11263333261013031,
            "0.05": 0.11193333566188812,
            "0.02": 0.11136666685342789,
            "0.03": 0.1114666685461998,
            "0.00": 0.11123333126306534,
            "0.01": 0.11083333194255829
          },
          "l_shipmode": {
            "RAIL      ": 0.14486666023731232,
            "FOB       ": 0.13840000331401825,
            "MAIL      ": 0.14243333041667938,
            "TRUCK     ": 0.1436000019311905,
            "AIR       ": 0.1430666595697403,
            "SHIP      ": 0.14303334057331085,
            "REG AIR   ": 0.1446000039577484
          },
          "l_suppkey": {
            "1336": 0.0011666666250675917,
            "431": 0.0010999999940395355,
            "751": 0.0010999999940395355,
            "653": 0.0010666666785255075,
            "82": 0.0011666666250675917,
            "1480": 0.0010999999940395355,
            "849": 0.0011333333095535636
          },
          "l_shipdate": {
            "1995-06-02": 7.999999797903001E-4,
            "1995-08-18": 8.333333535119891E-4,
            "1993-12-14": 7.666666642762721E-4,
            "1992-12-31": 7.33333348762244E-4,
            "1996-06-13": 7.33333348762244E-4,
            "1993-07-01": 7.33333348762244E-4,
            "1997-04-27": 8.333333535119891E-4,
            "1996-01-05": 8.666666690260172E-4,
            "1997-06-01": 7.666666642762721E-4,
            "1992-11-08": 8.999999845400453E-4,
            "1997-12-04": 8.333333535119891E-4,
            "1994-02-08": 8.333333535119891E-4,
            "1992-12-08": 7.33333348762244E-4,
            "1994-01-26": 7.33333348762244E-4,
            "1992-07-24": 7.666666642762721E-4,
            "1993-10-19": 7.666666642762721E-4,
            "1995-03-19": 7.666666642762721E-4,
            "1993-03-28": 7.33333348762244E-4,
            "1994-06-18": 7.666666642762721E-4,
            "1995-04-23": 7.33333348762244E-4,
            "1993-11-20": 7.666666642762721E-4,
            "1996-10-19": 7.33333348762244E-4
          },
          "l_commitdate": {
            "1994-12-24": 7.33333348762244E-4,
            "1996-04-17": 7.33333348762244E-4,
            "1996-05-05": 7.33333348762244E-4,
            "1996-02-11": 7.33333348762244E-4,
            "1997-03-10": 7.33333348762244E-4,
            "1992-06-23": 7.33333348762244E-4,
            "1998-04-20": 8.333333535119891E-4,
            "1992-08-01": 7.33333348762244E-4,
            "1998-04-02": 7.666666642762721E-4,
            "1994-03-22": 7.33333348762244E-4,
            "1995-05-29": 8.666666690260172E-4,
            "1998-06-08": 7.33333348762244E-4,
            "1995-01-24": 7.666666642762721E-4,
            "1994-05-15": 7.33333348762244E-4,
            "1994-01-06": 7.666666642762721E-4,
            "1997-10-11": 7.666666642762721E-4
          },
          "l_partkey": {
            "21785": 2.3333333956543356E-4,
            "12734": 2.3333333956543356E-4
          },
          "l_orderkey": {},
          "l_quantity": {
            "42.00": 0.020133333280682564,
            "17.00": 0.0200333334505558,
            "13.00": 0.02019999921321869,
            "32.00": 0.020266667008399963,
            "36.00": 0.020899999886751175,
            "3.00": 0.01979999989271164,
            "7.00": 0.019999999552965164,
            "27.00": 0.021566666662693024,
            "23.00": 0.020666666328907013,
            "46.00": 0.019700000062584877,
            "6.00": 0.020233333110809326,
            "37.00": 0.020133333280682564,
            "16.00": 0.01993333362042904,
            "12.00": 0.0201666671782732,
            "33.00": 0.01953333243727684,
            "2.00": 0.01886666752398014,
            "50.00": 0.019899999722838402,
            "26.00": 0.021199999377131462,
            "22.00": 0.020933333784341812,
            "43.00": 0.019733333960175514,
            "47.00": 0.019700000062584877,
            "38.00": 0.021700000390410423,
            "40.00": 0.02033333294093609,
            "15.00": 0.0203000009059906,
            "5.00": 0.017033332958817482,
            "11.00": 0.01953333243727684,
            "34.00": 0.019300000742077827,
            "1.00": 0.0201666671782732,
            "19.00": 0.019466666504740715,
            "9.00": 0.020400000736117363,
            "25.00": 0.01953333243727684,
            "30.00": 0.01876666583120823,
            "21.00": 0.019466666504740715,
            "44.00": 0.020633332431316376,
            "29.00": 0.019433332607150078,
            "48.00": 0.01899999938905239,
            "14.00": 0.021800000220537186,
            "39.00": 0.019466666504740715,
            "41.00": 0.02106666751205921,
            "4.00": 0.020866665989160538,
            "10.00": 0.018699999898672104,
            "20.00": 0.020533332601189613,
            "35.00": 0.020266667008399963,
            "18.00": 0.019166667014360428,
            "8.00": 0.019300000742077827,
            "28.00": 0.02006666734814644,
            "24.00": 0.02019999921321869,
            "31.00": 0.019433332607150078,
            "45.00": 0.019600000232458115,
            "49.00": 0.020866665989160538
          },
          "l_linestatus": {
            "F": 0.50163334608078,
            "O": 0.49836665391921997
          },
          "l_comment": {
            "posits. furiously": 1.6666666488163173E-4,
            " carefully": 1.6666666488163173E-4,
            " furiously": 1.6666666488163173E-4,
            " furiously ": 1.6666666488163173E-4
          },
          "l_extendedprice": {},
          "l_linenumber": {
            "1": 0.24743333458900452,
            "2": 0.21780000627040863,
            "3": 0.1759333312511444,
            "4": 0.14616666734218597,
            "5": 0.10606666654348373,
            "6": 0.06989999860525131,
            "7": 0.03669999912381172
          },
          "l_discount": {
            "0.08": 0.09070000052452087,
            "0.09": 0.09346666932106018,
            "0.06": 0.09076666831970215,
            "0.07": 0.09033333510160446,
            "0.04": 0.09316666424274445,
            "0.05": 0.09073333442211151,
            "0.02": 0.09273333102464676,
            "0.03": 0.09173333644866943,
            "0.00": 0.09099999815225601,
            "0.01": 0.08489999920129776,
            "0.10": 0.09046666324138641
          },
          "l_shipinstruct": {
            "COLLECT COD              ": 0.2515000104904175,
            "DELIVER IN PERSON        ": 0.24566666781902313,
            "NONE                     ": 0.25423333048820496,
            "TAKE BACK RETURN         ": 0.24860000610351562
          }
        }
      },
      "partsupp": {
        "rowCount": 120000,
        "mostCommonFrequencies": {
          "ps_suppkey": {
            "1264": 0.0010666666785255075,
            "191": 0.0010000000474974513,
            "140": 0.0010000000474974513,
            "1403": 0.0010333333630114794,
            "1436": 0.0010000000474974513,
            "1369": 0.0010000000474974513,
            "1027": 0.0010666666785255075,
            "487": 0.0010000000474974513,
            "367": 0.0010333333630114794,
            "730": 0.0010000000474974513,
            "423": 0.0010000000474974513,
            "215": 0.0011333333095535636,
            "1321": 0.0010666666785255075,
            "237": 0.0010000000474974513,
            "208": 0.0010333333630114794,
            "748": 0.0010000000474974513,
            "1408": 0.0010333333630114794,
            "42": 0.0010666666785255075
          },
          "ps_availqty": {
            "5144": 3.3333332976326346E-4,
            "6852": 3.000000142492354E-4,
            "9940": 3.000000142492354E-4,
            "3662": 3.000000142492354E-4,
            "9080": 3.000000142492354E-4,
            "1034": 3.000000142492354E-4,
            "2244": 3.000000142492354E-4,
            "4466": 3.3333332976326346E-4,
            "1935": 3.000000142492354E-4,
            "1957": 3.000000142492354E-4,
            "6344": 3.000000142492354E-4,
            "8820": 3.000000142492354E-4,
            "4188": 3.000000142492354E-4,
            "4221": 3.000000142492354E-4,
            "9995": 3.66666674381122E-4,
            "8368": 3.3333332976326346E-4,
            "9051": 3.000000142492354E-4,
            "3176": 3.000000142492354E-4,
            "1051": 3.000000142492354E-4,
            "1194": 3.000000142492354E-4,
            "5849": 3.000000142492354E-4,
            "5720": 3.000000142492354E-4,
            "9900": 3.66666674381122E-4,
            "6999": 3.000000142492354E-4,
            "7746": 3.000000142492354E-4,
            "826": 3.000000142492354E-4,
            "1649": 3.000000142492354E-4
          },
          "ps_comment": {},
          "ps_partkey": {},
          "ps_supplycost": {
            "583.23": 1.6666666488163173E-4
          }
        }
      },
      "nation": {
        "rowCount": 25,
        "mostCommonFrequencies": {
          "n_comment": {},
          "n_nationkey": {},
          "n_regionkey": {
            "0": 0.20000000298023224,
            "1": 0.20000000298023224,
            "2": 0.20000000298023224,
            "3": 0.20000000298023224,
            "4": 0.20000000298023224
          },
          "n_name": {}
        }
      },
      "supplier": {
        "rowCount": 1500,
        "mostCommonFrequencies": {
          "s_comment": {},
          "s_phone": {},
          "s_nationkey": {
            "22": 0.041333332657814026,
            "23": 0.03999999910593033,
            "24": 0.03533333167433739,
            "10": 0.04333333298563957,
            "11": 0.04466666653752327,
            "12": 0.041333332657814026,
            "13": 0.03133333474397659,
            "14": 0.03533333167433739,
            "15": 0.03933333232998848,
            "16": 0.03933333232998848,
            "17": 0.04066666588187218,
            "18": 0.04933333396911621,
            "19": 0.02800000086426735,
            "0": 0.03999999910593033,
            "1": 0.03400000184774399,
            "2": 0.04399999976158142,
            "3": 0.03266666829586029,
            "4": 0.041999999433755875,
            "5": 0.03333333507180214,
            "6": 0.036666665226221085,
            "7": 0.046666666865348816,
            "8": 0.046666666865348816,
            "9": 0.04466666653752327,
            "20": 0.04933333396911621,
            "21": 0.04066666588187218
          },
          "s_name": {},
          "s_address": {},
          "s_acctbal": {
            "7896.01": 0.0013333333190530539,
            "9189.82": 0.0013333333190530539
          },
          "s_suppkey": {}
        }
      },
      "part": {
        "rowCount": 30000,
        "mostCommonFrequencies": {
          "p_partkey": {},
          "p_container": {
            "LG CASE   ": 0.023633332923054695,
            "LG DRUM   ": 0.02473333291709423,
            "SM CASE   ": 0.023733332753181458,
            "SM DRUM   ": 0.025966666638851166,
            "JUMBO PKG ": 0.024533333256840706,
            "MED CAN   ": 0.026366665959358215,
            "MED BOX   ": 0.023399999365210533,
            "WRAP BAG  ": 0.02526666596531868,
            "MED CASE  ": 0.02696666680276394,
            "JUMBO DRUM": 0.02370000071823597,
            "MED PKG   ": 0.025166666135191917,
            "MED DRUM  ": 0.025800000876188278,
            "LG PKG    ": 0.024566667154431343,
            "SM PKG    ": 0.02446666732430458,
            "MED BAG   ": 0.024033334106206894,
            "MED JAR   ": 0.025200000032782555,
            "MED PACK  ": 0.024900000542402267,
            "SM PACK   ": 0.02446666732430458,
            "WRAP DRUM ": 0.024166665971279144,
            "LG PACK   ": 0.02500000037252903,
            "JUMBO BOX ": 0.024700000882148743,
            "SM JAR    ": 0.02513333410024643,
            "LG BAG    ": 0.024433333426713943,
            "WRAP JAR  ": 0.02563333325088024,
            "JUMBO PACK": 0.024800000712275505,
            "SM BAG    ": 0.024433333426713943,
            "JUMBO JAR ": 0.026100000366568565,
            "LG JAR    ": 0.025966666638851166,
            "WRAP PACK ": 0.024633333086967468,
            "WRAP CASE ": 0.026233334094285965,
            "JUMBO BAG ": 0.02566666714847088,
            "WRAP CAN  ": 0.024700000882148743,
            "WRAP PKG  ": 0.024633333086967468,
            "WRAP BOX  ": 0.023900000378489494,
            "LG BOX    ": 0.025166666135191917,
            "JUMBO CAN ": 0.026399999856948853,
            "JUMBO CASE": 0.02526666596531868,
            "SM CAN    ": 0.02293333411216736,
            "SM BOX    ": 0.0270666666328907,
            "LG CAN    ": 0.026133334264159203
          },
          "p_name": {},
          "p_comment": {
            "refull": 3.66666674381122E-4,
            "counts": 3.000000142492354E-4,
            "quickly": 3.000000142492354E-4,
            "y ironic ": 3.000000142492354E-4,
            " the ": 5.333333392627537E-4,
            "ecial ": 3.3333332976326346E-4,
            " ironi": 3.000000142492354E-4,
            " regul": 3.3333332976326346E-4,
            " iron": 3.9999998989515007E-4,
            "fully": 3.000000142492354E-4,
            "reful": 3.66666674381122E-4,
            "furiously": 3.000000142492354E-4,
            "posit": 2.6666666963137686E-4,
            "carefully": 2.6666666963137686E-4,
            "fully ": 3.3333332976326346E-4,
            " furious": 2.6666666963137686E-4,
            " accounts": 2.6666666963137686E-4,
            "kages": 2.6666666963137686E-4,
            "unusua": 2.6666666963137686E-4,
            "ironic ": 3.000000142492354E-4,
            "blithely ": 4.666666791308671E-4,
            "furio": 3.9999998989515007E-4,
            " final": 3.66666674381122E-4,
            "packa": 2.6666666963137686E-4,
            "uriously": 3.3333332976326346E-4,
            "onic ": 2.6666666963137686E-4,
            "slyly": 5.333333392627537E-4,
            " requ": 3.000000142492354E-4,
            "y ironi": 2.6666666963137686E-4,
            "arefully ": 3.66666674381122E-4,
            "lithel": 2.6666666963137686E-4,
            "iousl": 3.3333332976326346E-4,
            "areful": 3.000000142492354E-4,
            "equest": 3.000000142492354E-4,
            "ironi": 2.6666666963137686E-4,
            "regular": 3.66666674381122E-4,
            "y regula": 3.3333332976326346E-4,
            " carefull": 2.6666666963137686E-4,
            "arefull": 3.66666674381122E-4,
            " caref": 4.666666791308671E-4,
            "furiousl": 3.3333332976326346E-4,
            "usly ": 3.66666674381122E-4,
            "gular ": 3.3333332976326346E-4,
            " quickly": 3.66666674381122E-4,
            " regu": 2.6666666963137686E-4,
            "riously ": 2.6666666963137686E-4,
            "urious": 2.6666666963137686E-4,
            "lithely": 2.6666666963137686E-4,
            "ithely ": 3.000000142492354E-4,
            "quick": 2.6666666963137686E-4,
            "depos": 3.000000142492354E-4,
            "blith": 3.3333332976326346E-4,
            "egular ": 3.3333332976326346E-4,
            " slyly": 2.6666666963137686E-4,
            "y fina": 3.000000142492354E-4,
            "egular": 2.6666666963137686E-4,
            " carefully": 3.66666674381122E-4,
            "slyly ": 3.000000142492354E-4,
            " furi": 4.333333345130086E-4,
            " furiously": 4.666666791308671E-4,
            " deposi": 2.6666666963137686E-4,
            " regular": 3.9999998989515007E-4,
            "accou": 3.66666674381122E-4,
            " furio": 3.000000142492354E-4,
            "efully": 3.66666674381122E-4,
            "lyly ": 3.000000142492354E-4,
            "iously": 5.000000237487257E-4,
            "deposits": 2.6666666963137686E-4,
            "arefu": 3.9999998989515007E-4,
            " reques": 3.3333332976326346E-4,
            "the sl": 2.6666666963137686E-4,
            " slyl": 3.000000142492354E-4,
            "y ironic": 2.6666666963137686E-4,
            "final": 3.66666674381122E-4,
            " regula": 3.9999998989515007E-4,
            "ular ": 3.000000142492354E-4,
            "e bli": 2.6666666963137686E-4,
            "uickly ": 2.6666666963137686E-4,
            "ckages": 3.000000142492354E-4,
            " care": 3.3333332976326346E-4,
            "rious": 2.6666666963137686E-4,
            "furiously ": 2.6666666963137686E-4,
            "refully": 2.6666666963137686E-4,
            "ly eve": 2.6666666963137686E-4,
            "riously": 2.6666666963137686E-4,
            "carefully ": 3.000000142492354E-4,
            " even": 3.3333332976326346E-4,
            "ously": 2.6666666963137686E-4,
            "ickly ": 3.000000142492354E-4,
            "ronic": 4.666666791308671E-4,
            "y reg": 3.000000142492354E-4,
            "reque": 2.6666666963137686E-4,
            "ites ": 2.6666666963137686E-4,
            "carefu": 3.3333332976326346E-4,
            "regula": 3.66666674381122E-4,
            " acco": 2.6666666963137686E-4,
            "inal ": 2.6666666963137686E-4,
            "blithe": 2.6666666963137686E-4,
            "arefully": 3.9999998989515007E-4,
            " account": 2.6666666963137686E-4
          },
          "p_brand": {
            "Brand#42  ": 0.04153333231806755,
            "Brand#43  ": 0.03986666724085808,
            "Brand#21  ": 0.04089999943971634,
            "Brand#41  ": 0.039900001138448715,
            "Brand#23  ": 0.03906666487455368,
            "Brand#22  ": 0.038633331656455994,
            "Brand#25  ": 0.04100000113248825,
            "Brand#44  ": 0.038466665893793106,
            "Brand#24  ": 0.040300000458955765,
            "Brand#45  ": 0.039766665548086166,
            "Brand#15  ": 0.03999999910593033,
            "Brand#53  ": 0.04010000079870224,
            "Brand#54  ": 0.03903333470225334,
            "Brand#32  ": 0.03943333402276039,
            "Brand#51  ": 0.03843333199620247,
            "Brand#52  ": 0.04063333198428154,
            "Brand#31  ": 0.04013333469629288,
            "Brand#34  ": 0.04073333367705345,
            "Brand#11  ": 0.03906666487455368,
            "Brand#33  ": 0.04196666553616524,
            "Brand#12  ": 0.040566667914390564,
            "Brand#13  ": 0.040033333003520966,
            "Brand#55  ": 0.03986666724085808,
            "Brand#35  ": 0.04073333367705345,
            "Brand#14  ": 0.03983333334326744
          },
          "p_type": {
            "PROMO BRUSHED TIN": 0.006599999964237213,
            "PROMO POLISHED BRASS": 0.007199999876320362,
            "ECONOMY BURNISHED COPPER": 0.0066999997943639755,
            "SMALL BURNISHED NICKEL": 0.006833333522081375,
            "MEDIUM PLATED STEEL": 0.007400000002235174,
            "LARGE POLISHED COPPER": 0.007000000216066837,
            "MEDIUM PLATED TIN": 0.006766666658222675,
            "ECONOMY BURNISHED BRASS": 0.006633333396166563,
            "ECONOMY ANODIZED NICKEL": 0.006899999920278788,
            "LARGE ANODIZED TIN": 0.007566666696220636,
            "ECONOMY PLATED NICKEL": 0.006633333396166563,
            "SMALL BURNISHED BRASS": 0.0066999997943639755,
            "MEDIUM BRUSHED COPPER": 0.008033333346247673,
            "MEDIUM POLISHED COPPER": 0.006800000090152025,
            "MEDIUM POLISHED STEEL": 0.0066999997943639755,
            "ECONOMY POLISHED COPPER": 0.007233333308249712,
            "SMALL PLATED TIN": 0.006733333226293325,
            "STANDARD BRUSHED TIN": 0.006899999920278788,
            "PROMO BRUSHED STEEL": 0.00706666661426425,
            "SMALL ANODIZED COPPER": 0.0066999997943639755,
            "MEDIUM POLISHED NICKEL": 0.006500000134110451,
            "ECONOMY POLISHED STEEL": 0.006633333396166563,
            "MEDIUM PLATED NICKEL": 0.006566666532307863,
            "STANDARD BURNISHED TIN": 0.006566666532307863,
            "LARGE PLATED STEEL": 0.007199999876320362,
            "MEDIUM BRUSHED BRASS": 0.006966666784137487,
            "SMALL POLISHED COPPER": 0.006666666828095913,
            "STANDARD PLATED NICKEL": 0.006566666532307863,
            "ECONOMY BRUSHED NICKEL": 0.0066999997943639755,
            "LARGE PLATED COPPER": 0.0066999997943639755,
            "ECONOMY ANODIZED BRASS": 0.007000000216066837,
            "STANDARD ANODIZED COPPER": 0.006833333522081375,
            "LARGE BURNISHED COPPER": 0.006733333226293325,
            "ECONOMY BRUSHED STEEL": 0.006733333226293325,
            "MEDIUM ANODIZED STEEL": 0.006833333522081375,
            "SMALL BRUSHED TIN": 0.007799999788403511,
            "SMALL BRUSHED NICKEL": 0.006966666784137487,
            "SMALL BURNISHED TIN": 0.006899999920278788,
            "MEDIUM BURNISHED BRASS": 0.006599999964237213,
            "STANDARD PLATED STEEL": 0.006766666658222675,
            "SMALL ANODIZED STEEL": 0.007799999788403511,
            "SMALL POLISHED BRASS": 0.006566666532307863,
            "MEDIUM BRUSHED STEEL": 0.006666666828095913,
            "STANDARD POLISHED STEEL": 0.006633333396166563,
            "SMALL ANODIZED TIN": 0.0069333333522081375,
            "PROMO POLISHED COPPER": 0.007366666570305824,
            "MEDIUM POLISHED TIN": 0.006899999920278788,
            "PROMO BRUSHED BRASS": 0.007466666866093874,
            "LARGE BRUSHED BRASS": 0.007566666696220636,
            "STANDARD BURNISHED NICKEL": 0.007000000216066837,
            "ECONOMY PLATED COPPER": 0.006599999964237213,
            "MEDIUM BRUSHED NICKEL": 0.006866666488349438,
            "ECONOMY PLATED BRASS": 0.006633333396166563,
            "PROMO PLATED BRASS": 0.006866666488349438,
            "LARGE ANODIZED BRASS": 0.007266666740179062,
            "PROMO BRUSHED NICKEL": 0.006833333522081375,
            "ECONOMY POLISHED BRASS": 0.006800000090152025,
            "SMALL BRUSHED COPPER": 0.006899999920278788,
            "LARGE PLATED BRASS": 0.007366666570305824,
            "SMALL PLATED BRASS": 0.006899999920278788,
            "PROMO PLATED TIN": 0.006866666488349438,
            "STANDARD ANODIZED NICKEL": 0.007833333685994148,
            "STANDARD PLATED COPPER": 0.0071000000461936,
            "MEDIUM BURNISHED COPPER": 0.00786666665226221,
            "SMALL BURNISHED STEEL": 0.006666666828095913,
            "ECONOMY ANODIZED TIN": 0.00713333347812295,
            "SMALL BRUSHED BRASS": 0.006733333226293325,
            "MEDIUM PLATED COPPER": 0.006866666488349438,
            "SMALL PLATED NICKEL": 0.006966666784137487,
            "PROMO ANODIZED BRASS": 0.006533333566039801,
            "PROMO POLISHED NICKEL": 0.006533333566039801,
            "MEDIUM PLATED BRASS": 0.0070333331823349,
            "ECONOMY ANODIZED STEEL": 0.007499999832361937,
            "ECONOMY BRUSHED TIN": 0.007266666740179062,
            "ECONOMY POLISHED NICKEL": 0.006500000134110451,
            "PROMO BURNISHED BRASS": 0.007000000216066837,
            "LARGE POLISHED NICKEL": 0.007600000128149986,
            "LARGE BRUSHED TIN": 0.006633333396166563,
            "ECONOMY PLATED TIN": 0.0066999997943639755,
            "ECONOMY BURNISHED NICKEL": 0.006633333396166563,
            "SMALL BRUSHED STEEL": 0.0066999997943639755,
            "SMALL PLATED COPPER": 0.007633333560079336,
            "MEDIUM BURNISHED TIN": 0.006533333566039801,
            "SMALL BURNISHED COPPER": 0.0069333333522081375,
            "ECONOMY BRUSHED COPPER": 0.006533333566039801,
            "STANDARD BURNISHED STEEL": 0.006766666658222675,
            "LARGE ANODIZED STEEL": 0.006833333522081375,
            "STANDARD POLISHED BRASS": 0.006666666828095913,
            "SMALL POLISHED TIN": 0.0071000000461936,
            "STANDARD PLATED BRASS": 0.006866666488349438,
            "STANDARD BRUSHED STEEL": 0.006733333226293325,
            "MEDIUM BURNISHED STEEL": 0.007799999788403511,
            "LARGE POLISHED BRASS": 0.0066999997943639755,
            "STANDARD BURNISHED COPPER": 0.006866666488349438,
            "SMALL POLISHED NICKEL": 0.006533333566039801,
            "LARGE PLATED TIN": 0.006666666828095913,
            "PROMO POLISHED STEEL": 0.006599999964237213,
            "ECONOMY PLATED STEEL": 0.006866666488349438,
            "MEDIUM ANODIZED BRASS": 0.006566666532307863,
            "PROMO PLATED NICKEL": 0.006833333522081375
          },
          "p_retailprice": {
            "943.02": 3.3333332976326346E-4,
            "943.03": 3.3333332976326346E-4,
            "920.01": 3.3333332976326346E-4,
            "920.00": 3.3333332976326346E-4,
            "928.01": 3.3333332976326346E-4,
            "928.00": 3.3333332976326346E-4,
            "952.04": 3.3333332976326346E-4,
            "914.00": 3.3333332976326346E-4,
            "952.03": 3.3333332976326346E-4,
            "937.01": 3.3333332976326346E-4,
            "937.02": 3.3333332976326346E-4,
            "923.00": 3.3333332976326346E-4,
            "948.02": 3.3333332976326346E-4,
            "923.01": 3.3333332976326346E-4,
            "961.04": 3.3333332976326346E-4,
            "940.03": 3.3333332976326346E-4,
            "940.02": 3.3333332976326346E-4,
            "948.03": 3.3333332976326346E-4,
            "934.02": 3.3333332976326346E-4,
            "934.01": 3.3333332976326346E-4,
            "955.04": 3.3333332976326346E-4,
            "917.00": 3.3333332976326346E-4,
            "955.03": 3.3333332976326346E-4,
            "949.03": 3.3333332976326346E-4,
            "949.02": 3.3333332976326346E-4,
            "926.01": 3.3333332976326346E-4,
            "941.03": 3.3333332976326346E-4,
            "960.04": 3.3333332976326346E-4,
            "941.02": 3.3333332976326346E-4,
            "926.00": 3.3333332976326346E-4,
            "949.04": 3.3333332976326346E-4,
            "912.00": 3.3333332976326346E-4,
            "954.04": 3.3333332976326346E-4,
            "935.02": 3.3333332976326346E-4,
            "954.03": 3.3333332976326346E-4,
            "935.01": 3.3333332976326346E-4,
            "921.01": 3.3333332976326346E-4,
            "946.03": 3.3333332976326346E-4,
            "921.00": 3.3333332976326346E-4,
            "909.00": 3.3333332976326346E-4,
            "929.02": 3.3333332976326346E-4,
            "946.02": 3.3333332976326346E-4,
            "929.01": 3.3333332976326346E-4,
            "929.00": 3.3333332976326346E-4,
            "932.02": 3.3333332976326346E-4,
            "960.05": 3.3333332976326346E-4,
            "932.01": 3.3333332976326346E-4,
            "915.00": 3.3333332976326346E-4,
            "957.03": 3.3333332976326346E-4,
            "957.04": 3.3333332976326346E-4,
            "924.01": 3.3333332976326346E-4,
            "924.00": 3.3333332976326346E-4,
            "947.02": 3.3333332976326346E-4,
            "947.03": 3.3333332976326346E-4,
            "956.04": 3.3333332976326346E-4,
            "910.00": 3.3333332976326346E-4,
            "933.01": 3.3333332976326346E-4,
            "933.02": 3.3333332976326346E-4,
            "918.00": 3.3333332976326346E-4,
            "956.03": 3.3333332976326346E-4,
            "944.03": 3.3333332976326346E-4,
            "927.00": 3.3333332976326346E-4,
            "944.02": 3.3333332976326346E-4,
            "927.01": 3.3333332976326346E-4,
            "930.01": 3.3333332976326346E-4,
            "930.00": 3.3333332976326346E-4,
            "930.02": 3.3333332976326346E-4,
            "951.03": 3.3333332976326346E-4,
            "951.04": 3.3333332976326346E-4,
            "938.01": 3.3333332976326346E-4,
            "959.04": 3.3333332976326346E-4,
            "913.00": 3.3333332976326346E-4,
            "959.03": 3.3333332976326346E-4,
            "938.02": 3.3333332976326346E-4,
            "959.05": 3.3333332976326346E-4,
            "922.00": 3.3333332976326346E-4,
            "922.01": 3.3333332976326346E-4,
            "945.03": 3.3333332976326346E-4,
            "945.02": 3.3333332976326346E-4,
            "931.02": 3.3333332976326346E-4,
            "931.01": 3.3333332976326346E-4,
            "950.03": 3.3333332976326346E-4,
            "950.04": 3.3333332976326346E-4,
            "939.02": 3.3333332976326346E-4,
            "958.03": 3.3333332976326346E-4,
            "939.01": 3.3333332976326346E-4,
            "916.00": 3.3333332976326346E-4,
            "939.03": 3.3333332976326346E-4,
            "958.04": 3.3333332976326346E-4,
            "942.02": 3.3333332976326346E-4,
            "942.03": 3.3333332976326346E-4,
            "925.01": 3.3333332976326346E-4,
            "925.00": 3.3333332976326346E-4,
            "911.00": 3.3333332976326346E-4,
            "936.02": 3.3333332976326346E-4,
            "919.00": 3.3333332976326346E-4,
            "953.03": 3.3333332976326346E-4,
            "953.04": 3.3333332976326346E-4,
            "919.01": 3.3333332976326346E-4,
            "936.01": 3.3333332976326346E-4
          },
          "p_mfgr": {
            "Manufacturer#1           ": 0.19949999451637268,
            "Manufacturer#2           ": 0.19990000128746033,
            "Manufacturer#5           ": 0.19806666672229767,
            "Manufacturer#4           ": 0.19953332841396332,
            "Manufacturer#3           ": 0.2029999941587448
          },
          "p_size": {
            "44": 0.021033333614468575,
            "45": 0.02043333277106285,
            "46": 0.019600000232458115,
            "47": 0.020466666668653488,
            "48": 0.020866665989160538,
            "49": 0.017999999225139618,
            "50": 0.019466666504740715,
            "10": 0.019999999552965164,
            "11": 0.02226666733622551,
            "12": 0.019466666504740715,
            "13": 0.01940000057220459,
            "14": 0.019966667518019676,
            "15": 0.02083333395421505,
            "16": 0.020933333784341812,
            "17": 0.019766665995121002,
            "18": 0.018933333456516266,
            "19": 0.018400000408291817,
            "1": 0.020866665989160538,
            "2": 0.019966667518019676,
            "3": 0.019733333960175514,
            "4": 0.020466666668653488,
            "5": 0.01953333243727684,
            "6": 0.01940000057220459,
            "7": 0.020233333110809326,
            "8": 0.022099999710917473,
            "9": 0.020099999383091927,
            "20": 0.02163333259522915,
            "21": 0.020533332601189613,
            "22": 0.02056666649878025,
            "23": 0.020899999886751175,
            "24": 0.01899999938905239,
            "25": 0.018566666170954704,
            "26": 0.02160000056028366,
            "27": 0.020366666838526726,
            "28": 0.01953333243727684,
            "29": 0.018533334136009216,
            "30": 0.019866665825247765,
            "31": 0.01783333346247673,
            "32": 0.02006666734814644,
            "33": 0.019200000911951065,
            "34": 0.0209666658192873,
            "35": 0.020666666328907013,
            "36": 0.02006666734814644,
            "37": 0.01979999989271164,
            "38": 0.021266667172312737,
            "39": 0.019200000911951065,
            "40": 0.02106666751205921,
            "41": 0.019500000402331352,
            "42": 0.018033333122730255,
            "43": 0.01899999938905239
          }
        }
      },
      "orders": {
        "rowCount": 225000,
        "mostCommonFrequencies": {
          "o_orderstatus": {
            "P": 0.027899999171495438,
            "F": 0.48730000853538513,
            "O": 0.4848000109195709
          },
          "o_clerk": {
            "Clerk#000000699": 0.00143333338201046,
            "Clerk#000000106": 0.0015333333285525441,
            "Clerk#000000228": 0.001500000013038516,
            "Clerk#000000702": 0.001466666697524488,
            "Clerk#000000659": 0.0015333333285525441,
            "Clerk#000000968": 0.0015333333285525441,
            "Clerk#000000580": 0.001500000013038516,
            "Clerk#000000570": 0.0015999999595806003,
            "Clerk#000000332": 0.00143333338201046,
            "Clerk#000000365": 0.00143333338201046,
            "Clerk#000000399": 0.001500000013038516,
            "Clerk#000000641": 0.00143333338201046
          },
          "o_orderdate": {
            "1995-09-06": 8.333333535119891E-4,
            "1995-04-21": 7.33333348762244E-4,
            "1996-06-04": 7.666666642762721E-4,
            "1994-11-11": 7.999999797903001E-4,
            "1993-12-28": 7.33333348762244E-4,
            "1994-01-30": 7.999999797903001E-4,
            "1993-07-12": 7.33333348762244E-4,
            "1993-03-21": 7.999999797903001E-4,
            "1995-11-30": 9.333333582617342E-4,
            "1992-04-04": 7.33333348762244E-4,
            "1993-03-20": 7.33333348762244E-4,
            "1992-01-10": 7.999999797903001E-4,
            "1993-01-26": 7.666666642762721E-4,
            "1998-01-21": 7.666666642762721E-4,
            "1992-09-12": 7.33333348762244E-4,
            "1995-02-13": 7.33333348762244E-4,
            "1995-08-10": 7.33333348762244E-4,
            "1992-11-01": 7.33333348762244E-4,
            "1995-09-02": 7.999999797903001E-4,
            "1995-03-12": 7.33333348762244E-4,
            "1994-03-05": 8.999999845400453E-4
          },
          "o_shippriority": {
            "0": 1.0
          },
          "o_custkey": {
            "18850": 2.6666666963137686E-4,
            "21424": 2.6666666963137686E-4,
            "6991": 3.3333332976326346E-4,
            "20971": 2.6666666963137686E-4,
            "16918": 3.000000142492354E-4,
            "10459": 2.6666666963137686E-4,
            "11902": 2.6666666963137686E-4,
            "15106": 2.6666666963137686E-4,
            "14017": 3.000000142492354E-4,
            "12235": 2.6666666963137686E-4,
            "14971": 2.6666666963137686E-4,
            "17848": 2.6666666963137686E-4,
            "2905": 3.000000142492354E-4,
            "16753": 2.6666666963137686E-4,
            "17689": 3.66666674381122E-4,
            "20587": 3.000000142492354E-4,
            "21994": 2.6666666963137686E-4,
            "17137": 2.6666666963137686E-4,
            "17053": 2.6666666963137686E-4,
            "8029": 2.6666666963137686E-4,
            "9754": 2.6666666963137686E-4,
            "21238": 3.3333332976326346E-4,
            "10783": 2.6666666963137686E-4,
            "10981": 2.6666666963137686E-4,
            "13855": 3.000000142492354E-4,
            "17218": 3.3333332976326346E-4,
            "17104": 3.000000142492354E-4,
            "19045": 2.6666666963137686E-4,
            "9361": 2.6666666963137686E-4,
            "20479": 2.6666666963137686E-4,
            "2764": 3.000000142492354E-4,
            "7811": 2.6666666963137686E-4,
            "15403": 2.6666666963137686E-4,
            "418": 2.6666666963137686E-4,
            "15961": 2.6666666963137686E-4,
            "9916": 2.6666666963137686E-4,
            "21259": 2.6666666963137686E-4,
            "9136": 2.6666666963137686E-4,
            "5176": 2.6666666963137686E-4,
            "8485": 2.6666666963137686E-4,
            "21010": 2.6666666963137686E-4,
            "2341": 2.6666666963137686E-4,
            "11932": 2.6666666963137686E-4,
            "13717": 2.6666666963137686E-4,
            "10606": 2.6666666963137686E-4,
            "3544": 2.6666666963137686E-4,
            "17638": 2.6666666963137686E-4,
            "7108": 2.6666666963137686E-4,
            "19978": 3.000000142492354E-4
          },
          "o_totalprice": {},
          "o_orderkey": {},
          "o_comment": {},
          "o_orderpriority": {
            "4-NOT SPECIFIED": 0.20176666975021362,
            "3-MEDIUM       ": 0.19566667079925537,
            "2-HIGH         ": 0.2054000049829483,
            "5-LOW          ": 0.20160000026226044,
            "1-URGENT       ": 0.19556666910648346
          }
        }
      },
      "region": {
        "rowCount": 5,
        "mostCommonFrequencies": {
          "r_regionkey": {},
          "r_comment": {},
          "r_name": {}
        }
      },
      "customer": {
        "rowCount": 22500,
        "mostCommonFrequencies": {
          "c_custkey": {},
          "c_phone": {},
          "c_acctbal": {
            "-895.88": 8.888888987712562E-5,
            "-549.47": 8.888888987712562E-5,
            "389.48": 8.888888987712562E-5,
            "1375.03": 8.888888987712562E-5,
            "1830.15": 8.888888987712562E-5,
            "3024.57": 8.888888987712562E-5,
            "925.11": 8.888888987712562E-5,
            "1764.13": 8.888888987712562E-5,
            "1999.94": 8.888888987712562E-5,
            "3273.08": 8.888888987712562E-5,
            "3232.98": 8.888888987712562E-5,
            "1240.90": 1.3333333481568843E-4,
            "1524.63": 8.888888987712562E-5,
            "-743.83": 8.888888987712562E-5,
            "1237.93": 8.888888987712562E-5,
            "1836.91": 8.888888987712562E-5,
            "2502.09": 1.3333333481568843E-4,
            "505.59": 8.888888987712562E-5,
            "1062.43": 8.888888987712562E-5,
            "1938.05": 8.888888987712562E-5,
            "320.47": 8.888888987712562E-5,
            "1803.31": 8.888888987712562E-5,
            "3418.63": 8.888888987712562E-5,
            "891.15": 8.888888987712562E-5,
            "181.01": 8.888888987712562E-5,
            "-17.06": 8.888888987712562E-5,
            "3464.47": 8.888888987712562E-5,
            "1425.41": 8.888888987712562E-5,
            "-332.82": 8.888888987712562E-5,
            "2506.62": 8.888888987712562E-5,
            "1422.57": 8.888888987712562E-5,
            "2393.52": 8.888888987712562E-5,
            "572.04": 8.888888987712562E-5,
            "1876.04": 8.888888987712562E-5,
            "3208.80": 8.888888987712562E-5,
            "1376.67": 8.888888987712562E-5,
            "3055.76": 8.888888987712562E-5,
            "-22.67": 8.888888987712562E-5,
            "2152.05": 8.888888987712562E-5,
            "1371.05": 8.888888987712562E-5,
            "1753.49": 8.888888987712562E-5,
            "2942.19": 8.888888987712562E-5,
            "2959.12": 8.888888987712562E-5,
            "107.18": 8.888888987712562E-5,
            "-406.71": 8.888888987712562E-5,
            "0.97": 8.888888987712562E-5,
            "2558.94": 1.3333333481568843E-4,
            "-702.43": 8.888888987712562E-5,
            "3557.92": 8.888888987712562E-5,
            "1486.62": 8.888888987712562E-5,
            "2841.36": 8.888888987712562E-5,
            "-753.71": 8.888888987712562E-5,
            "2394.52": 8.888888987712562E-5,
            "-411.15": 8.888888987712562E-5,
            "418.53": 8.888888987712562E-5,
            "3102.77": 8.888888987712562E-5,
            "1787.52": 8.888888987712562E-5,
            "1157.44": 8.888888987712562E-5,
            "2045.36": 1.3333333481568843E-4,
            "511.93": 8.888888987712562E-5,
            "2206.06": 8.888888987712562E-5,
            "983.58": 8.888888987712562E-5,
            "3431.04": 8.888888987712562E-5,
            "-208.93": 8.888888987712562E-5,
            "3047.89": 8.888888987712562E-5,
            "1156.64": 8.888888987712562E-5,
            "3514.90": 8.888888987712562E-5,
            "-808.56": 8.888888987712562E-5,
            "3425.87": 8.888888987712562E-5,
            "-566.86": 8.888888987712562E-5,
            "122.71": 8.888888987712562E-5,
            "323.56": 8.888888987712562E-5,
            "2370.26": 8.888888987712562E-5,
            "-635.21": 8.888888987712562E-5,
            "-573.16": 8.888888987712562E-5,
            "1318.74": 8.888888987712562E-5,
            "1572.92": 8.888888987712562E-5,
            "448.49": 8.888888987712562E-5,
            "590.26": 8.888888987712562E-5,
            "3548.03": 8.888888987712562E-5,
            "727.09": 8.888888987712562E-5,
            "1699.94": 8.888888987712562E-5,
            "2412.67": 8.888888987712562E-5,
            "1122.02": 8.888888987712562E-5,
            "2476.50": 8.888888987712562E-5,
            "619.97": 8.888888987712562E-5,
            "262.04": 8.888888987712562E-5,
            "2962.98": 8.888888987712562E-5,
            "2031.93": 8.888888987712562E-5,
            "3565.11": 8.888888987712562E-5,
            "1277.97": 8.888888987712562E-5,
            "1921.72": 8.888888987712562E-5,
            "1843.30": 8.888888987712562E-5,
            "53.56": 8.888888987712562E-5,
            "1711.91": 8.888888987712562E-5,
            "2176.62": 8.888888987712562E-5,
            "1696.95": 8.888888987712562E-5,
            "3297.68": 8.888888987712562E-5,
            "3510.73": 8.888888987712562E-5,
            "-364.16": 8.888888987712562E-5
          },
          "c_mktsegment": {
            "FURNITURE ": 0.19528888165950775,
            "MACHINERY ": 0.20044444501399994,
            "HOUSEHOLD ": 0.20115555822849274,
            "AUTOMOBILE": 0.1984444409608841,
            "BUILDING  ": 0.20466665923595428
          },
          "c_address": {},
          "c_nationkey": {
            "22": 0.03808888792991638,
            "23": 0.04022222384810448,
            "24": 0.04106666520237923,
            "10": 0.04022222384810448,
            "11": 0.04266666620969772,
            "12": 0.04013333469629288,
            "13": 0.03951111063361168,
            "14": 0.04026666656136513,
            "15": 0.04035555571317673,
            "16": 0.041155554354190826,
            "17": 0.03911111131310463,
            "18": 0.04106666520237923,
            "19": 0.04035555571317673,
            "0": 0.03973333165049553,
            "1": 0.03995555639266968,
            "2": 0.03937777876853943,
            "3": 0.04013333469629288,
            "4": 0.041333332657814026,
            "5": 0.040711112320423126,
            "6": 0.03835555538535118,
            "7": 0.03955555707216263,
            "8": 0.03822222352027893,
            "9": 0.040800001472234726,
            "20": 0.037244442850351334,
            "21": 0.04035555571317673
          },
          "c_name": {},
          "c_comment": {}
        }
      }
    },
    "orderedEdges": [
      {
        "name": "customer",
        "nodes": [
          "X19",
          "X32",
          "X20",
          "X23",
          "X22",
          "X25",
          "X24",
          "X18"
        ]
      },
      {
        "name": "orders",
        "nodes": [
          "X8",
          "X45",
          "X2",
          "X3",
          "X4",
          "X5",
          "X18",
          "X6",
          "X7"
        ]
      },
      {
        "name": "lineitem",
        "nodes": [
          "X50",
          "X60",
          "X52",
          "X51",
          "X54",
          "X53",
          "X45",
          "X56",
          "X55",
          "X36",
          "X47",
          "X58",
          "X57",
          "X49",
          "X48",
          "X59"
        ]
      },
      {
        "name": "supplier",
        "nodes": [
          "X30",
          "X32",
          "X31",
          "X34",
          "X33",
          "X47",
          "X35"
        ]
      },
      {
        "name": "part",
        "nodes": [
          "X41",
          "X40",
          "X43",
          "X42",
          "X44",
          "X36",
          "X38",
          "X37",
          "X39"
        ]
      },
      {
        "name": "nation",
        "nodes": [
          "X32",
          "X16",
          "X15",
          "X17"
        ]
      },
      {
        "name": "region",
        "nodes": [
          "X16",
          "X27",
          "X28"
        ]
      },
      {
        "name": "partsupp",
        "nodes": [
          "X9",
          "X10",
          "X12",
          "X11",
          "X13"
        ]
      }
    ],
    "edges": [
      {
        "name": "customer",
        "nodes": [
          "X19",
          "X32",
          "X20",
          "X23",
          "X22",
          "X25",
          "X24",
          "X18"
        ]
      },
      {
        "name": "orders",
        "nodes": [
          "X8",
          "X45",
          "X2",
          "X3",
          "X4",
          "X5",
          "X18",
          "X6",
          "X7"
        ]
      },
      {
        "name": "lineitem",
        "nodes": [
          "X50",
          "X60",
          "X52",
          "X51",
          "X54",
          "X53",
          "X45",
          "X56",
          "X55",
          "X36",
          "X47",
          "X58",
          "X57",
          "X49",
          "X48",
          "X59"
        ]
      },
      {
        "name": "supplier",
        "nodes": [
          "X30",
          "X32",
          "X31",
          "X34",
          "X33",
          "X47",
          "X35"
        ]
      },
      {
        "name": "part",
        "nodes": [
          "X41",
          "X40",
          "X43",
          "X42",
          "X44",
          "X36",
          "X38",
          "X37",
          "X39"
        ]
      },
      {
        "name": "nation",
        "nodes": [
          "X32",
          "X16",
          "X15",
          "X17"
        ]
      },
      {
        "name": "region",
        "nodes": [
          "X16",
          "X27",
          "X28"
        ]
      },
      {
        "name": "partsupp",
        "nodes": [
          "X9",
          "X10",
          "X12",
          "X11",
          "X13"
        ]
      }
    ],
    "nodes": [
      "X19",
      "X60",
      "X20",
      "X23",
      "X22",
      "X25",
      "X24",
      "X27",
      "X28",
      "X30",
      "X32",
      "X31",
      "X34",
      "X33",
      "X36",
      "X35",
      "X38",
      "X37",
      "X39",
      "X41",
      "X40",
      "X43",
      "X42",
      "X45",
      "X44",
      "X2",
      "X47",
      "X3",
      "X4",
      "X49",
      "X5",
      "X48",
      "X6",
      "X7",
      "X8",
      "X9",
      "X50",
      "X52",
      "X51",
      "X10",
      "X54",
      "X53",
      "X12",
      "X56",
      "X11",
      "X55",
      "X58",
      "X13",
      "X57",
      "X16",
      "X15",
      "X59",
      "X18",
      "X17"
    ],
    "edgesByName": {
      "lineitem": {
        "name": "lineitem",
        "nodes": [
          "X50",
          "X60",
          "X52",
          "X51",
          "X54",
          "X53",
          "X45",
          "X56",
          "X55",
          "X36",
          "X47",
          "X58",
          "X57",
          "X49",
          "X48",
          "X59"
        ]
      },
      "partsupp": {
        "name": "partsupp",
        "nodes": [
          "X9",
          "X10",
          "X12",
          "X11",
          "X13"
        ]
      },
      "nation": {
        "name": "nation",
        "nodes": [
          "X32",
          "X16",
          "X15",
          "X17"
        ]
      },
      "supplier": {
        "name": "supplier",
        "nodes": [
          "X30",
          "X32",
          "X31",
          "X34",
          "X33",
          "X47",
          "X35"
        ]
      },
      "part": {
        "name": "part",
        "nodes": [
          "X41",
          "X40",
          "X43",
          "X42",
          "X44",
          "X36",
          "X38",
          "X37",
          "X39"
        ]
      },
      "orders": {
        "name": "orders",
        "nodes": [
          "X8",
          "X45",
          "X2",
          "X3",
          "X4",
          "X5",
          "X18",
          "X6",
          "X7"
        ]
      },
      "region": {
        "name": "region",
        "nodes": [
          "X16",
          "X27",
          "X28"
        ]
      },
      "customer": {
        "name": "customer",
        "nodes": [
          "X19",
          "X32",
          "X20",
          "X23",
          "X22",
          "X25",
          "X24",
          "X18"
        ]
      }
    },
    "columnToVariableMapping": {
      "part.p_brand": "X39",
      "customer.c_phone": "X22",
      "nation.n_name": "X15",
      "nation.n_comment": "X17",
      "lineitem.l_receiptdate": "X57",
      "lineitem.l_orderkey": "X45",
      "nation.n_nationkey": "X32",
      "orders.o_orderkey": "X45",
      "lineitem.l_extendedprice": "X50",
      "customer.c_custkey": "X18",
      "lineitem.l_suppkey": "X47",
      "part.p_comment": "X44",
      "part.p_name": "X37",
      "part.p_size": "X41",
      "lineitem.l_commitdate": "X56",
      "lineitem.l_linestatus": "X54",
      "supplier.s_acctbal": "X34",
      "part.p_container": "X42",
      "region.r_name": "X27",
      "partsupp.ps_supplycost": "X12",
      "orders.o_orderpriority": "X5",
      "supplier.s_comment": "X35",
      "lineitem.l_discount": "X51",
      "lineitem.l_quantity": "X49",
      "lineitem.l_partkey": "X36",
      "customer.c_comment": "X25",
      "region.r_comment": "X28",
      "orders.o_orderdate": "X4",
      "supplier.s_phone": "X33",
      "customer.c_address": "X20",
      "partsupp.ps_suppkey": "X10",
      "lineitem.l_linenumber": "X48",
      "part.p_mfgr": "X38",
      "partsupp.ps_partkey": "X9",
      "supplier.s_nationkey": "X32",
      "lineitem.l_shipinstruct": "X58",
      "supplier.s_address": "X31",
      "nation.n_regionkey": "X16",
      "lineitem.l_tax": "X52",
      "customer.c_mktsegment": "X24",
      "orders.o_orderstatus": "X2",
      "partsupp.ps_availqty": "X11",
      "part.p_type": "X40",
      "orders.o_totalprice": "X3",
      "supplier.s_name": "X30",
      "orders.o_custkey": "X18",
      "part.p_partkey": "X36",
      "orders.o_clerk": "X6",
      "customer.c_acctbal": "X23",
      "lineitem.l_returnflag": "X53",
      "lineitem.l_shipmode": "X59",
      "supplier.s_suppkey": "X47",
      "lineitem.l_shipdate": "X55",
      "orders.o_shippriority": "X7",
      "partsupp.ps_comment": "X13",
      "lineitem.l_comment": "X60",
      "customer.c_nationkey": "X32",
      "region.r_regionkey": "X16",
      "orders.o_comment": "X8",
      "customer.c_name": "X19",
      "part.p_retailprice": "X43"
    },
    "inverseEquivalenceMapping": {
      "X19": {
        "customer": [
          "c_name"
        ]
      },
      "X60": {
        "lineitem": [
          "l_comment"
        ]
      },
      "X20": {
        "customer": [
          "c_address"
        ]
      },
      "X23": {
        "customer": [
          "c_acctbal"
        ]
      },
      "X22": {
        "customer": [
          "c_phone"
        ]
      },
      "X25": {
        "customer": [
          "c_comment"
        ]
      },
      "X24": {
        "customer": [
          "c_mktsegment"
        ]
      },
      "X27": {
        "region": [
          "r_name"
        ]
      },
      "X28": {
        "region": [
          "r_comment"
        ]
      },
      "X30": {
        "supplier": [
          "s_name"
        ]
      },
      "X32": {
        "nation": [
          "n_nationkey"
        ],
        "supplier": [
          "s_nationkey"
        ],
        "customer": [
          "c_nationkey"
        ]
      },
      "X31": {
        "supplier": [
          "s_address"
        ]
      },
      "X34": {
        "supplier": [
          "s_acctbal"
        ]
      },
      "X33": {
        "supplier": [
          "s_phone"
        ]
      },
      "X36": {
        "lineitem": [
          "l_partkey"
        ],
        "part": [
          "p_partkey"
        ]
      },
      "X35": {
        "supplier": [
          "s_comment"
        ]
      },
      "X38": {
        "part": [
          "p_mfgr"
        ]
      },
      "X37": {
        "part": [
          "p_name"
        ]
      },
      "X39": {
        "part": [
          "p_brand"
        ]
      },
      "X41": {
        "part": [
          "p_size"
        ]
      },
      "X40": {
        "part": [
          "p_type"
        ]
      },
      "X43": {
        "part": [
          "p_retailprice"
        ]
      },
      "X42": {
        "part": [
          "p_container"
        ]
      },
      "X45": {
        "lineitem": [
          "l_orderkey"
        ],
        "orders": [
          "o_orderkey"
        ]
      },
      "X44": {
        "part": [
          "p_comment"
        ]
      },
      "X47": {
        "lineitem": [
          "l_suppkey"
        ],
        "supplier": [
          "s_suppkey"
        ]
      },
      "X2": {
        "orders": [
          "o_orderstatus"
        ]
      },
      "X3": {
        "orders": [
          "o_totalprice"
        ]
      },
      "X49": {
        "lineitem": [
          "l_quantity"
        ]
      },
      "X4": {
        "orders": [
          "o_orderdate"
        ]
      },
      "X5": {
        "orders": [
          "o_orderpriority"
        ]
      },
      "X48": {
        "lineitem": [
          "l_linenumber"
        ]
      },
      "X6": {
        "orders": [
          "o_clerk"
        ]
      },
      "X7": {
        "orders": [
          "o_shippriority"
        ]
      },
      "X8": {
        "orders": [
          "o_comment"
        ]
      },
      "X9": {
        "partsupp": [
          "ps_partkey"
        ]
      },
      "X50": {
        "lineitem": [
          "l_extendedprice"
        ]
      },
      "X52": {
        "lineitem": [
          "l_tax"
        ]
      },
      "X51": {
        "lineitem": [
          "l_discount"
        ]
      },
      "X54": {
        "lineitem": [
          "l_linestatus"
        ]
      },
      "X10": {
        "partsupp": [
          "ps_suppkey"
        ]
      },
      "X53": {
        "lineitem": [
          "l_returnflag"
        ]
      },
      "X56": {
        "lineitem": [
          "l_commitdate"
        ]
      },
      "X12": {
        "partsupp": [
          "ps_supplycost"
        ]
      },
      "X11": {
        "partsupp": [
          "ps_availqty"
        ]
      },
      "X55": {
        "lineitem": [
          "l_shipdate"
        ]
      },
      "X58": {
        "lineitem": [
          "l_shipinstruct"
        ]
      },
      "X57": {
        "lineitem": [
          "l_receiptdate"
        ]
      },
      "X13": {
        "partsupp": [
          "ps_comment"
        ]
      },
      "X16": {
        "nation": [
          "n_regionkey"
        ],
        "region": [
          "r_regionkey"
        ]
      },
      "X15": {
        "nation": [
          "n_name"
        ]
      },
      "X59": {
        "lineitem": [
          "l_shipmode"
        ]
      },
      "X18": {
        "orders": [
          "o_custkey"
        ],
        "customer": [
          "c_custkey"
        ]
      },
      "X17": {
        "nation": [
          "n_comment"
        ]
      }
    },
    "variableToColumnMapping": {
      "X19": [
        "customer.c_name"
      ],
      "X60": [
        "lineitem.l_comment"
      ],
      "X20": [
        "customer.c_address"
      ],
      "X23": [
        "customer.c_acctbal"
      ],
      "X22": [
        "customer.c_phone"
      ],
      "X25": [
        "customer.c_comment"
      ],
      "X24": [
        "customer.c_mktsegment"
      ],
      "X27": [
        "region.r_name"
      ],
      "X28": [
        "region.r_comment"
      ],
      "X30": [
        "supplier.s_name"
      ],
      "X32": [
        "nation.n_nationkey",
        "supplier.s_nationkey",
        "customer.c_nationkey"
      ],
      "X31": [
        "supplier.s_address"
      ],
      "X34": [
        "supplier.s_acctbal"
      ],
      "X33": [
        "supplier.s_phone"
      ],
      "X36": [
        "lineitem.l_partkey",
        "part.p_partkey"
      ],
      "X35": [
        "supplier.s_comment"
      ],
      "X38": [
        "part.p_mfgr"
      ],
      "X37": [
        "part.p_name"
      ],
      "X39": [
        "part.p_brand"
      ],
      "X41": [
        "part.p_size"
      ],
      "X40": [
        "part.p_type"
      ],
      "X43": [
        "part.p_retailprice"
      ],
      "X42": [
        "part.p_container"
      ],
      "X45": [
        "lineitem.l_orderkey",
        "orders.o_orderkey"
      ],
      "X44": [
        "part.p_comment"
      ],
      "X47": [
        "lineitem.l_suppkey",
        "supplier.s_suppkey"
      ],
      "X2": [
        "orders.o_orderstatus"
      ],
      "X3": [
        "orders.o_totalprice"
      ],
      "X49": [
        "lineitem.l_quantity"
      ],
      "X4": [
        "orders.o_orderdate"
      ],
      "X5": [
        "orders.o_orderpriority"
      ],
      "X48": [
        "lineitem.l_linenumber"
      ],
      "X6": [
        "orders.o_clerk"
      ],
      "X7": [
        "orders.o_shippriority"
      ],
      "X8": [
        "orders.o_comment"
      ],
      "X9": [
        "partsupp.ps_partkey"
      ],
      "X50": [
        "lineitem.l_extendedprice"
      ],
      "X52": [
        "lineitem.l_tax"
      ],
      "X51": [
        "lineitem.l_discount"
      ],
      "X54": [
        "lineitem.l_linestatus"
      ],
      "X10": [
        "partsupp.ps_suppkey"
      ],
      "X53": [
        "lineitem.l_returnflag"
      ],
      "X56": [
        "lineitem.l_commitdate"
      ],
      "X12": [
        "partsupp.ps_supplycost"
      ],
      "X11": [
        "partsupp.ps_availqty"
      ],
      "X55": [
        "lineitem.l_shipdate"
      ],
      "X58": [
        "lineitem.l_shipinstruct"
      ],
      "X57": [
        "lineitem.l_receiptdate"
      ],
      "X13": [
        "partsupp.ps_comment"
      ],
      "X16": [
        "nation.n_regionkey",
        "region.r_regionkey"
      ],
      "X15": [
        "nation.n_name"
      ],
      "X59": [
        "lineitem.l_shipmode"
      ],
      "X18": [
        "customer.c_custkey",
        "orders.o_custkey"
      ],
      "X17": [
        "nation.n_comment"
      ]
    },
    "decompositionTree": {}
  },
  "joinTree": {
    "successors": [
      {
        "successors": [],
        "tables": [
          "partsupp"
        ],
        "attributes": []
      },
      {
        "successors": [],
        "tables": [
          "nation"
        ],
        "attributes": [
          "X32",
          "X16",
          "X15"
        ]
      },
      {
        "successors": [
          {
            "successors": [],
            "tables": [
              "customer",
              "orders"
            ],
            "attributes": [
              "X32",
              "X45",
              "X18"
            ]
          },
          {
            "successors": [],
            "tables": [
              "part"
            ],
            "attributes": [
              "X36"
            ]
          }
        ],
        "tables": [
          "lineitem",
          "nation"
        ],
        "attributes": [
          "X50",
          "X51",
          "X32",
          "X45",
          "X36",
          "X47",
          "X16"
        ]
      }
    ],
    "tables": [
      "supplier",
      "region"
    ],
    "attributes": [
      "X32",
      "X47",
      "X16"
    ]
  },
  "query": "-- $ID$\n-- TPC-H/TPC-R Local Supplier Volume Query (Q5)\n-- Functional Query Definition\n-- Approved February 1998\nselect nation.n_name, lineitem.l_extendedprice, lineitem.l_discount\nfrom\n    customer,\n    orders,\n    lineitem,\n    supplier,\n    nation,\n    region,\n    part,\n    partsupp\nwhere c_custkey \u003d o_custkey\n  and l_orderkey \u003d o_orderkey\n  and l_suppkey \u003d s_suppkey\n  and c_nationkey \u003d s_nationkey\n  and s_nationkey \u003d n_nationkey\n  and n_regionkey \u003d r_regionkey\n  and p_partkey \u003d l_partkey;"
}