{
  "conf": {
    "db": "tpc-h",
    "query": "3-modified.sql",
    "suffix": "balancedgo-01-01",
    "run": 1,
    "decompositionOptions": {
      "algorithm": "BALANCEDGO"
    },
    "queryTimeout": 100,
    "dbSize": 1,
    "parallel": true,
    "skipRows": true,
    "threadCount": 8,
    "booleanQuery": false,
    "useStatistics": true
  },
  "unoptimizedRuntime": 786,
  "optimizedTotalRuntime": 2378,
  "optimizedQueryRuntime": 2258,
  "optimizedQueryTimeout": false,
  "unoptimizedQueryTimeout": false,
  "optimizedResultCorrect": true,
  "unoptimizedColumns": 5,
  "optimizedColumns": 5,
  "unoptimizedRows": 900368,
  "optimizedRows": 900368,
  "hypergraph": {
    "weights": [
      {
        "bag": [
          {
            "name": "orders",
            "nodes": [
              "X8",
              "X9",
              "X2",
              "X3",
              "X4",
              "X5",
              "X6",
              "X17",
              "X7"
            ]
          }
        ],
        "weight": 0.6533469649903347
      },
      {
        "bag": [
          {
            "name": "lineitem",
            "nodes": [
              "X19",
              "X30",
              "X21",
              "X32",
              "X20",
              "X31",
              "X23",
              "X22",
              "X25",
              "X24",
              "X27",
              "X26",
              "X18",
              "X29",
              "X17",
              "X28"
            ]
          }
        ],
        "weight": 1.6487128178718658E-9
      },
      {
        "bag": [
          {
            "name": "customer",
            "nodes": [
              "X9",
              "X10",
              "X12",
              "X11",
              "X14",
              "X13",
              "X16",
              "X15"
            ]
          }
        ],
        "weight": 203.9999999881256
      }
    ],
    "statistics": {
      "lineitem": {
        "rowCount": 900368,
        "mostCommonFrequencies": {
          "l_returnflag": {
            "A": 0.24553333222866058,
            "R": 0.25003331899642944,
            "N": 0.5044333338737488
          },
          "l_receiptdate": {
            "1996-06-19": 7.666666642762721E-4,
            "1995-09-08": 7.666666642762721E-4,
            "1994-09-10": 7.33333348762244E-4,
            "1996-02-14": 7.33333348762244E-4,
            "1996-04-21": 7.666666642762721E-4,
            "1994-03-31": 7.999999797903001E-4,
            "1992-05-16": 8.333333535119891E-4,
            "1996-03-29": 7.33333348762244E-4,
            "1996-01-29": 7.33333348762244E-4,
            "1998-01-20": 7.666666642762721E-4,
            "1995-03-18": 7.999999797903001E-4,
            "1996-09-21": 7.999999797903001E-4,
            "1995-05-14": 7.999999797903001E-4,
            "1996-10-06": 7.33333348762244E-4,
            "1995-04-23": 7.999999797903001E-4,
            "1996-11-29": 7.33333348762244E-4
          },
          "l_tax": {
            "0.08": 0.10943333059549332,
            "0.06": 0.11106666922569275,
            "0.07": 0.10903333127498627,
            "0.04": 0.11196666955947876,
            "0.05": 0.11020000278949738,
            "0.02": 0.11079999804496765,
            "0.03": 0.11233333498239517,
            "0.00": 0.11323333531618118,
            "0.01": 0.11193333566188812
          },
          "l_shipmode": {
            "RAIL      ": 0.14113333821296692,
            "FOB       ": 0.14429999887943268,
            "MAIL      ": 0.14363333582878113,
            "TRUCK     ": 0.14063332974910736,
            "SHIP      ": 0.14703333377838135,
            "AIR       ": 0.1404999941587448,
            "REG AIR   ": 0.14276666939258575
          },
          "l_suppkey": {
            "26": 0.0010999999940395355,
            "862": 0.0010666666785255075,
            "326": 0.0010666666785255075,
            "92": 0.0011333333095535636,
            "1183": 0.0010999999940395355
          },
          "l_shipdate": {
            "1996-03-03": 7.33333348762244E-4,
            "1997-01-16": 7.33333348762244E-4,
            "1996-07-08": 7.33333348762244E-4,
            "1996-03-16": 7.33333348762244E-4,
            "1994-10-13": 7.33333348762244E-4,
            "1996-09-18": 7.33333348762244E-4,
            "1995-07-08": 7.33333348762244E-4,
            "1995-12-19": 7.666666642762721E-4,
            "1994-11-09": 7.33333348762244E-4,
            "1995-12-15": 7.666666642762721E-4,
            "1996-01-27": 7.666666642762721E-4,
            "1994-10-04": 7.33333348762244E-4,
            "1997-07-15": 8.333333535119891E-4,
            "1992-07-13": 7.33333348762244E-4,
            "1993-02-22": 7.33333348762244E-4,
            "1995-04-29": 7.33333348762244E-4,
            "1995-01-15": 7.33333348762244E-4,
            "1998-05-28": 7.999999797903001E-4,
            "1997-11-12": 7.666666642762721E-4
          },
          "l_commitdate": {
            "1995-11-29": 8.666666690260172E-4,
            "1994-12-21": 7.999999797903001E-4,
            "1996-08-14": 7.999999797903001E-4,
            "1996-04-23": 7.33333348762244E-4,
            "1993-07-25": 7.33333348762244E-4,
            "1997-06-22": 7.33333348762244E-4,
            "1992-09-07": 7.33333348762244E-4,
            "1992-11-19": 7.33333348762244E-4,
            "1995-03-07": 7.666666642762721E-4,
            "1995-03-29": 7.666666642762721E-4,
            "1994-03-11": 7.33333348762244E-4,
            "1995-03-28": 7.666666642762721E-4,
            "1994-07-07": 7.33333348762244E-4,
            "1998-07-09": 8.666666690260172E-4,
            "1994-03-05": 7.999999797903001E-4,
            "1996-10-08": 7.33333348762244E-4
          },
          "l_partkey": {
            "421": 2.3333333956543356E-4
          },
          "l_orderkey": {},
          "l_quantity": {
            "42.00": 0.020866665989160538,
            "17.00": 0.019700000062584877,
            "13.00": 0.019300000742077827,
            "32.00": 0.02083333395421505,
            "3.00": 0.020666666328907013,
            "36.00": 0.020666666328907013,
            "7.00": 0.019033333286643028,
            "27.00": 0.019999999552965164,
            "23.00": 0.019366666674613953,
            "46.00": 0.02043333277106285,
            "6.00": 0.019633334130048752,
            "37.00": 0.0209666658192873,
            "16.00": 0.02019999921321869,
            "12.00": 0.019500000402331352,
            "33.00": 0.0200333334505558,
            "2.00": 0.019833333790302277,
            "50.00": 0.020233333110809326,
            "26.00": 0.020733334124088287,
            "22.00": 0.019300000742077827,
            "43.00": 0.018699999898672104,
            "47.00": 0.018833333626389503,
            "40.00": 0.020666666328907013,
            "5.00": 0.0200333334505558,
            "38.00": 0.019733333960175514,
            "15.00": 0.019500000402331352,
            "11.00": 0.020366666838526726,
            "34.00": 0.019766665995121002,
            "19.00": 0.019500000402331352,
            "1.00": 0.019033333286643028,
            "9.00": 0.020600000396370888,
            "25.00": 0.020500000566244125,
            "30.00": 0.01953333243727684,
            "21.00": 0.020600000396370888,
            "44.00": 0.01979999989271164,
            "48.00": 0.02056666649878025,
            "29.00": 0.020533332601189613,
            "14.00": 0.0201666671782732,
            "39.00": 0.019766665995121002,
            "41.00": 0.020266667008399963,
            "4.00": 0.018799999728798866,
            "10.00": 0.018966667354106903,
            "20.00": 0.022166667506098747,
            "35.00": 0.020133333280682564,
            "18.00": 0.018933333456516266,
            "8.00": 0.020366666838526726,
            "28.00": 0.02070000022649765,
            "24.00": 0.020366666838526726,
            "31.00": 0.01953333243727684,
            "45.00": 0.019866665825247765,
            "49.00": 0.020400000736117363
          },
          "l_linestatus": {
            "F": 0.5019999742507935,
            "O": 0.49799999594688416
          },
          "l_comment": {
            " carefully": 1.6666666488163173E-4,
            "carefully ": 1.6666666488163173E-4,
            "ccording to th": 1.6666666488163173E-4,
            " carefully ": 1.6666666488163173E-4
          },
          "l_extendedprice": {},
          "l_linenumber": {
            "1": 0.24959999322891235,
            "2": 0.21320000290870667,
            "3": 0.18129999935626984,
            "4": 0.1433333307504654,
            "5": 0.1049666702747345,
            "6": 0.07356666773557663,
            "7": 0.03403333202004433
          },
          "l_discount": {
            "0.08": 0.09166666865348816,
            "0.09": 0.08893333375453949,
            "0.06": 0.0940999984741211,
            "0.07": 0.09109999984502792,
            "0.04": 0.09200000017881393,
            "0.05": 0.09236666560173035,
            "0.02": 0.09233333170413971,
            "0.03": 0.08783333003520966,
            "0.00": 0.09096666425466537,
            "0.01": 0.09046666324138641,
            "0.10": 0.0882333368062973
          },
          "l_shipinstruct": {
            "COLLECT COD              ": 0.25163334608078003,
            "DELIVER IN PERSON        ": 0.24703332781791687,
            "NONE                     ": 0.2489333301782608,
            "TAKE BACK RETURN         ": 0.2524000108242035
          }
        }
      },
      "orders": {
        "rowCount": 225000,
        "mostCommonFrequencies": {
          "o_orderstatus": {
            "P": 0.025333333760499954,
            "F": 0.48693332076072693,
            "O": 0.4877333343029022
          },
          "o_clerk": {
            "Clerk#000000722": 0.001466666697524488,
            "Clerk#000000602": 0.001500000013038516,
            "Clerk#000000812": 0.001500000013038516,
            "Clerk#000000194": 0.0015999999595806003,
            "Clerk#000000150": 0.00143333338201046,
            "Clerk#000000791": 0.00143333338201046,
            "Clerk#000000210": 0.0015666666440665722,
            "Clerk#000000793": 0.001500000013038516,
            "Clerk#000000126": 0.00143333338201046
          },
          "o_orderdate": {
            "1994-12-02": 8.666666690260172E-4,
            "1996-04-28": 7.666666642762721E-4,
            "1994-11-25": 7.33333348762244E-4,
            "1996-01-03": 7.33333348762244E-4,
            "1996-08-29": 7.33333348762244E-4,
            "1996-07-15": 8.666666690260172E-4,
            "1995-06-18": 7.666666642762721E-4,
            "1996-05-03": 7.666666642762721E-4,
            "1994-09-14": 7.666666642762721E-4,
            "1998-07-21": 8.666666690260172E-4,
            "1992-03-24": 7.33333348762244E-4,
            "1993-06-24": 7.33333348762244E-4,
            "1992-03-15": 7.33333348762244E-4,
            "1994-12-06": 7.33333348762244E-4,
            "1995-11-21": 7.666666642762721E-4,
            "1997-12-05": 7.999999797903001E-4,
            "1992-01-31": 7.33333348762244E-4,
            "1993-04-17": 7.33333348762244E-4,
            "1995-05-18": 8.666666690260172E-4,
            "1995-01-15": 7.33333348762244E-4,
            "1995-04-16": 7.33333348762244E-4,
            "1994-04-16": 7.666666642762721E-4,
            "1995-06-23": 8.333333535119891E-4
          },
          "o_shippriority": {
            "0": 1.0
          },
          "o_custkey": {
            "13000": 3.000000142492354E-4,
            "16894": 2.6666666963137686E-4,
            "11185": 2.6666666963137686E-4,
            "2944": 2.6666666963137686E-4,
            "3559": 3.000000142492354E-4,
            "1810": 2.6666666963137686E-4,
            "16939": 2.6666666963137686E-4,
            "10615": 3.000000142492354E-4,
            "10537": 2.6666666963137686E-4,
            "22270": 2.6666666963137686E-4,
            "3610": 3.000000142492354E-4,
            "2587": 2.6666666963137686E-4,
            "22252": 2.6666666963137686E-4,
            "20173": 3.000000142492354E-4,
            "316": 2.6666666963137686E-4,
            "14512": 3.66666674381122E-4,
            "3631": 2.6666666963137686E-4,
            "17848": 3.3333332976326346E-4,
            "814": 2.6666666963137686E-4,
            "15763": 2.6666666963137686E-4,
            "10774": 3.3333332976326346E-4,
            "4207": 2.6666666963137686E-4,
            "13900": 2.6666666963137686E-4,
            "19129": 2.6666666963137686E-4,
            "5617": 2.6666666963137686E-4,
            "7792": 2.6666666963137686E-4,
            "16120": 2.6666666963137686E-4,
            "18400": 2.6666666963137686E-4,
            "6188": 2.6666666963137686E-4,
            "16246": 2.6666666963137686E-4,
            "9910": 3.000000142492354E-4,
            "19531": 2.6666666963137686E-4,
            "9754": 3.3333332976326346E-4,
            "3353": 2.6666666963137686E-4,
            "7174": 3.66666674381122E-4,
            "5293": 2.6666666963137686E-4,
            "4519": 2.6666666963137686E-4,
            "10306": 2.6666666963137686E-4,
            "18709": 3.000000142492354E-4,
            "3544": 2.6666666963137686E-4,
            "12907": 2.6666666963137686E-4,
            "11398": 2.6666666963137686E-4,
            "10963": 3.3333332976326346E-4
          },
          "o_totalprice": {},
          "o_orderkey": {},
          "o_comment": {},
          "o_orderpriority": {
            "4-NOT SPECIFIED": 0.19856666028499603,
            "3-MEDIUM       ": 0.19760000705718994,
            "2-HIGH         ": 0.20143333077430725,
            "5-LOW          ": 0.20123332738876343,
            "1-URGENT       ": 0.20116665959358215
          }
        }
      },
      "customer": {
        "rowCount": 22500,
        "mostCommonFrequencies": {
          "c_custkey": {},
          "c_phone": {},
          "c_acctbal": {
            "-895.88": 8.888888987712562E-5,
            "-549.47": 8.888888987712562E-5,
            "389.48": 8.888888987712562E-5,
            "1375.03": 8.888888987712562E-5,
            "1830.15": 8.888888987712562E-5,
            "3024.57": 8.888888987712562E-5,
            "925.11": 8.888888987712562E-5,
            "1764.13": 8.888888987712562E-5,
            "1999.94": 8.888888987712562E-5,
            "3273.08": 8.888888987712562E-5,
            "3232.98": 8.888888987712562E-5,
            "1240.90": 1.3333333481568843E-4,
            "1524.63": 8.888888987712562E-5,
            "-743.83": 8.888888987712562E-5,
            "1237.93": 8.888888987712562E-5,
            "1836.91": 8.888888987712562E-5,
            "2502.09": 1.3333333481568843E-4,
            "505.59": 8.888888987712562E-5,
            "1062.43": 8.888888987712562E-5,
            "1938.05": 8.888888987712562E-5,
            "320.47": 8.888888987712562E-5,
            "1803.31": 8.888888987712562E-5,
            "3418.63": 8.888888987712562E-5,
            "891.15": 8.888888987712562E-5,
            "181.01": 8.888888987712562E-5,
            "-17.06": 8.888888987712562E-5,
            "3464.47": 8.888888987712562E-5,
            "1425.41": 8.888888987712562E-5,
            "-332.82": 8.888888987712562E-5,
            "2506.62": 8.888888987712562E-5,
            "1422.57": 8.888888987712562E-5,
            "2393.52": 8.888888987712562E-5,
            "572.04": 8.888888987712562E-5,
            "1876.04": 8.888888987712562E-5,
            "3208.80": 8.888888987712562E-5,
            "1376.67": 8.888888987712562E-5,
            "3055.76": 8.888888987712562E-5,
            "-22.67": 8.888888987712562E-5,
            "2152.05": 8.888888987712562E-5,
            "1371.05": 8.888888987712562E-5,
            "1753.49": 8.888888987712562E-5,
            "2942.19": 8.888888987712562E-5,
            "2959.12": 8.888888987712562E-5,
            "107.18": 8.888888987712562E-5,
            "-406.71": 8.888888987712562E-5,
            "0.97": 8.888888987712562E-5,
            "2558.94": 1.3333333481568843E-4,
            "-702.43": 8.888888987712562E-5,
            "3557.92": 8.888888987712562E-5,
            "1486.62": 8.888888987712562E-5,
            "2841.36": 8.888888987712562E-5,
            "-753.71": 8.888888987712562E-5,
            "2394.52": 8.888888987712562E-5,
            "-411.15": 8.888888987712562E-5,
            "418.53": 8.888888987712562E-5,
            "3102.77": 8.888888987712562E-5,
            "1787.52": 8.888888987712562E-5,
            "1157.44": 8.888888987712562E-5,
            "2045.36": 1.3333333481568843E-4,
            "511.93": 8.888888987712562E-5,
            "2206.06": 8.888888987712562E-5,
            "983.58": 8.888888987712562E-5,
            "3431.04": 8.888888987712562E-5,
            "-208.93": 8.888888987712562E-5,
            "3047.89": 8.888888987712562E-5,
            "1156.64": 8.888888987712562E-5,
            "3514.90": 8.888888987712562E-5,
            "-808.56": 8.888888987712562E-5,
            "3425.87": 8.888888987712562E-5,
            "-566.86": 8.888888987712562E-5,
            "122.71": 8.888888987712562E-5,
            "323.56": 8.888888987712562E-5,
            "2370.26": 8.888888987712562E-5,
            "-635.21": 8.888888987712562E-5,
            "-573.16": 8.888888987712562E-5,
            "1318.74": 8.888888987712562E-5,
            "1572.92": 8.888888987712562E-5,
            "448.49": 8.888888987712562E-5,
            "590.26": 8.888888987712562E-5,
            "3548.03": 8.888888987712562E-5,
            "727.09": 8.888888987712562E-5,
            "1699.94": 8.888888987712562E-5,
            "2412.67": 8.888888987712562E-5,
            "1122.02": 8.888888987712562E-5,
            "2476.50": 8.888888987712562E-5,
            "619.97": 8.888888987712562E-5,
            "262.04": 8.888888987712562E-5,
            "2962.98": 8.888888987712562E-5,
            "2031.93": 8.888888987712562E-5,
            "3565.11": 8.888888987712562E-5,
            "1277.97": 8.888888987712562E-5,
            "1921.72": 8.888888987712562E-5,
            "1843.30": 8.888888987712562E-5,
            "53.56": 8.888888987712562E-5,
            "1711.91": 8.888888987712562E-5,
            "2176.62": 8.888888987712562E-5,
            "1696.95": 8.888888987712562E-5,
            "3297.68": 8.888888987712562E-5,
            "3510.73": 8.888888987712562E-5,
            "-364.16": 8.888888987712562E-5
          },
          "c_mktsegment": {
            "FURNITURE ": 0.19528888165950775,
            "MACHINERY ": 0.20044444501399994,
            "HOUSEHOLD ": 0.20115555822849274,
            "AUTOMOBILE": 0.1984444409608841,
            "BUILDING  ": 0.20466665923595428
          },
          "c_address": {},
          "c_nationkey": {
            "22": 0.03808888792991638,
            "23": 0.04022222384810448,
            "24": 0.04106666520237923,
            "10": 0.04022222384810448,
            "11": 0.04266666620969772,
            "12": 0.04013333469629288,
            "13": 0.03951111063361168,
            "14": 0.04026666656136513,
            "15": 0.04035555571317673,
            "16": 0.041155554354190826,
            "17": 0.03911111131310463,
            "18": 0.04106666520237923,
            "19": 0.04035555571317673,
            "0": 0.03973333165049553,
            "1": 0.03995555639266968,
            "2": 0.03937777876853943,
            "3": 0.04013333469629288,
            "4": 0.041333332657814026,
            "5": 0.040711112320423126,
            "6": 0.03835555538535118,
            "7": 0.03955555707216263,
            "8": 0.03822222352027893,
            "9": 0.040800001472234726,
            "20": 0.037244442850351334,
            "21": 0.04035555571317673
          },
          "c_name": {},
          "c_comment": {}
        }
      }
    },
    "orderedEdges": [
      {
        "name": "lineitem",
        "nodes": [
          "X19",
          "X30",
          "X21",
          "X32",
          "X20",
          "X31",
          "X23",
          "X22",
          "X25",
          "X24",
          "X27",
          "X26",
          "X18",
          "X29",
          "X17",
          "X28"
        ]
      },
      {
        "name": "customer",
        "nodes": [
          "X9",
          "X10",
          "X12",
          "X11",
          "X14",
          "X13",
          "X16",
          "X15"
        ]
      },
      {
        "name": "orders",
        "nodes": [
          "X8",
          "X9",
          "X2",
          "X3",
          "X4",
          "X5",
          "X6",
          "X17",
          "X7"
        ]
      }
    ],
    "edges": [
      {
        "name": "lineitem",
        "nodes": [
          "X19",
          "X30",
          "X21",
          "X32",
          "X20",
          "X31",
          "X23",
          "X22",
          "X25",
          "X24",
          "X27",
          "X26",
          "X18",
          "X29",
          "X17",
          "X28"
        ]
      },
      {
        "name": "customer",
        "nodes": [
          "X9",
          "X10",
          "X12",
          "X11",
          "X14",
          "X13",
          "X16",
          "X15"
        ]
      },
      {
        "name": "orders",
        "nodes": [
          "X8",
          "X9",
          "X2",
          "X3",
          "X4",
          "X5",
          "X6",
          "X17",
          "X7"
        ]
      }
    ],
    "nodes": [
      "X19",
      "X21",
      "X20",
      "X23",
      "X22",
      "X25",
      "X2",
      "X24",
      "X3",
      "X27",
      "X4",
      "X26",
      "X5",
      "X29",
      "X6",
      "X28",
      "X7",
      "X8",
      "X9",
      "X30",
      "X32",
      "X10",
      "X31",
      "X12",
      "X11",
      "X14",
      "X13",
      "X16",
      "X15",
      "X18",
      "X17"
    ],
    "edgesByName": {
      "lineitem": {
        "name": "lineitem",
        "nodes": [
          "X19",
          "X30",
          "X21",
          "X32",
          "X20",
          "X31",
          "X23",
          "X22",
          "X25",
          "X24",
          "X27",
          "X26",
          "X18",
          "X29",
          "X17",
          "X28"
        ]
      },
      "orders": {
        "name": "orders",
        "nodes": [
          "X8",
          "X9",
          "X2",
          "X3",
          "X4",
          "X5",
          "X6",
          "X17",
          "X7"
        ]
      },
      "customer": {
        "name": "customer",
        "nodes": [
          "X9",
          "X10",
          "X12",
          "X11",
          "X14",
          "X13",
          "X16",
          "X15"
        ]
      }
    },
    "columnToVariableMapping": {
      "customer.c_phone": "X13",
      "lineitem.l_shipinstruct": "X30",
      "lineitem.l_tax": "X24",
      "orders.o_orderstatus": "X2",
      "customer.c_mktsegment": "X15",
      "lineitem.l_receiptdate": "X29",
      "lineitem.l_orderkey": "X17",
      "lineitem.l_extendedprice": "X22",
      "customer.c_custkey": "X9",
      "orders.o_orderkey": "X17",
      "lineitem.l_suppkey": "X19",
      "orders.o_totalprice": "X3",
      "orders.o_custkey": "X9",
      "lineitem.l_commitdate": "X28",
      "orders.o_clerk": "X6",
      "lineitem.l_returnflag": "X25",
      "lineitem.l_linestatus": "X26",
      "customer.c_acctbal": "X14",
      "lineitem.l_shipmode": "X31",
      "lineitem.l_shipdate": "X27",
      "orders.o_shippriority": "X7",
      "orders.o_orderpriority": "X5",
      "lineitem.l_comment": "X32",
      "customer.c_nationkey": "X12",
      "lineitem.l_discount": "X23",
      "lineitem.l_quantity": "X21",
      "orders.o_comment": "X8",
      "lineitem.l_partkey": "X18",
      "customer.c_comment": "X16",
      "orders.o_orderdate": "X4",
      "customer.c_name": "X10",
      "customer.c_address": "X11",
      "lineitem.l_linenumber": "X20"
    },
    "inverseEquivalenceMapping": {
      "X19": {
        "lineitem": [
          "l_suppkey"
        ]
      },
      "X21": {
        "lineitem": [
          "l_quantity"
        ]
      },
      "X20": {
        "lineitem": [
          "l_linenumber"
        ]
      },
      "X23": {
        "lineitem": [
          "l_discount"
        ]
      },
      "X22": {
        "lineitem": [
          "l_extendedprice"
        ]
      },
      "X2": {
        "orders": [
          "o_orderstatus"
        ]
      },
      "X25": {
        "lineitem": [
          "l_returnflag"
        ]
      },
      "X24": {
        "lineitem": [
          "l_tax"
        ]
      },
      "X3": {
        "orders": [
          "o_totalprice"
        ]
      },
      "X27": {
        "lineitem": [
          "l_shipdate"
        ]
      },
      "X4": {
        "orders": [
          "o_orderdate"
        ]
      },
      "X26": {
        "lineitem": [
          "l_linestatus"
        ]
      },
      "X5": {
        "orders": [
          "o_orderpriority"
        ]
      },
      "X29": {
        "lineitem": [
          "l_receiptdate"
        ]
      },
      "X6": {
        "orders": [
          "o_clerk"
        ]
      },
      "X28": {
        "lineitem": [
          "l_commitdate"
        ]
      },
      "X7": {
        "orders": [
          "o_shippriority"
        ]
      },
      "X8": {
        "orders": [
          "o_comment"
        ]
      },
      "X9": {
        "orders": [
          "o_custkey"
        ],
        "customer": [
          "c_custkey"
        ]
      },
      "X30": {
        "lineitem": [
          "l_shipinstruct"
        ]
      },
      "X32": {
        "lineitem": [
          "l_comment"
        ]
      },
      "X10": {
        "customer": [
          "c_name"
        ]
      },
      "X31": {
        "lineitem": [
          "l_shipmode"
        ]
      },
      "X12": {
        "customer": [
          "c_nationkey"
        ]
      },
      "X11": {
        "customer": [
          "c_address"
        ]
      },
      "X14": {
        "customer": [
          "c_acctbal"
        ]
      },
      "X13": {
        "customer": [
          "c_phone"
        ]
      },
      "X16": {
        "customer": [
          "c_comment"
        ]
      },
      "X15": {
        "customer": [
          "c_mktsegment"
        ]
      },
      "X18": {
        "lineitem": [
          "l_partkey"
        ]
      },
      "X17": {
        "lineitem": [
          "l_orderkey"
        ],
        "orders": [
          "o_orderkey"
        ]
      }
    },
    "variableToColumnMapping": {
      "X19": [
        "lineitem.l_suppkey"
      ],
      "X21": [
        "lineitem.l_quantity"
      ],
      "X20": [
        "lineitem.l_linenumber"
      ],
      "X23": [
        "lineitem.l_discount"
      ],
      "X22": [
        "lineitem.l_extendedprice"
      ],
      "X2": [
        "orders.o_orderstatus"
      ],
      "X25": [
        "lineitem.l_returnflag"
      ],
      "X24": [
        "lineitem.l_tax"
      ],
      "X3": [
        "orders.o_totalprice"
      ],
      "X27": [
        "lineitem.l_shipdate"
      ],
      "X4": [
        "orders.o_orderdate"
      ],
      "X26": [
        "lineitem.l_linestatus"
      ],
      "X5": [
        "orders.o_orderpriority"
      ],
      "X29": [
        "lineitem.l_receiptdate"
      ],
      "X6": [
        "orders.o_clerk"
      ],
      "X28": [
        "lineitem.l_commitdate"
      ],
      "X7": [
        "orders.o_shippriority"
      ],
      "X8": [
        "orders.o_comment"
      ],
      "X9": [
        "customer.c_custkey",
        "orders.o_custkey"
      ],
      "X30": [
        "lineitem.l_shipinstruct"
      ],
      "X32": [
        "lineitem.l_comment"
      ],
      "X10": [
        "customer.c_name"
      ],
      "X31": [
        "lineitem.l_shipmode"
      ],
      "X12": [
        "customer.c_nationkey"
      ],
      "X11": [
        "customer.c_address"
      ],
      "X14": [
        "customer.c_acctbal"
      ],
      "X13": [
        "customer.c_phone"
      ],
      "X16": [
        "customer.c_comment"
      ],
      "X15": [
        "customer.c_mktsegment"
      ],
      "X18": [
        "lineitem.l_partkey"
      ],
      "X17": [
        "lineitem.l_orderkey",
        "orders.o_orderkey"
      ]
    },
    "decompositionTree": {}
  },
  "joinTree": {
    "successors": [
      {
        "successors": [],
        "tables": [
          "customer"
        ],
        "attributes": [
          "X9"
        ]
      },
      {
        "successors": [],
        "tables": [
          "lineitem"
        ],
        "attributes": [
          "X23",
          "X22",
          "X17"
        ]
      }
    ],
    "tables": [
      "orders"
    ],
    "attributes": [
      "X9",
      "X4",
      "X17",
      "X7"
    ]
  },
  "query": "select\n\tlineitem.l_orderkey,\n\tlineitem.l_extendedprice,\n\tlineitem.l_discount,\n\torders.o_orderdate,\n\torders.o_shippriority\nfrom\n\tcustomer,\n\torders,\n\tlineitem\nwhere c_custkey \u003d o_custkey\n\tand l_orderkey \u003d o_orderkey;"
}