{
  "conf": {
    "db": "db2",
    "query": "star.sql",
    "suffix": "balancedgo-02-01",
    "run": 1,
    "decompositionOptions": {
      "algorithm": "BALANCEDGO"
    },
    "queryTimeout": 100,
    "dbSize": 2,
    "parallel": true,
    "skipRows": true,
    "threadCount": 8,
    "booleanQuery": false,
    "useStatistics": true
  },
  "unoptimizedRuntime": 57,
  "optimizedTotalRuntime": 186,
  "optimizedQueryRuntime": 103,
  "optimizedQueryTimeout": false,
  "unoptimizedQueryTimeout": false,
  "optimizedResultCorrect": true,
  "unoptimizedColumns": 6,
  "optimizedColumns": 6,
  "unoptimizedRows": 0,
  "optimizedRows": 0,
  "hypergraph": {
    "weights": [
      {
        "bag": [
          {
            "name": "t11",
            "nodes": [
              "X2",
              "X14"
            ]
          }
        ],
        "weight": 20.00000059604645
      },
      {
        "bag": [
          {
            "name": "t1",
            "nodes": [
              "X14",
              "X15"
            ]
          }
        ],
        "weight": 20.00000059604645
      },
      {
        "bag": [
          {
            "name": "t6",
            "nodes": [
              "X19",
              "X14"
            ]
          }
        ],
        "weight": 20.00000059604645
      },
      {
        "bag": [
          {
            "name": "t4",
            "nodes": [
              "X1",
              "X14"
            ]
          }
        ],
        "weight": 20.00000059604645
      },
      {
        "bag": [
          {
            "name": "t8",
            "nodes": [
              "X21",
              "X13"
            ]
          }
        ],
        "weight": 20.00000059604645
      },
      {
        "bag": [
          {
            "name": "t7",
            "nodes": [
              "X19",
              "X21"
            ]
          }
        ],
        "weight": 0.0
      },
      {
        "bag": [
          {
            "name": "t9",
            "nodes": [
              "X14",
              "X17"
            ]
          }
        ],
        "weight": 20.00000059604645
      },
      {
        "bag": [
          {
            "name": "t5",
            "nodes": [
              "X1",
              "X5"
            ]
          }
        ],
        "weight": 20.00000059604645
      },
      {
        "bag": [
          {
            "name": "t3",
            "nodes": [
              "X9",
              "X14"
            ]
          }
        ],
        "weight": 20.00000059604645
      },
      {
        "bag": [
          {
            "name": "t10",
            "nodes": [
              "X11",
              "X14"
            ]
          }
        ],
        "weight": 20.00000059604645
      },
      {
        "bag": [
          {
            "name": "t2",
            "nodes": [
              "X14",
              "X7"
            ]
          }
        ],
        "weight": 20.00000059604645
      }
    ],
    "statistics": {
      "t4": {
        "rowCount": 20,
        "mostCommonFrequencies": {
          "a": {
            "1": 0.20000000298023224,
            "2": 0.20000000298023224,
            "3": 0.20000000298023224,
            "4": 0.20000000298023224,
            "5": 0.20000000298023224
          },
          "b": {
            "1": 0.20000000298023224,
            "2": 0.20000000298023224,
            "3": 0.20000000298023224,
            "4": 0.20000000298023224,
            "5": 0.20000000298023224
          }
        }
      },
      "t5": {
        "rowCount": 20,
        "mostCommonFrequencies": {
          "a": {
            "1": 0.20000000298023224,
            "2": 0.20000000298023224,
            "3": 0.20000000298023224,
            "4": 0.20000000298023224,
            "5": 0.20000000298023224
          },
          "b": {
            "1": 0.20000000298023224,
            "2": 0.20000000298023224,
            "3": 0.20000000298023224,
            "4": 0.20000000298023224,
            "5": 0.20000000298023224
          }
        }
      },
      "t6": {
        "rowCount": 20,
        "mostCommonFrequencies": {
          "a": {
            "1": 0.20000000298023224,
            "2": 0.20000000298023224,
            "3": 0.20000000298023224,
            "4": 0.20000000298023224,
            "5": 0.20000000298023224
          },
          "b": {
            "1": 0.20000000298023224,
            "2": 0.20000000298023224,
            "3": 0.20000000298023224,
            "4": 0.20000000298023224,
            "5": 0.20000000298023224
          }
        }
      },
      "t10": {
        "rowCount": 20,
        "mostCommonFrequencies": {
          "a": {
            "1": 0.20000000298023224,
            "2": 0.20000000298023224,
            "3": 0.20000000298023224,
            "4": 0.20000000298023224,
            "5": 0.20000000298023224
          },
          "b": {
            "1": 0.20000000298023224,
            "2": 0.20000000298023224,
            "3": 0.20000000298023224,
            "4": 0.20000000298023224,
            "5": 0.20000000298023224
          }
        }
      },
      "t7": {
        "rowCount": 0,
        "mostCommonFrequencies": {}
      },
      "t8": {
        "rowCount": 20,
        "mostCommonFrequencies": {
          "a": {
            "1": 0.20000000298023224,
            "2": 0.20000000298023224,
            "3": 0.20000000298023224,
            "4": 0.20000000298023224,
            "5": 0.20000000298023224
          },
          "b": {
            "1": 0.20000000298023224,
            "2": 0.20000000298023224,
            "3": 0.20000000298023224,
            "4": 0.20000000298023224,
            "5": 0.20000000298023224
          }
        }
      },
      "t9": {
        "rowCount": 20,
        "mostCommonFrequencies": {
          "a": {
            "1": 0.20000000298023224,
            "2": 0.20000000298023224,
            "3": 0.20000000298023224,
            "4": 0.20000000298023224,
            "5": 0.20000000298023224
          },
          "b": {
            "1": 0.20000000298023224,
            "2": 0.20000000298023224,
            "3": 0.20000000298023224,
            "4": 0.20000000298023224,
            "5": 0.20000000298023224
          }
        }
      },
      "t11": {
        "rowCount": 20,
        "mostCommonFrequencies": {
          "a": {
            "1": 0.20000000298023224,
            "2": 0.20000000298023224,
            "3": 0.20000000298023224,
            "4": 0.20000000298023224,
            "5": 0.20000000298023224
          },
          "b": {
            "1": 0.20000000298023224,
            "2": 0.20000000298023224,
            "3": 0.20000000298023224,
            "4": 0.20000000298023224,
            "5": 0.20000000298023224
          }
        }
      },
      "t1": {
        "rowCount": 20,
        "mostCommonFrequencies": {
          "a": {
            "1": 0.20000000298023224,
            "2": 0.20000000298023224,
            "3": 0.20000000298023224,
            "4": 0.20000000298023224,
            "5": 0.20000000298023224
          },
          "b": {
            "1": 0.20000000298023224,
            "2": 0.20000000298023224,
            "3": 0.20000000298023224,
            "4": 0.20000000298023224,
            "5": 0.20000000298023224
          }
        }
      },
      "t2": {
        "rowCount": 20,
        "mostCommonFrequencies": {
          "a": {
            "1": 0.20000000298023224,
            "2": 0.20000000298023224,
            "3": 0.20000000298023224,
            "4": 0.20000000298023224,
            "5": 0.20000000298023224
          },
          "b": {
            "1": 0.20000000298023224,
            "2": 0.20000000298023224,
            "3": 0.20000000298023224,
            "4": 0.20000000298023224,
            "5": 0.20000000298023224
          }
        }
      },
      "t3": {
        "rowCount": 20,
        "mostCommonFrequencies": {
          "a": {
            "1": 0.20000000298023224,
            "2": 0.20000000298023224,
            "3": 0.20000000298023224,
            "4": 0.20000000298023224,
            "5": 0.20000000298023224
          },
          "b": {
            "1": 0.20000000298023224,
            "2": 0.20000000298023224,
            "3": 0.20000000298023224,
            "4": 0.20000000298023224,
            "5": 0.20000000298023224
          }
        }
      }
    },
    "orderedEdges": [
      {
        "name": "t6",
        "nodes": [
          "X19",
          "X14"
        ]
      },
      {
        "name": "t9",
        "nodes": [
          "X14",
          "X17"
        ]
      },
      {
        "name": "t4",
        "nodes": [
          "X1",
          "X14"
        ]
      },
      {
        "name": "t5",
        "nodes": [
          "X1",
          "X5"
        ]
      },
      {
        "name": "t7",
        "nodes": [
          "X19",
          "X21"
        ]
      },
      {
        "name": "t3",
        "nodes": [
          "X9",
          "X14"
        ]
      },
      {
        "name": "t8",
        "nodes": [
          "X21",
          "X13"
        ]
      },
      {
        "name": "t2",
        "nodes": [
          "X14",
          "X7"
        ]
      },
      {
        "name": "t1",
        "nodes": [
          "X14",
          "X15"
        ]
      },
      {
        "name": "t10",
        "nodes": [
          "X11",
          "X14"
        ]
      },
      {
        "name": "t11",
        "nodes": [
          "X2",
          "X14"
        ]
      }
    ],
    "edges": [
      {
        "name": "t6",
        "nodes": [
          "X19",
          "X14"
        ]
      },
      {
        "name": "t9",
        "nodes": [
          "X14",
          "X17"
        ]
      },
      {
        "name": "t4",
        "nodes": [
          "X1",
          "X14"
        ]
      },
      {
        "name": "t5",
        "nodes": [
          "X1",
          "X5"
        ]
      },
      {
        "name": "t7",
        "nodes": [
          "X19",
          "X21"
        ]
      },
      {
        "name": "t3",
        "nodes": [
          "X9",
          "X14"
        ]
      },
      {
        "name": "t8",
        "nodes": [
          "X21",
          "X13"
        ]
      },
      {
        "name": "t2",
        "nodes": [
          "X14",
          "X7"
        ]
      },
      {
        "name": "t1",
        "nodes": [
          "X14",
          "X15"
        ]
      },
      {
        "name": "t10",
        "nodes": [
          "X11",
          "X14"
        ]
      },
      {
        "name": "t11",
        "nodes": [
          "X2",
          "X14"
        ]
      }
    ],
    "nodes": [
      "X9",
      "X19",
      "X21",
      "X1",
      "X11",
      "X14",
      "X2",
      "X13",
      "X15",
      "X5",
      "X7",
      "X17"
    ],
    "edgesByName": {
      "t4": {
        "name": "t4",
        "nodes": [
          "X1",
          "X14"
        ]
      },
      "t5": {
        "name": "t5",
        "nodes": [
          "X1",
          "X5"
        ]
      },
      "t6": {
        "name": "t6",
        "nodes": [
          "X19",
          "X14"
        ]
      },
      "t10": {
        "name": "t10",
        "nodes": [
          "X11",
          "X14"
        ]
      },
      "t7": {
        "name": "t7",
        "nodes": [
          "X19",
          "X21"
        ]
      },
      "t8": {
        "name": "t8",
        "nodes": [
          "X21",
          "X13"
        ]
      },
      "t9": {
        "name": "t9",
        "nodes": [
          "X14",
          "X17"
        ]
      },
      "t11": {
        "name": "t11",
        "nodes": [
          "X2",
          "X14"
        ]
      },
      "t1": {
        "name": "t1",
        "nodes": [
          "X14",
          "X15"
        ]
      },
      "t2": {
        "name": "t2",
        "nodes": [
          "X14",
          "X7"
        ]
      },
      "t3": {
        "name": "t3",
        "nodes": [
          "X9",
          "X14"
        ]
      }
    },
    "columnToVariableMapping": {
      "t6.a": "X14",
      "t5.b": "X5",
      "t4.b": "X1",
      "t5.a": "X1",
      "t8.a": "X21",
      "t7.b": "X21",
      "t6.b": "X19",
      "t7.a": "X19",
      "t2.a": "X14",
      "t1.b": "X15",
      "t1.a": "X14",
      "t3.b": "X9",
      "t4.a": "X14",
      "t3.a": "X14",
      "t2.b": "X7",
      "t9.b": "X17",
      "t9.a": "X14",
      "t8.b": "X13",
      "t11.b": "X14",
      "t10.b": "X11",
      "t11.a": "X2",
      "t10.a": "X14"
    },
    "inverseEquivalenceMapping": {
      "X19": {
        "t6": [
          "b"
        ],
        "t7": [
          "a"
        ]
      },
      "X9": {
        "t3": [
          "b"
        ]
      },
      "X21": {
        "t7": [
          "b"
        ],
        "t8": [
          "a"
        ]
      },
      "X1": {
        "t4": [
          "b"
        ],
        "t5": [
          "a"
        ]
      },
      "X11": {
        "t10": [
          "b"
        ]
      },
      "X14": {
        "t4": [
          "a"
        ],
        "t6": [
          "a"
        ],
        "t10": [
          "a"
        ],
        "t9": [
          "a"
        ],
        "t11": [
          "b"
        ],
        "t1": [
          "a"
        ],
        "t2": [
          "a"
        ],
        "t3": [
          "a"
        ]
      },
      "X2": {
        "t11": [
          "a"
        ]
      },
      "X13": {
        "t8": [
          "b"
        ]
      },
      "X5": {
        "t5": [
          "b"
        ]
      },
      "X15": {
        "t1": [
          "b"
        ]
      },
      "X7": {
        "t2": [
          "b"
        ]
      },
      "X17": {
        "t9": [
          "b"
        ]
      }
    },
    "variableToColumnMapping": {
      "X19": [
        "t6.b",
        "t7.a"
      ],
      "X9": [
        "t3.b"
      ],
      "X21": [
        "t8.a",
        "t7.b"
      ],
      "X1": [
        "t4.b",
        "t5.a"
      ],
      "X11": [
        "t10.b"
      ],
      "X14": [
        "t6.a",
        "t2.a",
        "t1.a",
        "t4.a",
        "t3.a",
        "t9.a",
        "t11.b",
        "t10.a"
      ],
      "X2": [
        "t11.a"
      ],
      "X13": [
        "t8.b"
      ],
      "X5": [
        "t5.b"
      ],
      "X15": [
        "t1.b"
      ],
      "X7": [
        "t2.b"
      ],
      "X17": [
        "t9.b"
      ]
    },
    "decompositionTree": {}
  },
  "joinTree": {
    "successors": [
      {
        "successors": [],
        "tables": [
          "t3"
        ],
        "attributes": [
          "X9",
          "X14"
        ]
      },
      {
        "successors": [],
        "tables": [
          "t2"
        ],
        "attributes": [
          "X14"
        ]
      },
      {
        "successors": [],
        "tables": [
          "t1"
        ],
        "attributes": [
          "X14",
          "X15"
        ]
      },
      {
        "successors": [],
        "tables": [
          "t10"
        ],
        "attributes": [
          "X14"
        ]
      },
      {
        "successors": [],
        "tables": [
          "t11"
        ],
        "attributes": [
          "X14"
        ]
      },
      {
        "successors": [],
        "tables": [
          "t9"
        ],
        "attributes": [
          "X14"
        ]
      },
      {
        "successors": [
          {
            "successors": [],
            "tables": [
              "t8"
            ],
            "attributes": [
              "X21",
              "X13"
            ]
          }
        ],
        "tables": [
          "t7"
        ],
        "attributes": [
          "X19",
          "X21"
        ]
      },
      {
        "successors": [
          {
            "successors": [],
            "tables": [
              "t5"
            ],
            "attributes": [
              "X1",
              "X5"
            ]
          }
        ],
        "tables": [
          "t4"
        ],
        "attributes": [
          "X1",
          "X14"
        ]
      }
    ],
    "tables": [
      "t6"
    ],
    "attributes": [
      "X19",
      "X14"
    ]
  },
  "query": "select t1.a, t1.b, t3.b, t5.b, t6.b, t8.b\nfrom t1, t2, t3, t4, t5, t6, t7, t8, t9, t10, t11\nwhere t1.a \u003d t2.a\nand t2.a \u003d t3.a\nand t3.a \u003d t4.a\nAND t4.b \u003d t5.a\nAND t3.a \u003d t6.a\nAND t6.b \u003d t7.a\nAND t7.b \u003d t8.a\nAND t6.a \u003d t9.a\nAND t2.a \u003d t10.a\nAND t10.a \u003d t11.b;"
}