nation,orders,5625000.000
region,orders,1125000.000
region,lineitem,4501840.000
region,5.000
nation,region,125.000
supplier,region,7500.000
nation,lineitem,22509200.000
nation,25.000
supplier,customer,1349209.000
supplier,orders,337500000.000
nation,supplier,37500.000
customer,204.000
lineitem,0.000
lineitem,orders,202582800000.000
customer,lineitem,20258280000.000
customer,region,112500.000
nation,customer,562500.000
orders,0.904
customer,orders,5062500000.000
supplier,4.000
supplier,lineitem,1350552000.000
