{
  "conf": {
    "db": "tpc-h",
    "query": "5-modified.sql",
    "suffix": "balancedgo-01-01",
    "run": 1,
    "decompositionOptions": {
      "algorithm": "BALANCEDGO"
    },
    "queryTimeout": 100,
    "dbSize": 1,
    "parallel": true,
    "skipRows": true,
    "threadCount": 8,
    "booleanQuery": false,
    "useStatistics": true
  },
  "unoptimizedRuntime": 151,
  "optimizedTotalRuntime": 2863,
  "optimizedQueryRuntime": 2716,
  "optimizedQueryTimeout": false,
  "unoptimizedQueryTimeout": false,
  "optimizedResultCorrect": true,
  "unoptimizedColumns": 3,
  "optimizedColumns": 3,
  "unoptimizedRows": 35908,
  "optimizedRows": 35908,
  "hypergraph": {
    "weights": [
      {
        "bag": [
          {
            "name": "nation",
            "nodes": [
              "X10",
              "X12",
              "X11",
              "X16"
            ]
          },
          {
            "name": "orders",
            "nodes": [
              "X8",
              "X31",
              "X2",
              "X13",
              "X3",
              "X4",
              "X5",
              "X6",
              "X7"
            ]
          }
        ],
        "weight": 5625000.0
      },
      {
        "bag": [
          {
            "name": "region",
            "nodes": [
              "X23",
              "X11",
              "X22"
            ]
          },
          {
            "name": "orders",
            "nodes": [
              "X8",
              "X31",
              "X2",
              "X13",
              "X3",
              "X4",
              "X5",
              "X6",
              "X7"
            ]
          }
        ],
        "weight": 1125000.0
      },
      {
        "bag": [
          {
            "name": "region",
            "nodes": [
              "X23",
              "X11",
              "X22"
            ]
          },
          {
            "name": "lineitem",
            "nodes": [
              "X41",
              "X40",
              "X32",
              "X43",
              "X31",
              "X42",
              "X34",
              "X45",
              "X33",
              "X44",
              "X36",
              "X35",
              "X46",
              "X38",
              "X37",
              "X39"
            ]
          }
        ],
        "weight": 4501840.0
      },
      {
        "bag": [
          {
            "name": "region",
            "nodes": [
              "X23",
              "X11",
              "X22"
            ]
          }
        ],
        "weight": 5.0
      },
      {
        "bag": [
          {
            "name": "nation",
            "nodes": [
              "X10",
              "X12",
              "X11",
              "X16"
            ]
          },
          {
            "name": "region",
            "nodes": [
              "X23",
              "X11",
              "X22"
            ]
          }
        ],
        "weight": 125.0
      },
      {
        "bag": [
          {
            "name": "supplier",
            "nodes": [
              "X30",
              "X33",
              "X25",
              "X16",
              "X26",
              "X29",
              "X28"
            ]
          },
          {
            "name": "region",
            "nodes": [
              "X23",
              "X11",
              "X22"
            ]
          }
        ],
        "weight": 7500.0
      },
      {
        "bag": [
          {
            "name": "nation",
            "nodes": [
              "X10",
              "X12",
              "X11",
              "X16"
            ]
          },
          {
            "name": "lineitem",
            "nodes": [
              "X41",
              "X40",
              "X32",
              "X43",
              "X31",
              "X42",
              "X34",
              "X45",
              "X33",
              "X44",
              "X36",
              "X35",
              "X46",
              "X38",
              "X37",
              "X39"
            ]
          }
        ],
        "weight": 2.25092E7
      },
      {
        "bag": [
          {
            "name": "nation",
            "nodes": [
              "X10",
              "X12",
              "X11",
              "X16"
            ]
          }
        ],
        "weight": 25.00000037252903
      },
      {
        "bag": [
          {
            "name": "supplier",
            "nodes": [
              "X30",
              "X33",
              "X25",
              "X16",
              "X26",
              "X29",
              "X28"
            ]
          },
          {
            "name": "customer",
            "nodes": [
              "X19",
              "X20",
              "X14",
              "X13",
              "X16",
              "X15",
              "X18",
              "X17"
            ]
          }
        ],
        "weight": 1349208.999668047
      },
      {
        "bag": [
          {
            "name": "supplier",
            "nodes": [
              "X30",
              "X33",
              "X25",
              "X16",
              "X26",
              "X29",
              "X28"
            ]
          },
          {
            "name": "orders",
            "nodes": [
              "X8",
              "X31",
              "X2",
              "X13",
              "X3",
              "X4",
              "X5",
              "X6",
              "X7"
            ]
          }
        ],
        "weight": 3.375E8
      },
      {
        "bag": [
          {
            "name": "nation",
            "nodes": [
              "X10",
              "X12",
              "X11",
              "X16"
            ]
          },
          {
            "name": "supplier",
            "nodes": [
              "X30",
              "X33",
              "X25",
              "X16",
              "X26",
              "X29",
              "X28"
            ]
          }
        ],
        "weight": 37500.0
      },
      {
        "bag": [
          {
            "name": "customer",
            "nodes": [
              "X19",
              "X20",
              "X14",
              "X13",
              "X16",
              "X15",
              "X18",
              "X17"
            ]
          }
        ],
        "weight": 203.9999999881256
      },
      {
        "bag": [
          {
            "name": "lineitem",
            "nodes": [
              "X41",
              "X40",
              "X32",
              "X43",
              "X31",
              "X42",
              "X34",
              "X45",
              "X33",
              "X44",
              "X36",
              "X35",
              "X46",
              "X38",
              "X37",
              "X39"
            ]
          }
        ],
        "weight": 1.1533219330906382E-5
      },
      {
        "bag": [
          {
            "name": "lineitem",
            "nodes": [
              "X41",
              "X40",
              "X32",
              "X43",
              "X31",
              "X42",
              "X34",
              "X45",
              "X33",
              "X44",
              "X36",
              "X35",
              "X46",
              "X38",
              "X37",
              "X39"
            ]
          },
          {
            "name": "orders",
            "nodes": [
              "X8",
              "X31",
              "X2",
              "X13",
              "X3",
              "X4",
              "X5",
              "X6",
              "X7"
            ]
          }
        ],
        "weight": 2.025828E11
      },
      {
        "bag": [
          {
            "name": "customer",
            "nodes": [
              "X19",
              "X20",
              "X14",
              "X13",
              "X16",
              "X15",
              "X18",
              "X17"
            ]
          },
          {
            "name": "lineitem",
            "nodes": [
              "X41",
              "X40",
              "X32",
              "X43",
              "X31",
              "X42",
              "X34",
              "X45",
              "X33",
              "X44",
              "X36",
              "X35",
              "X46",
              "X38",
              "X37",
              "X39"
            ]
          }
        ],
        "weight": 2.025828E10
      },
      {
        "bag": [
          {
            "name": "customer",
            "nodes": [
              "X19",
              "X20",
              "X14",
              "X13",
              "X16",
              "X15",
              "X18",
              "X17"
            ]
          },
          {
            "name": "region",
            "nodes": [
              "X23",
              "X11",
              "X22"
            ]
          }
        ],
        "weight": 112500.0
      },
      {
        "bag": [
          {
            "name": "nation",
            "nodes": [
              "X10",
              "X12",
              "X11",
              "X16"
            ]
          },
          {
            "name": "customer",
            "nodes": [
              "X19",
              "X20",
              "X14",
              "X13",
              "X16",
              "X15",
              "X18",
              "X17"
            ]
          }
        ],
        "weight": 562500.0
      },
      {
        "bag": [
          {
            "name": "orders",
            "nodes": [
              "X8",
              "X31",
              "X2",
              "X13",
              "X3",
              "X4",
              "X5",
              "X6",
              "X7"
            ]
          }
        ],
        "weight": 0.9044375581937798
      },
      {
        "bag": [
          {
            "name": "customer",
            "nodes": [
              "X19",
              "X20",
              "X14",
              "X13",
              "X16",
              "X15",
              "X18",
              "X17"
            ]
          },
          {
            "name": "orders",
            "nodes": [
              "X8",
              "X31",
              "X2",
              "X13",
              "X3",
              "X4",
              "X5",
              "X6",
              "X7"
            ]
          }
        ],
        "weight": 5.0625E9
      },
      {
        "bag": [
          {
            "name": "supplier",
            "nodes": [
              "X30",
              "X33",
              "X25",
              "X16",
              "X26",
              "X29",
              "X28"
            ]
          }
        ],
        "weight": 3.9999999422580004
      },
      {
        "bag": [
          {
            "name": "supplier",
            "nodes": [
              "X30",
              "X33",
              "X25",
              "X16",
              "X26",
              "X29",
              "X28"
            ]
          },
          {
            "name": "lineitem",
            "nodes": [
              "X41",
              "X40",
              "X32",
              "X43",
              "X31",
              "X42",
              "X34",
              "X45",
              "X33",
              "X44",
              "X36",
              "X35",
              "X46",
              "X38",
              "X37",
              "X39"
            ]
          }
        ],
        "weight": 1.350552E9
      }
    ],
    "statistics": {
      "lineitem": {
        "rowCount": 900368,
        "mostCommonFrequencies": {
          "l_returnflag": {
            "A": 0.241799995303154,
            "R": 0.2467000037431717,
            "N": 0.5115000009536743
          },
          "l_receiptdate": {
            "1995-04-21": 7.666666642762721E-4,
            "1996-07-08": 7.33333348762244E-4,
            "1996-07-19": 7.33333348762244E-4,
            "1994-12-20": 7.33333348762244E-4,
            "1994-06-11": 7.33333348762244E-4,
            "1994-11-10": 7.33333348762244E-4,
            "1995-06-09": 7.33333348762244E-4,
            "1997-04-23": 7.999999797903001E-4,
            "1992-10-17": 7.33333348762244E-4,
            "1997-12-14": 7.33333348762244E-4,
            "1998-08-18": 7.666666642762721E-4,
            "1993-02-27": 7.33333348762244E-4,
            "1993-08-09": 7.33333348762244E-4,
            "1998-06-14": 7.33333348762244E-4,
            "1996-12-28": 7.33333348762244E-4,
            "1992-12-11": 7.999999797903001E-4,
            "1993-01-07": 7.33333348762244E-4,
            "1994-04-08": 9.333333582617342E-4
          },
          "l_tax": {
            "0.08": 0.11180000007152557,
            "0.06": 0.1109333336353302,
            "0.07": 0.10996666550636292,
            "0.04": 0.1114666685461998,
            "0.05": 0.1082666665315628,
            "0.02": 0.1088000014424324,
            "0.03": 0.11206666380167007,
            "0.00": 0.11336666345596313,
            "0.01": 0.1133333370089531
          },
          "l_shipmode": {
            "RAIL      ": 0.14356666803359985,
            "FOB       ": 0.14329999685287476,
            "MAIL      ": 0.14139999449253082,
            "TRUCK     ": 0.14659999310970306,
            "AIR       ": 0.14249999821186066,
            "SHIP      ": 0.14063332974910736,
            "REG AIR   ": 0.1420000046491623
          },
          "l_suppkey": {
            "1338": 0.0010999999940395355,
            "239": 0.0010999999940395355,
            "939": 0.0011333333095535636
          },
          "l_shipdate": {
            "1995-09-18": 7.33333348762244E-4,
            "1996-09-19": 7.33333348762244E-4,
            "1994-11-20": 8.999999845400453E-4,
            "1995-07-09": 7.999999797903001E-4,
            "1993-09-05": 7.666666642762721E-4,
            "1993-05-12": 7.666666642762721E-4,
            "1993-04-04": 8.333333535119891E-4,
            "1992-07-15": 7.999999797903001E-4,
            "1993-05-06": 7.999999797903001E-4,
            "1992-05-23": 7.33333348762244E-4,
            "1992-05-22": 7.666666642762721E-4,
            "1997-09-02": 7.33333348762244E-4,
            "1993-06-04": 7.999999797903001E-4,
            "1997-11-06": 7.666666642762721E-4,
            "1992-06-22": 7.999999797903001E-4,
            "1995-01-17": 7.33333348762244E-4,
            "1996-06-21": 7.33333348762244E-4,
            "1994-07-29": 7.999999797903001E-4,
            "1995-06-30": 7.666666642762721E-4,
            "1995-03-21": 7.33333348762244E-4,
            "1996-11-19": 8.666666690260172E-4
          },
          "l_commitdate": {
            "1996-02-03": 7.999999797903001E-4,
            "1997-04-07": 7.33333348762244E-4,
            "1996-05-05": 8.333333535119891E-4,
            "1994-05-10": 7.33333348762244E-4,
            "1995-12-27": 7.33333348762244E-4,
            "1997-05-18": 7.33333348762244E-4,
            "1994-06-02": 7.33333348762244E-4,
            "1996-03-31": 7.33333348762244E-4,
            "1996-08-16": 7.33333348762244E-4,
            "1993-07-23": 7.33333348762244E-4,
            "1995-10-30": 7.999999797903001E-4,
            "1997-06-27": 7.33333348762244E-4,
            "1994-11-28": 7.999999797903001E-4,
            "1993-08-01": 7.666666642762721E-4,
            "1995-02-28": 7.999999797903001E-4,
            "1992-07-31": 7.33333348762244E-4,
            "1996-10-03": 7.999999797903001E-4,
            "1996-10-25": 7.33333348762244E-4,
            "1993-01-18": 7.666666642762721E-4,
            "1995-07-30": 7.999999797903001E-4
          },
          "l_partkey": {},
          "l_orderkey": {},
          "l_quantity": {
            "42.00": 0.02070000022649765,
            "17.00": 0.019700000062584877,
            "13.00": 0.019300000742077827,
            "32.00": 0.02033333294093609,
            "3.00": 0.020800000056624413,
            "36.00": 0.019600000232458115,
            "7.00": 0.020133333280682564,
            "27.00": 0.02056666649878025,
            "23.00": 0.02056666649878025,
            "46.00": 0.020233333110809326,
            "6.00": 0.020999999716877937,
            "16.00": 0.020733334124088287,
            "37.00": 0.01899999938905239,
            "12.00": 0.020233333110809326,
            "33.00": 0.019600000232458115,
            "2.00": 0.020800000056624413,
            "50.00": 0.019633334130048752,
            "26.00": 0.01979999989271164,
            "22.00": 0.019333332777023315,
            "43.00": 0.020766666159033775,
            "47.00": 0.019999999552965164,
            "5.00": 0.020633332431316376,
            "38.00": 0.02033333294093609,
            "15.00": 0.0201666671782732,
            "40.00": 0.02006666734814644,
            "11.00": 0.020133333280682564,
            "34.00": 0.019899999722838402,
            "1.00": 0.019233332946896553,
            "19.00": 0.01873333379626274,
            "9.00": 0.02056666649878025,
            "25.00": 0.02043333277106285,
            "30.00": 0.020366666838526726,
            "21.00": 0.019200000911951065,
            "44.00": 0.01899999938905239,
            "29.00": 0.020933333784341812,
            "48.00": 0.01889999955892563,
            "39.00": 0.02083333395421505,
            "14.00": 0.01966666616499424,
            "4.00": 0.01979999989271164,
            "41.00": 0.01940000057220459,
            "10.00": 0.01899999938905239,
            "20.00": 0.01899999938905239,
            "35.00": 0.020800000056624413,
            "18.00": 0.01913333311676979,
            "8.00": 0.019766665995121002,
            "28.00": 0.019300000742077827,
            "24.00": 0.019600000232458115,
            "31.00": 0.021433332934975624,
            "45.00": 0.02006666734814644,
            "49.00": 0.020766666159033775
          },
          "l_linestatus": {
            "F": 0.4943999946117401,
            "O": 0.5055999755859375
          },
          "l_comment": {
            " carefully": 2.6666666963137686E-4,
            "furiously ": 2.3333333956543356E-4,
            " the furiou": 1.6666666488163173E-4,
            " furiously ": 2.3333333956543356E-4,
            " carefully ": 2.3333333956543356E-4
          },
          "l_extendedprice": {},
          "l_linenumber": {
            "1": 0.2484000027179718,
            "2": 0.21606667339801788,
            "3": 0.18333333730697632,
            "4": 0.14123333990573883,
            "5": 0.10599999874830246,
            "6": 0.06989999860525131,
            "7": 0.035066667944192886
          },
          "l_discount": {
            "0.08": 0.09023333340883255,
            "0.09": 0.09123333543539047,
            "0.06": 0.08943333476781845,
            "0.07": 0.08986666798591614,
            "0.04": 0.08883333206176758,
            "0.05": 0.09319999814033508,
            "0.02": 0.08953333646059036,
            "0.03": 0.08923333138227463,
            "0.00": 0.09476666897535324,
            "0.01": 0.09103333204984665,
            "0.10": 0.09263333678245544
          },
          "l_shipinstruct": {
            "DELIVER IN PERSON        ": 0.25333333015441895,
            "COLLECT COD              ": 0.25033333897590637,
            "NONE                     ": 0.24746666848659515,
            "TAKE BACK RETURN         ": 0.24886666238307953
          }
        }
      },
      "nation": {
        "rowCount": 25,
        "mostCommonFrequencies": {
          "n_comment": {},
          "n_nationkey": {},
          "n_regionkey": {
            "0": 0.20000000298023224,
            "1": 0.20000000298023224,
            "2": 0.20000000298023224,
            "3": 0.20000000298023224,
            "4": 0.20000000298023224
          },
          "n_name": {}
        }
      },
      "supplier": {
        "rowCount": 1500,
        "mostCommonFrequencies": {
          "s_comment": {},
          "s_phone": {},
          "s_nationkey": {
            "22": 0.041333332657814026,
            "23": 0.03999999910593033,
            "24": 0.03533333167433739,
            "10": 0.04333333298563957,
            "11": 0.04466666653752327,
            "12": 0.041333332657814026,
            "13": 0.03133333474397659,
            "14": 0.03533333167433739,
            "15": 0.03933333232998848,
            "16": 0.03933333232998848,
            "17": 0.04066666588187218,
            "18": 0.04933333396911621,
            "19": 0.02800000086426735,
            "0": 0.03999999910593033,
            "1": 0.03400000184774399,
            "2": 0.04399999976158142,
            "3": 0.03266666829586029,
            "4": 0.041999999433755875,
            "5": 0.03333333507180214,
            "6": 0.036666665226221085,
            "7": 0.046666666865348816,
            "8": 0.046666666865348816,
            "9": 0.04466666653752327,
            "20": 0.04933333396911621,
            "21": 0.04066666588187218
          },
          "s_name": {},
          "s_address": {},
          "s_acctbal": {
            "7896.01": 0.0013333333190530539,
            "9189.82": 0.0013333333190530539
          },
          "s_suppkey": {}
        }
      },
      "orders": {
        "rowCount": 225000,
        "mostCommonFrequencies": {
          "o_orderstatus": {
            "P": 0.026100000366568565,
            "F": 0.49026668071746826,
            "O": 0.4836333394050598
          },
          "o_clerk": {
            "Clerk#000000578": 0.0015333333285525441,
            "Clerk#000000613": 0.001500000013038516,
            "Clerk#000000404": 0.00143333338201046,
            "Clerk#000000812": 0.001466666697524488,
            "Clerk#000000768": 0.00143333338201046,
            "Clerk#000000878": 0.00143333338201046,
            "Clerk#000000626": 0.001466666697524488,
            "Clerk#000000076": 0.0017000000225380063,
            "Clerk#000000340": 0.001500000013038516,
            "Clerk#000000289": 0.0015666666440665722,
            "Clerk#000000620": 0.001466666697524488,
            "Clerk#000000698": 0.00143333338201046,
            "Clerk#000000480": 0.001466666697524488,
            "Clerk#000000470": 0.00143333338201046
          },
          "o_orderdate": {
            "1996-05-04": 7.33333348762244E-4,
            "1994-08-26": 7.33333348762244E-4,
            "1996-08-27": 7.33333348762244E-4,
            "1994-06-21": 7.666666642762721E-4,
            "1995-11-17": 7.33333348762244E-4,
            "1995-06-09": 7.666666642762721E-4,
            "1992-03-28": 7.999999797903001E-4,
            "1997-05-14": 7.999999797903001E-4,
            "1995-11-25": 7.666666642762721E-4,
            "1992-03-04": 7.666666642762721E-4,
            "1992-07-28": 7.33333348762244E-4,
            "1992-07-13": 7.33333348762244E-4,
            "1992-07-31": 8.333333535119891E-4,
            "1996-11-27": 7.999999797903001E-4,
            "1996-10-14": 7.33333348762244E-4,
            "1998-04-07": 7.33333348762244E-4,
            "1993-01-07": 7.33333348762244E-4,
            "1995-01-24": 7.33333348762244E-4,
            "1998-04-06": 7.33333348762244E-4,
            "1993-11-01": 7.666666642762721E-4,
            "1994-08-09": 7.666666642762721E-4,
            "1995-07-02": 7.33333348762244E-4
          },
          "o_shippriority": {
            "0": 1.0
          },
          "o_custkey": {
            "15241": 2.6666666963137686E-4,
            "8377": 2.6666666963137686E-4,
            "6256": 3.3333332976326346E-4,
            "4231": 2.6666666963137686E-4,
            "14353": 2.6666666963137686E-4,
            "19165": 2.6666666963137686E-4,
            "15484": 2.6666666963137686E-4,
            "19186": 2.6666666963137686E-4,
            "2050": 2.6666666963137686E-4,
            "12190": 2.6666666963137686E-4,
            "8272": 3.000000142492354E-4,
            "2746": 2.6666666963137686E-4,
            "1798": 2.6666666963137686E-4,
            "14935": 2.6666666963137686E-4,
            "11320": 3.000000142492354E-4,
            "20590": 2.6666666963137686E-4,
            "10453": 3.3333332976326346E-4,
            "16699": 2.6666666963137686E-4,
            "12376": 3.000000142492354E-4,
            "10411": 3.000000142492354E-4,
            "19867": 2.6666666963137686E-4,
            "17128": 2.6666666963137686E-4,
            "6706": 2.6666666963137686E-4,
            "15724": 2.6666666963137686E-4,
            "19747": 2.6666666963137686E-4,
            "19114": 2.6666666963137686E-4,
            "13072": 3.000000142492354E-4,
            "8188": 2.6666666963137686E-4,
            "7477": 2.6666666963137686E-4,
            "5630": 2.6666666963137686E-4,
            "8026": 2.6666666963137686E-4,
            "2284": 3.000000142492354E-4,
            "7174": 3.000000142492354E-4,
            "20149": 2.6666666963137686E-4,
            "2359": 2.6666666963137686E-4,
            "14902": 2.6666666963137686E-4,
            "10009": 2.6666666963137686E-4,
            "10804": 2.6666666963137686E-4,
            "9748": 2.6666666963137686E-4,
            "17512": 2.6666666963137686E-4,
            "5725": 3.000000142492354E-4,
            "16825": 2.6666666963137686E-4
          },
          "o_totalprice": {},
          "o_orderkey": {},
          "o_comment": {},
          "o_orderpriority": {
            "4-NOT SPECIFIED": 0.20173333585262299,
            "3-MEDIUM       ": 0.19726666808128357,
            "2-HIGH         ": 0.20296666026115417,
            "5-LOW          ": 0.20003333687782288,
            "1-URGENT       ": 0.1979999989271164
          }
        }
      },
      "region": {
        "rowCount": 5,
        "mostCommonFrequencies": {
          "r_regionkey": {},
          "r_comment": {},
          "r_name": {}
        }
      },
      "customer": {
        "rowCount": 22500,
        "mostCommonFrequencies": {
          "c_custkey": {},
          "c_phone": {},
          "c_acctbal": {
            "-895.88": 8.888888987712562E-5,
            "-549.47": 8.888888987712562E-5,
            "389.48": 8.888888987712562E-5,
            "1375.03": 8.888888987712562E-5,
            "1830.15": 8.888888987712562E-5,
            "3024.57": 8.888888987712562E-5,
            "925.11": 8.888888987712562E-5,
            "1764.13": 8.888888987712562E-5,
            "1999.94": 8.888888987712562E-5,
            "3273.08": 8.888888987712562E-5,
            "3232.98": 8.888888987712562E-5,
            "1240.90": 1.3333333481568843E-4,
            "1524.63": 8.888888987712562E-5,
            "-743.83": 8.888888987712562E-5,
            "1237.93": 8.888888987712562E-5,
            "1836.91": 8.888888987712562E-5,
            "2502.09": 1.3333333481568843E-4,
            "505.59": 8.888888987712562E-5,
            "1062.43": 8.888888987712562E-5,
            "1938.05": 8.888888987712562E-5,
            "320.47": 8.888888987712562E-5,
            "1803.31": 8.888888987712562E-5,
            "3418.63": 8.888888987712562E-5,
            "891.15": 8.888888987712562E-5,
            "181.01": 8.888888987712562E-5,
            "-17.06": 8.888888987712562E-5,
            "3464.47": 8.888888987712562E-5,
            "1425.41": 8.888888987712562E-5,
            "-332.82": 8.888888987712562E-5,
            "2506.62": 8.888888987712562E-5,
            "1422.57": 8.888888987712562E-5,
            "2393.52": 8.888888987712562E-5,
            "572.04": 8.888888987712562E-5,
            "1876.04": 8.888888987712562E-5,
            "3208.80": 8.888888987712562E-5,
            "1376.67": 8.888888987712562E-5,
            "3055.76": 8.888888987712562E-5,
            "-22.67": 8.888888987712562E-5,
            "2152.05": 8.888888987712562E-5,
            "1371.05": 8.888888987712562E-5,
            "1753.49": 8.888888987712562E-5,
            "2942.19": 8.888888987712562E-5,
            "2959.12": 8.888888987712562E-5,
            "107.18": 8.888888987712562E-5,
            "-406.71": 8.888888987712562E-5,
            "0.97": 8.888888987712562E-5,
            "2558.94": 1.3333333481568843E-4,
            "-702.43": 8.888888987712562E-5,
            "3557.92": 8.888888987712562E-5,
            "1486.62": 8.888888987712562E-5,
            "2841.36": 8.888888987712562E-5,
            "-753.71": 8.888888987712562E-5,
            "2394.52": 8.888888987712562E-5,
            "-411.15": 8.888888987712562E-5,
            "418.53": 8.888888987712562E-5,
            "3102.77": 8.888888987712562E-5,
            "1787.52": 8.888888987712562E-5,
            "1157.44": 8.888888987712562E-5,
            "2045.36": 1.3333333481568843E-4,
            "511.93": 8.888888987712562E-5,
            "2206.06": 8.888888987712562E-5,
            "983.58": 8.888888987712562E-5,
            "3431.04": 8.888888987712562E-5,
            "-208.93": 8.888888987712562E-5,
            "3047.89": 8.888888987712562E-5,
            "1156.64": 8.888888987712562E-5,
            "3514.90": 8.888888987712562E-5,
            "-808.56": 8.888888987712562E-5,
            "3425.87": 8.888888987712562E-5,
            "-566.86": 8.888888987712562E-5,
            "122.71": 8.888888987712562E-5,
            "323.56": 8.888888987712562E-5,
            "2370.26": 8.888888987712562E-5,
            "-635.21": 8.888888987712562E-5,
            "-573.16": 8.888888987712562E-5,
            "1318.74": 8.888888987712562E-5,
            "1572.92": 8.888888987712562E-5,
            "448.49": 8.888888987712562E-5,
            "590.26": 8.888888987712562E-5,
            "3548.03": 8.888888987712562E-5,
            "727.09": 8.888888987712562E-5,
            "1699.94": 8.888888987712562E-5,
            "2412.67": 8.888888987712562E-5,
            "1122.02": 8.888888987712562E-5,
            "2476.50": 8.888888987712562E-5,
            "619.97": 8.888888987712562E-5,
            "262.04": 8.888888987712562E-5,
            "2962.98": 8.888888987712562E-5,
            "2031.93": 8.888888987712562E-5,
            "3565.11": 8.888888987712562E-5,
            "1277.97": 8.888888987712562E-5,
            "1921.72": 8.888888987712562E-5,
            "1843.30": 8.888888987712562E-5,
            "53.56": 8.888888987712562E-5,
            "1711.91": 8.888888987712562E-5,
            "2176.62": 8.888888987712562E-5,
            "1696.95": 8.888888987712562E-5,
            "3297.68": 8.888888987712562E-5,
            "3510.73": 8.888888987712562E-5,
            "-364.16": 8.888888987712562E-5
          },
          "c_mktsegment": {
            "FURNITURE ": 0.19528888165950775,
            "MACHINERY ": 0.20044444501399994,
            "HOUSEHOLD ": 0.20115555822849274,
            "AUTOMOBILE": 0.1984444409608841,
            "BUILDING  ": 0.20466665923595428
          },
          "c_address": {},
          "c_nationkey": {
            "22": 0.03808888792991638,
            "23": 0.04022222384810448,
            "24": 0.04106666520237923,
            "10": 0.04022222384810448,
            "11": 0.04266666620969772,
            "12": 0.04013333469629288,
            "13": 0.03951111063361168,
            "14": 0.04026666656136513,
            "15": 0.04035555571317673,
            "16": 0.041155554354190826,
            "17": 0.03911111131310463,
            "18": 0.04106666520237923,
            "19": 0.04035555571317673,
            "0": 0.03973333165049553,
            "1": 0.03995555639266968,
            "2": 0.03937777876853943,
            "3": 0.04013333469629288,
            "4": 0.041333332657814026,
            "5": 0.040711112320423126,
            "6": 0.03835555538535118,
            "7": 0.03955555707216263,
            "8": 0.03822222352027893,
            "9": 0.040800001472234726,
            "20": 0.037244442850351334,
            "21": 0.04035555571317673
          },
          "c_name": {},
          "c_comment": {}
        }
      }
    },
    "orderedEdges": [
      {
        "name": "nation",
        "nodes": [
          "X10",
          "X12",
          "X11",
          "X16"
        ]
      },
      {
        "name": "supplier",
        "nodes": [
          "X30",
          "X33",
          "X25",
          "X16",
          "X26",
          "X29",
          "X28"
        ]
      },
      {
        "name": "customer",
        "nodes": [
          "X19",
          "X20",
          "X14",
          "X13",
          "X16",
          "X15",
          "X18",
          "X17"
        ]
      },
      {
        "name": "region",
        "nodes": [
          "X23",
          "X11",
          "X22"
        ]
      },
      {
        "name": "lineitem",
        "nodes": [
          "X41",
          "X40",
          "X32",
          "X43",
          "X31",
          "X42",
          "X34",
          "X45",
          "X33",
          "X44",
          "X36",
          "X35",
          "X46",
          "X38",
          "X37",
          "X39"
        ]
      },
      {
        "name": "orders",
        "nodes": [
          "X8",
          "X31",
          "X2",
          "X13",
          "X3",
          "X4",
          "X5",
          "X6",
          "X7"
        ]
      }
    ],
    "edges": [
      {
        "name": "nation",
        "nodes": [
          "X10",
          "X12",
          "X11",
          "X16"
        ]
      },
      {
        "name": "supplier",
        "nodes": [
          "X30",
          "X33",
          "X25",
          "X16",
          "X26",
          "X29",
          "X28"
        ]
      },
      {
        "name": "customer",
        "nodes": [
          "X19",
          "X20",
          "X14",
          "X13",
          "X16",
          "X15",
          "X18",
          "X17"
        ]
      },
      {
        "name": "region",
        "nodes": [
          "X23",
          "X11",
          "X22"
        ]
      },
      {
        "name": "lineitem",
        "nodes": [
          "X41",
          "X40",
          "X32",
          "X43",
          "X31",
          "X42",
          "X34",
          "X45",
          "X33",
          "X44",
          "X36",
          "X35",
          "X46",
          "X38",
          "X37",
          "X39"
        ]
      },
      {
        "name": "orders",
        "nodes": [
          "X8",
          "X31",
          "X2",
          "X13",
          "X3",
          "X4",
          "X5",
          "X6",
          "X7"
        ]
      }
    ],
    "nodes": [
      "X19",
      "X41",
      "X40",
      "X43",
      "X42",
      "X20",
      "X45",
      "X23",
      "X44",
      "X22",
      "X2",
      "X25",
      "X3",
      "X46",
      "X4",
      "X5",
      "X26",
      "X6",
      "X29",
      "X7",
      "X28",
      "X8",
      "X30",
      "X32",
      "X10",
      "X31",
      "X34",
      "X12",
      "X33",
      "X11",
      "X36",
      "X14",
      "X13",
      "X35",
      "X38",
      "X16",
      "X37",
      "X15",
      "X18",
      "X39",
      "X17"
    ],
    "edgesByName": {
      "lineitem": {
        "name": "lineitem",
        "nodes": [
          "X41",
          "X40",
          "X32",
          "X43",
          "X31",
          "X42",
          "X34",
          "X45",
          "X33",
          "X44",
          "X36",
          "X35",
          "X46",
          "X38",
          "X37",
          "X39"
        ]
      },
      "nation": {
        "name": "nation",
        "nodes": [
          "X10",
          "X12",
          "X11",
          "X16"
        ]
      },
      "supplier": {
        "name": "supplier",
        "nodes": [
          "X30",
          "X33",
          "X25",
          "X16",
          "X26",
          "X29",
          "X28"
        ]
      },
      "orders": {
        "name": "orders",
        "nodes": [
          "X8",
          "X31",
          "X2",
          "X13",
          "X3",
          "X4",
          "X5",
          "X6",
          "X7"
        ]
      },
      "region": {
        "name": "region",
        "nodes": [
          "X23",
          "X11",
          "X22"
        ]
      },
      "customer": {
        "name": "customer",
        "nodes": [
          "X19",
          "X20",
          "X14",
          "X13",
          "X16",
          "X15",
          "X18",
          "X17"
        ]
      }
    },
    "columnToVariableMapping": {
      "supplier.s_nationkey": "X16",
      "customer.c_phone": "X17",
      "lineitem.l_shipinstruct": "X44",
      "supplier.s_address": "X26",
      "nation.n_regionkey": "X11",
      "lineitem.l_tax": "X38",
      "customer.c_mktsegment": "X19",
      "orders.o_orderstatus": "X2",
      "nation.n_name": "X10",
      "nation.n_comment": "X12",
      "lineitem.l_receiptdate": "X43",
      "lineitem.l_orderkey": "X31",
      "orders.o_orderkey": "X31",
      "lineitem.l_extendedprice": "X36",
      "customer.c_custkey": "X13",
      "nation.n_nationkey": "X16",
      "orders.o_totalprice": "X3",
      "lineitem.l_suppkey": "X33",
      "supplier.s_name": "X25",
      "orders.o_custkey": "X13",
      "lineitem.l_commitdate": "X42",
      "orders.o_clerk": "X6",
      "lineitem.l_linestatus": "X40",
      "customer.c_acctbal": "X18",
      "lineitem.l_returnflag": "X39",
      "lineitem.l_shipmode": "X45",
      "supplier.s_acctbal": "X29",
      "lineitem.l_shipdate": "X41",
      "supplier.s_suppkey": "X33",
      "region.r_name": "X22",
      "orders.o_shippriority": "X7",
      "orders.o_orderpriority": "X5",
      "lineitem.l_comment": "X46",
      "supplier.s_comment": "X30",
      "customer.c_nationkey": "X16",
      "lineitem.l_discount": "X37",
      "region.r_regionkey": "X11",
      "lineitem.l_quantity": "X35",
      "orders.o_comment": "X8",
      "lineitem.l_partkey": "X32",
      "customer.c_comment": "X20",
      "region.r_comment": "X23",
      "orders.o_orderdate": "X4",
      "customer.c_name": "X14",
      "supplier.s_phone": "X28",
      "customer.c_address": "X15",
      "lineitem.l_linenumber": "X34"
    },
    "inverseEquivalenceMapping": {
      "X19": {
        "customer": [
          "c_mktsegment"
        ]
      },
      "X41": {
        "lineitem": [
          "l_shipdate"
        ]
      },
      "X40": {
        "lineitem": [
          "l_linestatus"
        ]
      },
      "X43": {
        "lineitem": [
          "l_receiptdate"
        ]
      },
      "X42": {
        "lineitem": [
          "l_commitdate"
        ]
      },
      "X20": {
        "customer": [
          "c_comment"
        ]
      },
      "X45": {
        "lineitem": [
          "l_shipmode"
        ]
      },
      "X23": {
        "region": [
          "r_comment"
        ]
      },
      "X44": {
        "lineitem": [
          "l_shipinstruct"
        ]
      },
      "X22": {
        "region": [
          "r_name"
        ]
      },
      "X2": {
        "orders": [
          "o_orderstatus"
        ]
      },
      "X25": {
        "supplier": [
          "s_name"
        ]
      },
      "X3": {
        "orders": [
          "o_totalprice"
        ]
      },
      "X46": {
        "lineitem": [
          "l_comment"
        ]
      },
      "X4": {
        "orders": [
          "o_orderdate"
        ]
      },
      "X26": {
        "supplier": [
          "s_address"
        ]
      },
      "X5": {
        "orders": [
          "o_orderpriority"
        ]
      },
      "X6": {
        "orders": [
          "o_clerk"
        ]
      },
      "X29": {
        "supplier": [
          "s_acctbal"
        ]
      },
      "X7": {
        "orders": [
          "o_shippriority"
        ]
      },
      "X28": {
        "supplier": [
          "s_phone"
        ]
      },
      "X8": {
        "orders": [
          "o_comment"
        ]
      },
      "X30": {
        "supplier": [
          "s_comment"
        ]
      },
      "X10": {
        "nation": [
          "n_name"
        ]
      },
      "X32": {
        "lineitem": [
          "l_partkey"
        ]
      },
      "X31": {
        "lineitem": [
          "l_orderkey"
        ],
        "orders": [
          "o_orderkey"
        ]
      },
      "X12": {
        "nation": [
          "n_comment"
        ]
      },
      "X34": {
        "lineitem": [
          "l_linenumber"
        ]
      },
      "X11": {
        "nation": [
          "n_regionkey"
        ],
        "region": [
          "r_regionkey"
        ]
      },
      "X33": {
        "lineitem": [
          "l_suppkey"
        ],
        "supplier": [
          "s_suppkey"
        ]
      },
      "X36": {
        "lineitem": [
          "l_extendedprice"
        ]
      },
      "X14": {
        "customer": [
          "c_name"
        ]
      },
      "X13": {
        "orders": [
          "o_custkey"
        ],
        "customer": [
          "c_custkey"
        ]
      },
      "X35": {
        "lineitem": [
          "l_quantity"
        ]
      },
      "X16": {
        "nation": [
          "n_nationkey"
        ],
        "supplier": [
          "s_nationkey"
        ],
        "customer": [
          "c_nationkey"
        ]
      },
      "X38": {
        "lineitem": [
          "l_tax"
        ]
      },
      "X37": {
        "lineitem": [
          "l_discount"
        ]
      },
      "X15": {
        "customer": [
          "c_address"
        ]
      },
      "X18": {
        "customer": [
          "c_acctbal"
        ]
      },
      "X17": {
        "customer": [
          "c_phone"
        ]
      },
      "X39": {
        "lineitem": [
          "l_returnflag"
        ]
      }
    },
    "variableToColumnMapping": {
      "X19": [
        "customer.c_mktsegment"
      ],
      "X41": [
        "lineitem.l_shipdate"
      ],
      "X40": [
        "lineitem.l_linestatus"
      ],
      "X43": [
        "lineitem.l_receiptdate"
      ],
      "X42": [
        "lineitem.l_commitdate"
      ],
      "X20": [
        "customer.c_comment"
      ],
      "X45": [
        "lineitem.l_shipmode"
      ],
      "X23": [
        "region.r_comment"
      ],
      "X44": [
        "lineitem.l_shipinstruct"
      ],
      "X22": [
        "region.r_name"
      ],
      "X2": [
        "orders.o_orderstatus"
      ],
      "X25": [
        "supplier.s_name"
      ],
      "X3": [
        "orders.o_totalprice"
      ],
      "X46": [
        "lineitem.l_comment"
      ],
      "X4": [
        "orders.o_orderdate"
      ],
      "X26": [
        "supplier.s_address"
      ],
      "X5": [
        "orders.o_orderpriority"
      ],
      "X6": [
        "orders.o_clerk"
      ],
      "X29": [
        "supplier.s_acctbal"
      ],
      "X7": [
        "orders.o_shippriority"
      ],
      "X28": [
        "supplier.s_phone"
      ],
      "X8": [
        "orders.o_comment"
      ],
      "X30": [
        "supplier.s_comment"
      ],
      "X10": [
        "nation.n_name"
      ],
      "X32": [
        "lineitem.l_partkey"
      ],
      "X31": [
        "lineitem.l_orderkey",
        "orders.o_orderkey"
      ],
      "X12": [
        "nation.n_comment"
      ],
      "X34": [
        "lineitem.l_linenumber"
      ],
      "X11": [
        "nation.n_regionkey",
        "region.r_regionkey"
      ],
      "X33": [
        "lineitem.l_suppkey",
        "supplier.s_suppkey"
      ],
      "X36": [
        "lineitem.l_extendedprice"
      ],
      "X14": [
        "customer.c_name"
      ],
      "X13": [
        "customer.c_custkey",
        "orders.o_custkey"
      ],
      "X35": [
        "lineitem.l_quantity"
      ],
      "X16": [
        "supplier.s_nationkey",
        "nation.n_nationkey",
        "customer.c_nationkey"
      ],
      "X38": [
        "lineitem.l_tax"
      ],
      "X37": [
        "lineitem.l_discount"
      ],
      "X15": [
        "customer.c_address"
      ],
      "X18": [
        "customer.c_acctbal"
      ],
      "X17": [
        "customer.c_phone"
      ],
      "X39": [
        "lineitem.l_returnflag"
      ]
    },
    "decompositionTree": {}
  },
  "joinTree": {
    "successors": [
      {
        "successors": [],
        "tables": [
          "nation"
        ],
        "attributes": [
          "X10",
          "X11",
          "X16"
        ]
      },
      {
        "successors": [
          {
            "successors": [],
            "tables": [
              "lineitem",
              "orders"
            ],
            "attributes": [
              "X31",
              "X33",
              "X36",
              "X13",
              "X37"
            ]
          }
        ],
        "tables": [
          "supplier",
          "customer"
        ],
        "attributes": [
          "X30",
          "X33",
          "X25",
          "X13",
          "X16",
          "X26",
          "X29",
          "X28"
        ]
      }
    ],
    "tables": [
      "supplier",
      "region"
    ],
    "attributes": [
      "X30",
      "X11",
      "X33",
      "X25",
      "X16",
      "X26",
      "X29",
      "X28"
    ]
  },
  "query": "-- $ID$\n-- TPC-H/TPC-R Local Supplier Volume Query (Q5)\n-- Functional Query Definition\n-- Approved February 1998\nselect nation.n_name, lineitem.l_extendedprice, lineitem.l_discount\nfrom\n\tcustomer,\n\torders,\n\tlineitem,\n\tsupplier,\n\tnation,\n\tregion\nwhere c_custkey \u003d o_custkey\n\tand l_orderkey \u003d o_orderkey\n\tand l_suppkey \u003d s_suppkey\n\tand c_nationkey \u003d s_nationkey\n\tand s_nationkey \u003d n_nationkey\n\tand n_regionkey \u003d r_regionkey;"
}