{
  "conf": {
    "db": "db4",
    "query": "query-3.sql",
    "suffix": "balancedgo-01-01",
    "run": 1,
    "decompositionOptions": {
      "algorithm": "BALANCEDGO"
    },
    "queryTimeout": 100,
    "dbSize": 1,
    "parallel": true,
    "skipRows": true,
    "threadCount": 8,
    "booleanQuery": false,
    "useStatistics": true
  },
  "unoptimizedRuntime": 179,
  "optimizedTotalRuntime": 1498,
  "optimizedQueryRuntime": 1443,
  "optimizedQueryTimeout": false,
  "unoptimizedQueryTimeout": false,
  "optimizedResultCorrect": true,
  "unoptimizedColumns": 12,
  "optimizedColumns": 8,
  "unoptimizedRows": 279936,
  "optimizedRows": 279936,
  "hypergraph": {
    "weights": [
      {
        "bag": [
          {
            "name": "t2",
            "nodes": [
              "X9",
              "X10",
              "X1",
              "X11"
            ]
          }
        ],
        "weight": 1296.000154495246
      },
      {
        "bag": [
          {
            "name": "t4",
            "nodes": [
              "X1"
            ]
          },
          {
            "name": "t2",
            "nodes": [
              "X9",
              "X10",
              "X1",
              "X11"
            ]
          }
        ],
        "weight": 1296.0
      },
      {
        "bag": [
          {
            "name": "t5",
            "nodes": [
              "X10",
              "X3",
              "X4",
              "X6",
              "X7"
            ]
          },
          {
            "name": "t2",
            "nodes": [
              "X9",
              "X10",
              "X1",
              "X11"
            ]
          }
        ],
        "weight": 1679616.1001129164
      },
      {
        "bag": [
          {
            "name": "t4",
            "nodes": [
              "X1"
            ]
          },
          {
            "name": "t3",
            "nodes": [
              "X1",
              "X4"
            ]
          }
        ],
        "weight": 36.0
      },
      {
        "bag": [
          {
            "name": "t4",
            "nodes": [
              "X1"
            ]
          },
          {
            "name": "t5",
            "nodes": [
              "X10",
              "X3",
              "X4",
              "X6",
              "X7"
            ]
          }
        ],
        "weight": 7776.0
      },
      {
        "bag": [
          {
            "name": "t3",
            "nodes": [
              "X1",
              "X4"
            ]
          }
        ],
        "weight": 36.00000214576724
      },
      {
        "bag": [
          {
            "name": "t5",
            "nodes": [
              "X10",
              "X3",
              "X4",
              "X6",
              "X7"
            ]
          },
          {
            "name": "t3",
            "nodes": [
              "X1",
              "X4"
            ]
          }
        ],
        "weight": 46656.00278091435
      },
      {
        "bag": [
          {
            "name": "t4",
            "nodes": [
              "X1"
            ]
          }
        ],
        "weight": 1.0
      },
      {
        "bag": [
          {
            "name": "t2",
            "nodes": [
              "X9",
              "X10",
              "X1",
              "X11"
            ]
          },
          {
            "name": "t3",
            "nodes": [
              "X1",
              "X4"
            ]
          }
        ],
        "weight": 7776.000463485725
      },
      {
        "bag": [
          {
            "name": "t5",
            "nodes": [
              "X10",
              "X3",
              "X4",
              "X6",
              "X7"
            ]
          }
        ],
        "weight": 7776.001158714364
      }
    ],
    "statistics": {
      "t4": {
        "rowCount": 1,
        "mostCommonFrequencies": {
          "a": {}
        }
      },
      "t5": {
        "rowCount": 7776,
        "mostCommonFrequencies": {
          "a": {
            "1": 0.1666666716337204,
            "2": 0.1666666716337204,
            "3": 0.1666666716337204,
            "4": 0.1666666716337204,
            "5": 0.1666666716337204,
            "6": 0.1666666716337204
          },
          "b": {
            "1": 0.1666666716337204,
            "2": 0.1666666716337204,
            "3": 0.1666666716337204,
            "4": 0.1666666716337204,
            "5": 0.1666666716337204,
            "6": 0.1666666716337204
          },
          "c": {
            "1": 0.1666666716337204,
            "2": 0.1666666716337204,
            "3": 0.1666666716337204,
            "4": 0.1666666716337204,
            "5": 0.1666666716337204,
            "6": 0.1666666716337204
          },
          "d": {
            "1": 0.1666666716337204,
            "2": 0.1666666716337204,
            "3": 0.1666666716337204,
            "4": 0.1666666716337204,
            "5": 0.1666666716337204,
            "6": 0.1666666716337204
          },
          "e": {
            "1": 0.1666666716337204,
            "2": 0.1666666716337204,
            "3": 0.1666666716337204,
            "4": 0.1666666716337204,
            "5": 0.1666666716337204,
            "6": 0.1666666716337204
          }
        }
      },
      "t2": {
        "rowCount": 1296,
        "mostCommonFrequencies": {
          "a": {
            "1": 0.1666666716337204,
            "2": 0.1666666716337204,
            "3": 0.1666666716337204,
            "4": 0.1666666716337204,
            "5": 0.1666666716337204,
            "6": 0.1666666716337204
          },
          "b": {
            "1": 0.1666666716337204,
            "2": 0.1666666716337204,
            "3": 0.1666666716337204,
            "4": 0.1666666716337204,
            "5": 0.1666666716337204,
            "6": 0.1666666716337204
          },
          "c": {
            "1": 0.1666666716337204,
            "2": 0.1666666716337204,
            "3": 0.1666666716337204,
            "4": 0.1666666716337204,
            "5": 0.1666666716337204,
            "6": 0.1666666716337204
          },
          "d": {
            "1": 0.1666666716337204,
            "2": 0.1666666716337204,
            "3": 0.1666666716337204,
            "4": 0.1666666716337204,
            "5": 0.1666666716337204,
            "6": 0.1666666716337204
          }
        }
      },
      "t3": {
        "rowCount": 36,
        "mostCommonFrequencies": {
          "a": {
            "1": 0.1666666716337204,
            "2": 0.1666666716337204,
            "3": 0.1666666716337204,
            "4": 0.1666666716337204,
            "5": 0.1666666716337204,
            "6": 0.1666666716337204
          },
          "b": {
            "1": 0.1666666716337204,
            "2": 0.1666666716337204,
            "3": 0.1666666716337204,
            "4": 0.1666666716337204,
            "5": 0.1666666716337204,
            "6": 0.1666666716337204
          }
        }
      }
    },
    "orderedEdges": [
      {
        "name": "t4",
        "nodes": [
          "X1"
        ]
      },
      {
        "name": "t5",
        "nodes": [
          "X10",
          "X3",
          "X4",
          "X6",
          "X7"
        ]
      },
      {
        "name": "t2",
        "nodes": [
          "X9",
          "X10",
          "X1",
          "X11"
        ]
      },
      {
        "name": "t3",
        "nodes": [
          "X1",
          "X4"
        ]
      }
    ],
    "edges": [
      {
        "name": "t4",
        "nodes": [
          "X1"
        ]
      },
      {
        "name": "t5",
        "nodes": [
          "X10",
          "X3",
          "X4",
          "X6",
          "X7"
        ]
      },
      {
        "name": "t2",
        "nodes": [
          "X9",
          "X10",
          "X1",
          "X11"
        ]
      },
      {
        "name": "t3",
        "nodes": [
          "X1",
          "X4"
        ]
      }
    ],
    "nodes": [
      "X9",
      "X10",
      "X1",
      "X11",
      "X3",
      "X4",
      "X6",
      "X7"
    ],
    "edgesByName": {
      "t4": {
        "name": "t4",
        "nodes": [
          "X1"
        ]
      },
      "t5": {
        "name": "t5",
        "nodes": [
          "X10",
          "X3",
          "X4",
          "X6",
          "X7"
        ]
      },
      "t2": {
        "name": "t2",
        "nodes": [
          "X9",
          "X10",
          "X1",
          "X11"
        ]
      },
      "t3": {
        "name": "t3",
        "nodes": [
          "X1",
          "X4"
        ]
      }
    },
    "columnToVariableMapping": {
      "t5.b": "X4",
      "t2.d": "X11",
      "t5.a": "X3",
      "t5.d": "X6",
      "t5.c": "X10",
      "t2.a": "X1",
      "t2.c": "X10",
      "t4.a": "X1",
      "t3.b": "X4",
      "t2.b": "X9",
      "t3.a": "X1",
      "t5.e": "X7"
    },
    "inverseEquivalenceMapping": {
      "X9": {
        "t2": [
          "b"
        ]
      },
      "X10": {
        "t5": [
          "c"
        ],
        "t2": [
          "c"
        ]
      },
      "X11": {
        "t2": [
          "d"
        ]
      },
      "X1": {
        "t4": [
          "a"
        ],
        "t2": [
          "a"
        ],
        "t3": [
          "a"
        ]
      },
      "X3": {
        "t5": [
          "a"
        ]
      },
      "X4": {
        "t5": [
          "b"
        ],
        "t3": [
          "b"
        ]
      },
      "X6": {
        "t5": [
          "d"
        ]
      },
      "X7": {
        "t5": [
          "e"
        ]
      }
    },
    "variableToColumnMapping": {
      "X9": [
        "t2.b"
      ],
      "X10": [
        "t5.c",
        "t2.c"
      ],
      "X11": [
        "t2.d"
      ],
      "X1": [
        "t2.a",
        "t4.a",
        "t3.a"
      ],
      "X3": [
        "t5.a"
      ],
      "X4": [
        "t5.b",
        "t3.b"
      ],
      "X6": [
        "t5.d"
      ],
      "X7": [
        "t5.e"
      ]
    },
    "decompositionTree": {}
  },
  "joinTree": {
    "successors": [
      {
        "successors": [],
        "tables": [
          "t5",
          "t2"
        ],
        "attributes": [
          "X9",
          "X10",
          "X1",
          "X11",
          "X3",
          "X4",
          "X6",
          "X7"
        ]
      }
    ],
    "tables": [
      "t4",
      "t3"
    ],
    "attributes": [
      "X1",
      "X4"
    ]
  },
  "query": "select * from t2, t3, t4, t5\nwhere t3.a \u003d t4.a\nand t2.a \u003d t4.a\nand t5.b \u003d t3.b\nand t2.c \u003d t5.c;"
}