{
  "conf": {
    "db": "db1",
    "query": "triangle-star.sql",
    "suffix": "balancedgo-23-01",
    "run": 1,
    "decompositionOptions": {
      "algorithm": "BALANCEDGO"
    },
    "queryTimeout": 100,
    "dbSize": 23,
    "parallel": true,
    "skipRows": true,
    "threadCount": 8,
    "booleanQuery": false,
    "useStatistics": true
  },
  "unoptimizedRuntime": 50,
  "optimizedTotalRuntime": 179,
  "optimizedQueryRuntime": 129,
  "optimizedQueryTimeout": false,
  "unoptimizedQueryTimeout": false,
  "optimizedResultCorrect": true,
  "unoptimizedColumns": 2,
  "optimizedColumns": 2,
  "unoptimizedRows": 231000,
  "optimizedRows": 231000,
  "hypergraph": {
    "weights": [
      {
        "bag": [
          {
            "name": "t3",
            "nodes": [
              "X3",
              "X5"
            ]
          }
        ],
        "weight": 650.0000484287748
      },
      {
        "bag": [
          {
            "name": "t1",
            "nodes": [
              "X5",
              "X6"
            ]
          }
        ],
        "weight": 462.0000275373463
      },
      {
        "bag": [
          {
            "name": "t4",
            "nodes": [
              "X1",
              "X5"
            ]
          },
          {
            "name": "t2",
            "nodes": [
              "X3",
              "X6"
            ]
          }
        ],
        "weight": 300300.0
      },
      {
        "bag": [
          {
            "name": "t1",
            "nodes": [
              "X5",
              "X6"
            ]
          },
          {
            "name": "t2",
            "nodes": [
              "X3",
              "X6"
            ]
          }
        ],
        "weight": 9702.000578284273
      },
      {
        "bag": [
          {
            "name": "t4",
            "nodes": [
              "X1",
              "X5"
            ]
          }
        ],
        "weight": 650.0000484287748
      },
      {
        "bag": [
          {
            "name": "t2",
            "nodes": [
              "X3",
              "X6"
            ]
          },
          {
            "name": "t3",
            "nodes": [
              "X3",
              "X5"
            ]
          }
        ],
        "weight": 11550.000774487866
      },
      {
        "bag": [
          {
            "name": "t4",
            "nodes": [
              "X1",
              "X5"
            ]
          },
          {
            "name": "t1",
            "nodes": [
              "X5",
              "X6"
            ]
          }
        ],
        "weight": 11550.000774487866
      },
      {
        "bag": [
          {
            "name": "t1",
            "nodes": [
              "X5",
              "X6"
            ]
          },
          {
            "name": "t3",
            "nodes": [
              "X3",
              "X5"
            ]
          }
        ],
        "weight": 11550.000774487866
      },
      {
        "bag": [
          {
            "name": "t2",
            "nodes": [
              "X3",
              "X6"
            ]
          }
        ],
        "weight": 462.0000275373463
      },
      {
        "bag": [
          {
            "name": "t4",
            "nodes": [
              "X1",
              "X5"
            ]
          },
          {
            "name": "t3",
            "nodes": [
              "X3",
              "X5"
            ]
          }
        ],
        "weight": 16250.00121071937
      }
    ],
    "statistics": {
      "t4": {
        "rowCount": 650,
        "mostCommonFrequencies": {
          "a": {
            "22": 0.03846153989434242,
            "23": 0.03846153989434242,
            "24": 0.03846153989434242,
            "25": 0.03846153989434242,
            "26": 0.03846153989434242,
            "10": 0.03846153989434242,
            "11": 0.03846153989434242,
            "12": 0.03846153989434242,
            "13": 0.03846153989434242,
            "14": 0.03846153989434242,
            "15": 0.03846153989434242,
            "16": 0.03846153989434242,
            "17": 0.03846153989434242,
            "18": 0.03846153989434242,
            "19": 0.03846153989434242,
            "1": 0.03846153989434242,
            "2": 0.03846153989434242,
            "3": 0.03846153989434242,
            "4": 0.03846153989434242,
            "5": 0.03846153989434242,
            "6": 0.03846153989434242,
            "7": 0.03846153989434242,
            "8": 0.03846153989434242,
            "9": 0.03846153989434242,
            "20": 0.03846153989434242,
            "21": 0.03846153989434242
          },
          "b": {
            "22": 0.03846153989434242,
            "23": 0.03846153989434242,
            "24": 0.03846153989434242,
            "25": 0.03846153989434242,
            "26": 0.03846153989434242,
            "10": 0.03846153989434242,
            "11": 0.03846153989434242,
            "12": 0.03846153989434242,
            "13": 0.03846153989434242,
            "14": 0.03846153989434242,
            "15": 0.03846153989434242,
            "16": 0.03846153989434242,
            "17": 0.03846153989434242,
            "18": 0.03846153989434242,
            "19": 0.03846153989434242,
            "1": 0.03846153989434242,
            "2": 0.03846153989434242,
            "3": 0.03846153989434242,
            "4": 0.03846153989434242,
            "5": 0.03846153989434242,
            "6": 0.03846153989434242,
            "7": 0.03846153989434242,
            "8": 0.03846153989434242,
            "9": 0.03846153989434242,
            "20": 0.03846153989434242,
            "21": 0.03846153989434242
          }
        }
      },
      "t1": {
        "rowCount": 462,
        "mostCommonFrequencies": {
          "a": {
            "11": 0.04545454680919647,
            "22": 0.04545454680919647,
            "12": 0.04545454680919647,
            "13": 0.04545454680919647,
            "14": 0.04545454680919647,
            "15": 0.04545454680919647,
            "16": 0.04545454680919647,
            "17": 0.04545454680919647,
            "18": 0.04545454680919647,
            "19": 0.04545454680919647,
            "1": 0.04545454680919647,
            "2": 0.04545454680919647,
            "3": 0.04545454680919647,
            "4": 0.04545454680919647,
            "5": 0.04545454680919647,
            "6": 0.04545454680919647,
            "7": 0.04545454680919647,
            "8": 0.04545454680919647,
            "9": 0.04545454680919647,
            "20": 0.04545454680919647,
            "10": 0.04545454680919647,
            "21": 0.04545454680919647
          },
          "b": {
            "11": 0.04545454680919647,
            "22": 0.04545454680919647,
            "12": 0.04545454680919647,
            "13": 0.04545454680919647,
            "14": 0.04545454680919647,
            "15": 0.04545454680919647,
            "16": 0.04545454680919647,
            "17": 0.04545454680919647,
            "18": 0.04545454680919647,
            "19": 0.04545454680919647,
            "1": 0.04545454680919647,
            "2": 0.04545454680919647,
            "3": 0.04545454680919647,
            "4": 0.04545454680919647,
            "5": 0.04545454680919647,
            "6": 0.04545454680919647,
            "7": 0.04545454680919647,
            "8": 0.04545454680919647,
            "9": 0.04545454680919647,
            "20": 0.04545454680919647,
            "10": 0.04545454680919647,
            "21": 0.04545454680919647
          }
        }
      },
      "t2": {
        "rowCount": 462,
        "mostCommonFrequencies": {
          "a": {
            "11": 0.04545454680919647,
            "22": 0.04545454680919647,
            "12": 0.04545454680919647,
            "13": 0.04545454680919647,
            "14": 0.04545454680919647,
            "15": 0.04545454680919647,
            "16": 0.04545454680919647,
            "17": 0.04545454680919647,
            "18": 0.04545454680919647,
            "19": 0.04545454680919647,
            "1": 0.04545454680919647,
            "2": 0.04545454680919647,
            "3": 0.04545454680919647,
            "4": 0.04545454680919647,
            "5": 0.04545454680919647,
            "6": 0.04545454680919647,
            "7": 0.04545454680919647,
            "8": 0.04545454680919647,
            "9": 0.04545454680919647,
            "20": 0.04545454680919647,
            "10": 0.04545454680919647,
            "21": 0.04545454680919647
          },
          "b": {
            "11": 0.04545454680919647,
            "22": 0.04545454680919647,
            "12": 0.04545454680919647,
            "13": 0.04545454680919647,
            "14": 0.04545454680919647,
            "15": 0.04545454680919647,
            "16": 0.04545454680919647,
            "17": 0.04545454680919647,
            "18": 0.04545454680919647,
            "19": 0.04545454680919647,
            "1": 0.04545454680919647,
            "2": 0.04545454680919647,
            "3": 0.04545454680919647,
            "4": 0.04545454680919647,
            "5": 0.04545454680919647,
            "6": 0.04545454680919647,
            "7": 0.04545454680919647,
            "8": 0.04545454680919647,
            "9": 0.04545454680919647,
            "20": 0.04545454680919647,
            "10": 0.04545454680919647,
            "21": 0.04545454680919647
          }
        }
      },
      "t3": {
        "rowCount": 650,
        "mostCommonFrequencies": {
          "a": {
            "22": 0.03846153989434242,
            "23": 0.03846153989434242,
            "24": 0.03846153989434242,
            "25": 0.03846153989434242,
            "26": 0.03846153989434242,
            "10": 0.03846153989434242,
            "11": 0.03846153989434242,
            "12": 0.03846153989434242,
            "13": 0.03846153989434242,
            "14": 0.03846153989434242,
            "15": 0.03846153989434242,
            "16": 0.03846153989434242,
            "17": 0.03846153989434242,
            "18": 0.03846153989434242,
            "19": 0.03846153989434242,
            "1": 0.03846153989434242,
            "2": 0.03846153989434242,
            "3": 0.03846153989434242,
            "4": 0.03846153989434242,
            "5": 0.03846153989434242,
            "6": 0.03846153989434242,
            "7": 0.03846153989434242,
            "8": 0.03846153989434242,
            "9": 0.03846153989434242,
            "20": 0.03846153989434242,
            "21": 0.03846153989434242
          },
          "b": {
            "22": 0.03846153989434242,
            "23": 0.03846153989434242,
            "24": 0.03846153989434242,
            "25": 0.03846153989434242,
            "26": 0.03846153989434242,
            "10": 0.03846153989434242,
            "11": 0.03846153989434242,
            "12": 0.03846153989434242,
            "13": 0.03846153989434242,
            "14": 0.03846153989434242,
            "15": 0.03846153989434242,
            "16": 0.03846153989434242,
            "17": 0.03846153989434242,
            "18": 0.03846153989434242,
            "19": 0.03846153989434242,
            "1": 0.03846153989434242,
            "2": 0.03846153989434242,
            "3": 0.03846153989434242,
            "4": 0.03846153989434242,
            "5": 0.03846153989434242,
            "6": 0.03846153989434242,
            "7": 0.03846153989434242,
            "8": 0.03846153989434242,
            "9": 0.03846153989434242,
            "20": 0.03846153989434242,
            "21": 0.03846153989434242
          }
        }
      }
    },
    "orderedEdges": [
      {
        "name": "t4",
        "nodes": [
          "X1",
          "X5"
        ]
      },
      {
        "name": "t1",
        "nodes": [
          "X5",
          "X6"
        ]
      },
      {
        "name": "t2",
        "nodes": [
          "X3",
          "X6"
        ]
      },
      {
        "name": "t3",
        "nodes": [
          "X3",
          "X5"
        ]
      }
    ],
    "edges": [
      {
        "name": "t4",
        "nodes": [
          "X1",
          "X5"
        ]
      },
      {
        "name": "t1",
        "nodes": [
          "X5",
          "X6"
        ]
      },
      {
        "name": "t2",
        "nodes": [
          "X3",
          "X6"
        ]
      },
      {
        "name": "t3",
        "nodes": [
          "X3",
          "X5"
        ]
      }
    ],
    "nodes": [
      "X1",
      "X3",
      "X5",
      "X6"
    ],
    "edgesByName": {
      "t4": {
        "name": "t4",
        "nodes": [
          "X1",
          "X5"
        ]
      },
      "t1": {
        "name": "t1",
        "nodes": [
          "X5",
          "X6"
        ]
      },
      "t2": {
        "name": "t2",
        "nodes": [
          "X3",
          "X6"
        ]
      },
      "t3": {
        "name": "t3",
        "nodes": [
          "X3",
          "X5"
        ]
      }
    },
    "columnToVariableMapping": {
      "t4.b": "X1",
      "t1.b": "X5",
      "t2.a": "X6",
      "t1.a": "X6",
      "t4.a": "X5",
      "t3.b": "X5",
      "t2.b": "X3",
      "t3.a": "X3"
    },
    "inverseEquivalenceMapping": {
      "X1": {
        "t4": [
          "b"
        ]
      },
      "X3": {
        "t2": [
          "b"
        ],
        "t3": [
          "a"
        ]
      },
      "X5": {
        "t4": [
          "a"
        ],
        "t1": [
          "b"
        ],
        "t3": [
          "b"
        ]
      },
      "X6": {
        "t1": [
          "a"
        ],
        "t2": [
          "a"
        ]
      }
    },
    "variableToColumnMapping": {
      "X1": [
        "t4.b"
      ],
      "X3": [
        "t2.b",
        "t3.a"
      ],
      "X5": [
        "t1.b",
        "t4.a",
        "t3.b"
      ],
      "X6": [
        "t2.a",
        "t1.a"
      ]
    },
    "decompositionTree": {}
  },
  "joinTree": {
    "successors": [
      {
        "successors": [],
        "tables": [
          "t4"
        ],
        "attributes": [
          "X5"
        ]
      },
      {
        "successors": [],
        "tables": [
          "t3"
        ],
        "attributes": [
          "X3",
          "X5"
        ]
      }
    ],
    "tables": [
      "t1",
      "t2"
    ],
    "attributes": [
      "X3",
      "X5",
      "X6"
    ]
  },
  "query": "SELECT t1.a,t3.a\nFROM t1, t2, t3, t4\nWHERE t1.a \u003d t2.a\nAND t2.b \u003d t3.a\nAND t3.b \u003d t1.b\nAND t3.b \u003d t4.a;"
}