{
  "conf": {
    "db": "db5",
    "query": "query2.sql",
    "suffix": "balancedgo-104-01",
    "run": 1,
    "decompositionOptions": {
      "algorithm": "BALANCEDGO"
    },
    "queryTimeout": 100,
    "dbSize": 104,
    "parallel": true,
    "skipRows": true,
    "threadCount": 8,
    "booleanQuery": false,
    "useStatistics": true
  },
  "unoptimizedRuntime": 6299,
  "optimizedTotalRuntime": 9832,
  "optimizedQueryRuntime": 9689,
  "optimizedQueryTimeout": false,
  "unoptimizedQueryTimeout": false,
  "optimizedResultCorrect": true,
  "unoptimizedColumns": 9,
  "optimizedColumns": 9,
  "unoptimizedRows": 5025804,
  "optimizedRows": 5025804,
  "hypergraph": {
    "weights": [
      {
        "bag": [
          {
            "name": "t3",
            "nodes": [
              "X9",
              "X23"
            ]
          },
          {
            "name": "t5",
            "nodes": [
              "X9",
              "X5"
            ]
          }
        ],
        "weight": 8930.0
      },
      {
        "bag": [
          {
            "name": "t8",
            "nodes": [
              "X21",
              "X15"
            ]
          },
          {
            "name": "t6",
            "nodes": [
              "X21",
              "X5"
            ]
          }
        ],
        "weight": 8930.0
      },
      {
        "bag": [
          {
            "name": "t4",
            "nodes": [
              "X23",
              "X1"
            ]
          },
          {
            "name": "t7",
            "nodes": [
              "X21",
              "X23"
            ]
          }
        ],
        "weight": 839420.0719229147
      },
      {
        "bag": [
          {
            "name": "t1",
            "nodes": [
              "X1",
              "X17"
            ]
          },
          {
            "name": "t7",
            "nodes": [
              "X21",
              "X23"
            ]
          }
        ],
        "weight": 1.323426E7
      },
      {
        "bag": [
          {
            "name": "t10",
            "nodes": [
              "X19",
              "X23"
            ]
          },
          {
            "name": "t11",
            "nodes": [
              "X19",
              "X6"
            ]
          }
        ],
        "weight": 1482.0
      },
      {
        "bag": [
          {
            "name": "t10",
            "nodes": [
              "X19",
              "X23"
            ]
          },
          {
            "name": "t4",
            "nodes": [
              "X23",
              "X1"
            ]
          }
        ],
        "weight": 139308.0077844412
      },
      {
        "bag": [
          {
            "name": "t3",
            "nodes": [
              "X9",
              "X23"
            ]
          },
          {
            "name": "t4",
            "nodes": [
              "X23",
              "X1"
            ]
          }
        ],
        "weight": 839420.0719229147
      },
      {
        "bag": [
          {
            "name": "t5",
            "nodes": [
              "X9",
              "X5"
            ]
          }
        ],
        "weight": 1.0
      },
      {
        "bag": [
          {
            "name": "t8",
            "nodes": [
              "X21",
              "X15"
            ]
          },
          {
            "name": "t7",
            "nodes": [
              "X21",
              "X23"
            ]
          }
        ],
        "weight": 839420.0719229147
      },
      {
        "bag": [
          {
            "name": "t5",
            "nodes": [
              "X9",
              "X5"
            ]
          },
          {
            "name": "t1",
            "nodes": [
              "X1",
              "X17"
            ]
          }
        ],
        "weight": 1482.0
      },
      {
        "bag": [
          {
            "name": "t2",
            "nodes": [
              "X9",
              "X17"
            ]
          },
          {
            "name": "t6",
            "nodes": [
              "X21",
              "X5"
            ]
          }
        ],
        "weight": 1482.0
      },
      {
        "bag": [
          {
            "name": "t3",
            "nodes": [
              "X9",
              "X23"
            ]
          },
          {
            "name": "t9",
            "nodes": [
              "X19",
              "X15"
            ]
          }
        ],
        "weight": 7.97449E7
      },
      {
        "bag": [
          {
            "name": "t10",
            "nodes": [
              "X19",
              "X23"
            ]
          },
          {
            "name": "t6",
            "nodes": [
              "X21",
              "X5"
            ]
          }
        ],
        "weight": 1482.0
      },
      {
        "bag": [
          {
            "name": "t9",
            "nodes": [
              "X19",
              "X15"
            ]
          },
          {
            "name": "t6",
            "nodes": [
              "X21",
              "X5"
            ]
          }
        ],
        "weight": 8930.0
      },
      {
        "bag": [
          {
            "name": "t12",
            "nodes": [
              "X6",
              "X7"
            ]
          },
          {
            "name": "t3",
            "nodes": [
              "X9",
              "X23"
            ]
          }
        ],
        "weight": 8930.0
      },
      {
        "bag": [
          {
            "name": "t10",
            "nodes": [
              "X19",
              "X23"
            ]
          },
          {
            "name": "t2",
            "nodes": [
              "X9",
              "X17"
            ]
          }
        ],
        "weight": 2196324.0
      },
      {
        "bag": [
          {
            "name": "t3",
            "nodes": [
              "X9",
              "X23"
            ]
          },
          {
            "name": "t6",
            "nodes": [
              "X21",
              "X5"
            ]
          }
        ],
        "weight": 8930.0
      },
      {
        "bag": [
          {
            "name": "t5",
            "nodes": [
              "X9",
              "X5"
            ]
          },
          {
            "name": "t7",
            "nodes": [
              "X21",
              "X23"
            ]
          }
        ],
        "weight": 8930.0
      },
      {
        "bag": [
          {
            "name": "t6",
            "nodes": [
              "X21",
              "X5"
            ]
          },
          {
            "name": "t11",
            "nodes": [
              "X19",
              "X6"
            ]
          }
        ],
        "weight": 1.0
      },
      {
        "bag": [
          {
            "name": "t2",
            "nodes": [
              "X9",
              "X17"
            ]
          },
          {
            "name": "t1",
            "nodes": [
              "X1",
              "X17"
            ]
          }
        ],
        "weight": 56316.00146855415
      },
      {
        "bag": [
          {
            "name": "t12",
            "nodes": [
              "X6",
              "X7"
            ]
          },
          {
            "name": "t11",
            "nodes": [
              "X19",
              "X6"
            ]
          }
        ],
        "weight": 1.0
      },
      {
        "bag": [
          {
            "name": "t5",
            "nodes": [
              "X9",
              "X5"
            ]
          },
          {
            "name": "t4",
            "nodes": [
              "X23",
              "X1"
            ]
          }
        ],
        "weight": 8930.0
      },
      {
        "bag": [
          {
            "name": "t10",
            "nodes": [
              "X19",
              "X23"
            ]
          },
          {
            "name": "t1",
            "nodes": [
              "X1",
              "X17"
            ]
          }
        ],
        "weight": 2196324.0
      },
      {
        "bag": [
          {
            "name": "t3",
            "nodes": [
              "X9",
              "X23"
            ]
          },
          {
            "name": "t1",
            "nodes": [
              "X1",
              "X17"
            ]
          }
        ],
        "weight": 1.323426E7
      },
      {
        "bag": [
          {
            "name": "t2",
            "nodes": [
              "X9",
              "X17"
            ]
          },
          {
            "name": "t8",
            "nodes": [
              "X21",
              "X15"
            ]
          }
        ],
        "weight": 1.323426E7
      },
      {
        "bag": [
          {
            "name": "t9",
            "nodes": [
              "X19",
              "X15"
            ]
          },
          {
            "name": "t7",
            "nodes": [
              "X21",
              "X23"
            ]
          }
        ],
        "weight": 7.97449E7
      },
      {
        "bag": [
          {
            "name": "t9",
            "nodes": [
              "X19",
              "X15"
            ]
          },
          {
            "name": "t8",
            "nodes": [
              "X21",
              "X15"
            ]
          }
        ],
        "weight": 839420.0719229147
      },
      {
        "bag": [
          {
            "name": "t6",
            "nodes": [
              "X21",
              "X5"
            ]
          }
        ],
        "weight": 1.0
      },
      {
        "bag": [
          {
            "name": "t3",
            "nodes": [
              "X9",
              "X23"
            ]
          },
          {
            "name": "t7",
            "nodes": [
              "X21",
              "X23"
            ]
          }
        ],
        "weight": 839420.0719229147
      },
      {
        "bag": [
          {
            "name": "t6",
            "nodes": [
              "X21",
              "X5"
            ]
          },
          {
            "name": "t4",
            "nodes": [
              "X23",
              "X1"
            ]
          }
        ],
        "weight": 8930.0
      },
      {
        "bag": [
          {
            "name": "t3",
            "nodes": [
              "X9",
              "X23"
            ]
          }
        ],
        "weight": 8930.00076513739
      },
      {
        "bag": [
          {
            "name": "t2",
            "nodes": [
              "X9",
              "X17"
            ]
          },
          {
            "name": "t11",
            "nodes": [
              "X19",
              "X6"
            ]
          }
        ],
        "weight": 1482.0
      },
      {
        "bag": [
          {
            "name": "t3",
            "nodes": [
              "X9",
              "X23"
            ]
          },
          {
            "name": "t8",
            "nodes": [
              "X21",
              "X15"
            ]
          }
        ],
        "weight": 7.97449E7
      },
      {
        "bag": [
          {
            "name": "t11",
            "nodes": [
              "X19",
              "X6"
            ]
          }
        ],
        "weight": 1.0
      },
      {
        "bag": [
          {
            "name": "t3",
            "nodes": [
              "X9",
              "X23"
            ]
          },
          {
            "name": "t11",
            "nodes": [
              "X19",
              "X6"
            ]
          }
        ],
        "weight": 8930.0
      },
      {
        "bag": [
          {
            "name": "t10",
            "nodes": [
              "X19",
              "X23"
            ]
          },
          {
            "name": "t7",
            "nodes": [
              "X21",
              "X23"
            ]
          }
        ],
        "weight": 139308.0077844412
      },
      {
        "bag": [
          {
            "name": "t3",
            "nodes": [
              "X9",
              "X23"
            ]
          },
          {
            "name": "t2",
            "nodes": [
              "X9",
              "X17"
            ]
          }
        ],
        "weight": 139308.0077844412
      },
      {
        "bag": [
          {
            "name": "t9",
            "nodes": [
              "X19",
              "X15"
            ]
          },
          {
            "name": "t5",
            "nodes": [
              "X9",
              "X5"
            ]
          }
        ],
        "weight": 8930.0
      },
      {
        "bag": [
          {
            "name": "t12",
            "nodes": [
              "X6",
              "X7"
            ]
          },
          {
            "name": "t9",
            "nodes": [
              "X19",
              "X15"
            ]
          }
        ],
        "weight": 8930.0
      },
      {
        "bag": [
          {
            "name": "t9",
            "nodes": [
              "X19",
              "X15"
            ]
          },
          {
            "name": "t1",
            "nodes": [
              "X1",
              "X17"
            ]
          }
        ],
        "weight": 1.323426E7
      },
      {
        "bag": [
          {
            "name": "t12",
            "nodes": [
              "X6",
              "X7"
            ]
          },
          {
            "name": "t7",
            "nodes": [
              "X21",
              "X23"
            ]
          }
        ],
        "weight": 8930.0
      },
      {
        "bag": [
          {
            "name": "t6",
            "nodes": [
              "X21",
              "X5"
            ]
          },
          {
            "name": "t1",
            "nodes": [
              "X1",
              "X17"
            ]
          }
        ],
        "weight": 1482.0
      },
      {
        "bag": [
          {
            "name": "t4",
            "nodes": [
              "X23",
              "X1"
            ]
          }
        ],
        "weight": 8930.00076513739
      },
      {
        "bag": [
          {
            "name": "t12",
            "nodes": [
              "X6",
              "X7"
            ]
          },
          {
            "name": "t8",
            "nodes": [
              "X21",
              "X15"
            ]
          }
        ],
        "weight": 8930.0
      },
      {
        "bag": [
          {
            "name": "t8",
            "nodes": [
              "X21",
              "X15"
            ]
          },
          {
            "name": "t4",
            "nodes": [
              "X23",
              "X1"
            ]
          }
        ],
        "weight": 7.97449E7
      },
      {
        "bag": [
          {
            "name": "t12",
            "nodes": [
              "X6",
              "X7"
            ]
          },
          {
            "name": "t2",
            "nodes": [
              "X9",
              "X17"
            ]
          }
        ],
        "weight": 1482.0
      },
      {
        "bag": [
          {
            "name": "t9",
            "nodes": [
              "X19",
              "X15"
            ]
          },
          {
            "name": "t4",
            "nodes": [
              "X23",
              "X1"
            ]
          }
        ],
        "weight": 7.97449E7
      },
      {
        "bag": [
          {
            "name": "t10",
            "nodes": [
              "X19",
              "X23"
            ]
          }
        ],
        "weight": 1482.0000386461618
      },
      {
        "bag": [
          {
            "name": "t11",
            "nodes": [
              "X19",
              "X6"
            ]
          },
          {
            "name": "t1",
            "nodes": [
              "X1",
              "X17"
            ]
          }
        ],
        "weight": 1482.0
      },
      {
        "bag": [
          {
            "name": "t11",
            "nodes": [
              "X19",
              "X6"
            ]
          },
          {
            "name": "t4",
            "nodes": [
              "X23",
              "X1"
            ]
          }
        ],
        "weight": 8930.0
      },
      {
        "bag": [
          {
            "name": "t10",
            "nodes": [
              "X19",
              "X23"
            ]
          },
          {
            "name": "t3",
            "nodes": [
              "X9",
              "X23"
            ]
          }
        ],
        "weight": 139308.0077844412
      },
      {
        "bag": [
          {
            "name": "t8",
            "nodes": [
              "X21",
              "X15"
            ]
          },
          {
            "name": "t11",
            "nodes": [
              "X19",
              "X6"
            ]
          }
        ],
        "weight": 8930.0
      },
      {
        "bag": [
          {
            "name": "t12",
            "nodes": [
              "X6",
              "X7"
            ]
          },
          {
            "name": "t1",
            "nodes": [
              "X1",
              "X17"
            ]
          }
        ],
        "weight": 1482.0
      },
      {
        "bag": [
          {
            "name": "t4",
            "nodes": [
              "X23",
              "X1"
            ]
          },
          {
            "name": "t1",
            "nodes": [
              "X1",
              "X17"
            ]
          }
        ],
        "weight": 139308.0077844412
      },
      {
        "bag": [
          {
            "name": "t2",
            "nodes": [
              "X9",
              "X17"
            ]
          },
          {
            "name": "t4",
            "nodes": [
              "X23",
              "X1"
            ]
          }
        ],
        "weight": 1.323426E7
      },
      {
        "bag": [
          {
            "name": "t11",
            "nodes": [
              "X19",
              "X6"
            ]
          },
          {
            "name": "t7",
            "nodes": [
              "X21",
              "X23"
            ]
          }
        ],
        "weight": 8930.0
      },
      {
        "bag": [
          {
            "name": "t10",
            "nodes": [
              "X19",
              "X23"
            ]
          },
          {
            "name": "t9",
            "nodes": [
              "X19",
              "X15"
            ]
          }
        ],
        "weight": 139308.0077844412
      },
      {
        "bag": [
          {
            "name": "t1",
            "nodes": [
              "X1",
              "X17"
            ]
          }
        ],
        "weight": 1482.0000386461618
      },
      {
        "bag": [
          {
            "name": "t7",
            "nodes": [
              "X21",
              "X23"
            ]
          }
        ],
        "weight": 8930.00076513739
      },
      {
        "bag": [
          {
            "name": "t6",
            "nodes": [
              "X21",
              "X5"
            ]
          },
          {
            "name": "t7",
            "nodes": [
              "X21",
              "X23"
            ]
          }
        ],
        "weight": 8930.0
      },
      {
        "bag": [
          {
            "name": "t10",
            "nodes": [
              "X19",
              "X23"
            ]
          },
          {
            "name": "t5",
            "nodes": [
              "X9",
              "X5"
            ]
          }
        ],
        "weight": 1482.0
      },
      {
        "bag": [
          {
            "name": "t2",
            "nodes": [
              "X9",
              "X17"
            ]
          },
          {
            "name": "t5",
            "nodes": [
              "X9",
              "X5"
            ]
          }
        ],
        "weight": 1482.0
      },
      {
        "bag": [
          {
            "name": "t12",
            "nodes": [
              "X6",
              "X7"
            ]
          },
          {
            "name": "t4",
            "nodes": [
              "X23",
              "X1"
            ]
          }
        ],
        "weight": 8930.0
      },
      {
        "bag": [
          {
            "name": "t6",
            "nodes": [
              "X21",
              "X5"
            ]
          },
          {
            "name": "t5",
            "nodes": [
              "X9",
              "X5"
            ]
          }
        ],
        "weight": 1.0
      },
      {
        "bag": [
          {
            "name": "t8",
            "nodes": [
              "X21",
              "X15"
            ]
          },
          {
            "name": "t1",
            "nodes": [
              "X1",
              "X17"
            ]
          }
        ],
        "weight": 1.323426E7
      },
      {
        "bag": [
          {
            "name": "t10",
            "nodes": [
              "X19",
              "X23"
            ]
          },
          {
            "name": "t12",
            "nodes": [
              "X6",
              "X7"
            ]
          }
        ],
        "weight": 1482.0
      },
      {
        "bag": [
          {
            "name": "t8",
            "nodes": [
              "X21",
              "X15"
            ]
          }
        ],
        "weight": 8930.00076513739
      },
      {
        "bag": [
          {
            "name": "t12",
            "nodes": [
              "X6",
              "X7"
            ]
          },
          {
            "name": "t6",
            "nodes": [
              "X21",
              "X5"
            ]
          }
        ],
        "weight": 1.0
      },
      {
        "bag": [
          {
            "name": "t12",
            "nodes": [
              "X6",
              "X7"
            ]
          }
        ],
        "weight": 1.0
      },
      {
        "bag": [
          {
            "name": "t5",
            "nodes": [
              "X9",
              "X5"
            ]
          },
          {
            "name": "t11",
            "nodes": [
              "X19",
              "X6"
            ]
          }
        ],
        "weight": 1.0
      },
      {
        "bag": [
          {
            "name": "t9",
            "nodes": [
              "X19",
              "X15"
            ]
          },
          {
            "name": "t11",
            "nodes": [
              "X19",
              "X6"
            ]
          }
        ],
        "weight": 8930.0
      },
      {
        "bag": [
          {
            "name": "t2",
            "nodes": [
              "X9",
              "X17"
            ]
          }
        ],
        "weight": 1482.0000386461618
      },
      {
        "bag": [
          {
            "name": "t9",
            "nodes": [
              "X19",
              "X15"
            ]
          },
          {
            "name": "t2",
            "nodes": [
              "X9",
              "X17"
            ]
          }
        ],
        "weight": 1.323426E7
      },
      {
        "bag": [
          {
            "name": "t9",
            "nodes": [
              "X19",
              "X15"
            ]
          }
        ],
        "weight": 8930.00076513739
      },
      {
        "bag": [
          {
            "name": "t2",
            "nodes": [
              "X9",
              "X17"
            ]
          },
          {
            "name": "t7",
            "nodes": [
              "X21",
              "X23"
            ]
          }
        ],
        "weight": 1.323426E7
      },
      {
        "bag": [
          {
            "name": "t12",
            "nodes": [
              "X6",
              "X7"
            ]
          },
          {
            "name": "t5",
            "nodes": [
              "X9",
              "X5"
            ]
          }
        ],
        "weight": 1.0
      },
      {
        "bag": [
          {
            "name": "t10",
            "nodes": [
              "X19",
              "X23"
            ]
          },
          {
            "name": "t8",
            "nodes": [
              "X21",
              "X15"
            ]
          }
        ],
        "weight": 1.323426E7
      },
      {
        "bag": [
          {
            "name": "t8",
            "nodes": [
              "X21",
              "X15"
            ]
          },
          {
            "name": "t5",
            "nodes": [
              "X9",
              "X5"
            ]
          }
        ],
        "weight": 8930.0
      }
    ],
    "statistics": {
      "t4": {
        "rowCount": 8930,
        "mostCommonFrequencies": {
          "a": {
            "44": 0.010526316240429878,
            "88": 0.010526316240429878,
            "45": 0.010526316240429878,
            "89": 0.010526316240429878,
            "46": 0.010526316240429878,
            "47": 0.010526316240429878,
            "48": 0.010526316240429878,
            "49": 0.010526316240429878,
            "90": 0.010526316240429878,
            "91": 0.010526316240429878,
            "92": 0.010526316240429878,
            "93": 0.010526316240429878,
            "50": 0.010526316240429878,
            "94": 0.010526316240429878,
            "51": 0.010526316240429878,
            "95": 0.010526316240429878,
            "52": 0.010526316240429878,
            "53": 0.010526316240429878,
            "10": 0.010526316240429878,
            "54": 0.010526316240429878,
            "11": 0.010526316240429878,
            "55": 0.010526316240429878,
            "12": 0.010526316240429878,
            "56": 0.010526316240429878,
            "13": 0.010526316240429878,
            "57": 0.010526316240429878,
            "14": 0.010526316240429878,
            "58": 0.010526316240429878,
            "15": 0.010526316240429878,
            "59": 0.010526316240429878,
            "16": 0.010526316240429878,
            "17": 0.010526316240429878,
            "18": 0.010526316240429878,
            "19": 0.010526316240429878,
            "1": 0.010526316240429878,
            "2": 0.010526316240429878,
            "3": 0.010526316240429878,
            "4": 0.010526316240429878,
            "5": 0.010526316240429878,
            "6": 0.010526316240429878,
            "7": 0.010526316240429878,
            "8": 0.010526316240429878,
            "9": 0.010526316240429878,
            "60": 0.010526316240429878,
            "61": 0.010526316240429878,
            "62": 0.010526316240429878,
            "63": 0.010526316240429878,
            "20": 0.010526316240429878,
            "64": 0.010526316240429878,
            "21": 0.010526316240429878,
            "65": 0.010526316240429878,
            "22": 0.010526316240429878,
            "66": 0.010526316240429878,
            "23": 0.010526316240429878,
            "67": 0.010526316240429878,
            "24": 0.010526316240429878,
            "68": 0.010526316240429878,
            "25": 0.010526316240429878,
            "69": 0.010526316240429878,
            "26": 0.010526316240429878,
            "27": 0.010526316240429878,
            "28": 0.010526316240429878,
            "29": 0.010526316240429878,
            "70": 0.010526316240429878,
            "71": 0.010526316240429878,
            "72": 0.010526316240429878,
            "73": 0.010526316240429878,
            "30": 0.010526316240429878,
            "74": 0.010526316240429878,
            "31": 0.010526316240429878,
            "75": 0.010526316240429878,
            "32": 0.010526316240429878,
            "76": 0.010526316240429878,
            "33": 0.010526316240429878,
            "77": 0.010526316240429878,
            "34": 0.010526316240429878,
            "78": 0.010526316240429878,
            "35": 0.010526316240429878,
            "79": 0.010526316240429878,
            "36": 0.010526316240429878,
            "37": 0.010526316240429878,
            "38": 0.010526316240429878,
            "39": 0.010526316240429878,
            "80": 0.010526316240429878,
            "81": 0.010526316240429878,
            "82": 0.010526316240429878,
            "83": 0.010526316240429878,
            "40": 0.010526316240429878,
            "84": 0.010526316240429878,
            "41": 0.010526316240429878,
            "85": 0.010526316240429878,
            "42": 0.010526316240429878,
            "86": 0.010526316240429878,
            "43": 0.010526316240429878,
            "87": 0.010526316240429878
          },
          "b": {
            "44": 0.010526316240429878,
            "88": 0.010526316240429878,
            "45": 0.010526316240429878,
            "89": 0.010526316240429878,
            "46": 0.010526316240429878,
            "47": 0.010526316240429878,
            "48": 0.010526316240429878,
            "49": 0.010526316240429878,
            "90": 0.010526316240429878,
            "91": 0.010526316240429878,
            "92": 0.010526316240429878,
            "93": 0.010526316240429878,
            "50": 0.010526316240429878,
            "94": 0.010526316240429878,
            "51": 0.010526316240429878,
            "95": 0.010526316240429878,
            "52": 0.010526316240429878,
            "53": 0.010526316240429878,
            "10": 0.010526316240429878,
            "54": 0.010526316240429878,
            "11": 0.010526316240429878,
            "55": 0.010526316240429878,
            "12": 0.010526316240429878,
            "56": 0.010526316240429878,
            "13": 0.010526316240429878,
            "57": 0.010526316240429878,
            "14": 0.010526316240429878,
            "58": 0.010526316240429878,
            "15": 0.010526316240429878,
            "59": 0.010526316240429878,
            "16": 0.010526316240429878,
            "17": 0.010526316240429878,
            "18": 0.010526316240429878,
            "19": 0.010526316240429878,
            "1": 0.010526316240429878,
            "2": 0.010526316240429878,
            "3": 0.010526316240429878,
            "4": 0.010526316240429878,
            "5": 0.010526316240429878,
            "6": 0.010526316240429878,
            "7": 0.010526316240429878,
            "8": 0.010526316240429878,
            "9": 0.010526316240429878,
            "60": 0.010526316240429878,
            "61": 0.010526316240429878,
            "62": 0.010526316240429878,
            "63": 0.010526316240429878,
            "20": 0.010526316240429878,
            "64": 0.010526316240429878,
            "21": 0.010526316240429878,
            "65": 0.010526316240429878,
            "22": 0.010526316240429878,
            "66": 0.010526316240429878,
            "23": 0.010526316240429878,
            "67": 0.010526316240429878,
            "24": 0.010526316240429878,
            "68": 0.010526316240429878,
            "25": 0.010526316240429878,
            "69": 0.010526316240429878,
            "26": 0.010526316240429878,
            "27": 0.010526316240429878,
            "28": 0.010526316240429878,
            "29": 0.010526316240429878,
            "70": 0.010526316240429878,
            "71": 0.010526316240429878,
            "72": 0.010526316240429878,
            "73": 0.010526316240429878,
            "30": 0.010526316240429878,
            "74": 0.010526316240429878,
            "31": 0.010526316240429878,
            "75": 0.010526316240429878,
            "32": 0.010526316240429878,
            "76": 0.010526316240429878,
            "33": 0.010526316240429878,
            "77": 0.010526316240429878,
            "34": 0.010526316240429878,
            "78": 0.010526316240429878,
            "35": 0.010526316240429878,
            "79": 0.010526316240429878,
            "36": 0.010526316240429878,
            "37": 0.010526316240429878,
            "38": 0.010526316240429878,
            "39": 0.010526316240429878,
            "80": 0.010526316240429878,
            "81": 0.010526316240429878,
            "82": 0.010526316240429878,
            "83": 0.010526316240429878,
            "40": 0.010526316240429878,
            "84": 0.010526316240429878,
            "41": 0.010526316240429878,
            "85": 0.010526316240429878,
            "42": 0.010526316240429878,
            "86": 0.010526316240429878,
            "43": 0.010526316240429878,
            "87": 0.010526316240429878
          }
        }
      },
      "t5": {
        "rowCount": 1,
        "mostCommonFrequencies": {
          "a": {},
          "b": {}
        }
      },
      "t6": {
        "rowCount": 1,
        "mostCommonFrequencies": {
          "a": {},
          "b": {}
        }
      },
      "t10": {
        "rowCount": 1482,
        "mostCommonFrequencies": {
          "a": {
            "22": 0.025641025975346565,
            "23": 0.025641025975346565,
            "24": 0.025641025975346565,
            "25": 0.025641025975346565,
            "26": 0.025641025975346565,
            "27": 0.025641025975346565,
            "28": 0.025641025975346565,
            "29": 0.025641025975346565,
            "30": 0.025641025975346565,
            "31": 0.025641025975346565,
            "10": 0.025641025975346565,
            "32": 0.025641025975346565,
            "11": 0.025641025975346565,
            "33": 0.025641025975346565,
            "12": 0.025641025975346565,
            "34": 0.025641025975346565,
            "13": 0.025641025975346565,
            "35": 0.025641025975346565,
            "14": 0.025641025975346565,
            "36": 0.025641025975346565,
            "15": 0.025641025975346565,
            "37": 0.025641025975346565,
            "16": 0.025641025975346565,
            "38": 0.025641025975346565,
            "17": 0.025641025975346565,
            "39": 0.025641025975346565,
            "18": 0.025641025975346565,
            "19": 0.025641025975346565,
            "1": 0.025641025975346565,
            "2": 0.025641025975346565,
            "3": 0.025641025975346565,
            "4": 0.025641025975346565,
            "5": 0.025641025975346565,
            "6": 0.025641025975346565,
            "7": 0.025641025975346565,
            "8": 0.025641025975346565,
            "9": 0.025641025975346565,
            "20": 0.025641025975346565,
            "21": 0.025641025975346565
          },
          "b": {
            "22": 0.025641025975346565,
            "23": 0.025641025975346565,
            "24": 0.025641025975346565,
            "25": 0.025641025975346565,
            "26": 0.025641025975346565,
            "27": 0.025641025975346565,
            "28": 0.025641025975346565,
            "29": 0.025641025975346565,
            "30": 0.025641025975346565,
            "31": 0.025641025975346565,
            "10": 0.025641025975346565,
            "32": 0.025641025975346565,
            "11": 0.025641025975346565,
            "33": 0.025641025975346565,
            "12": 0.025641025975346565,
            "34": 0.025641025975346565,
            "13": 0.025641025975346565,
            "35": 0.025641025975346565,
            "14": 0.025641025975346565,
            "36": 0.025641025975346565,
            "15": 0.025641025975346565,
            "37": 0.025641025975346565,
            "16": 0.025641025975346565,
            "38": 0.025641025975346565,
            "17": 0.025641025975346565,
            "39": 0.025641025975346565,
            "18": 0.025641025975346565,
            "19": 0.025641025975346565,
            "1": 0.025641025975346565,
            "2": 0.025641025975346565,
            "3": 0.025641025975346565,
            "4": 0.025641025975346565,
            "5": 0.025641025975346565,
            "6": 0.025641025975346565,
            "7": 0.025641025975346565,
            "8": 0.025641025975346565,
            "9": 0.025641025975346565,
            "20": 0.025641025975346565,
            "21": 0.025641025975346565
          }
        }
      },
      "t7": {
        "rowCount": 8930,
        "mostCommonFrequencies": {
          "a": {
            "44": 0.010526316240429878,
            "88": 0.010526316240429878,
            "45": 0.010526316240429878,
            "89": 0.010526316240429878,
            "46": 0.010526316240429878,
            "47": 0.010526316240429878,
            "48": 0.010526316240429878,
            "49": 0.010526316240429878,
            "90": 0.010526316240429878,
            "91": 0.010526316240429878,
            "92": 0.010526316240429878,
            "93": 0.010526316240429878,
            "50": 0.010526316240429878,
            "94": 0.010526316240429878,
            "51": 0.010526316240429878,
            "95": 0.010526316240429878,
            "52": 0.010526316240429878,
            "53": 0.010526316240429878,
            "10": 0.010526316240429878,
            "54": 0.010526316240429878,
            "11": 0.010526316240429878,
            "55": 0.010526316240429878,
            "12": 0.010526316240429878,
            "56": 0.010526316240429878,
            "13": 0.010526316240429878,
            "57": 0.010526316240429878,
            "14": 0.010526316240429878,
            "58": 0.010526316240429878,
            "15": 0.010526316240429878,
            "59": 0.010526316240429878,
            "16": 0.010526316240429878,
            "17": 0.010526316240429878,
            "18": 0.010526316240429878,
            "19": 0.010526316240429878,
            "1": 0.010526316240429878,
            "2": 0.010526316240429878,
            "3": 0.010526316240429878,
            "4": 0.010526316240429878,
            "5": 0.010526316240429878,
            "6": 0.010526316240429878,
            "7": 0.010526316240429878,
            "8": 0.010526316240429878,
            "9": 0.010526316240429878,
            "60": 0.010526316240429878,
            "61": 0.010526316240429878,
            "62": 0.010526316240429878,
            "63": 0.010526316240429878,
            "20": 0.010526316240429878,
            "64": 0.010526316240429878,
            "21": 0.010526316240429878,
            "65": 0.010526316240429878,
            "22": 0.010526316240429878,
            "66": 0.010526316240429878,
            "23": 0.010526316240429878,
            "67": 0.010526316240429878,
            "24": 0.010526316240429878,
            "68": 0.010526316240429878,
            "25": 0.010526316240429878,
            "69": 0.010526316240429878,
            "26": 0.010526316240429878,
            "27": 0.010526316240429878,
            "28": 0.010526316240429878,
            "29": 0.010526316240429878,
            "70": 0.010526316240429878,
            "71": 0.010526316240429878,
            "72": 0.010526316240429878,
            "73": 0.010526316240429878,
            "30": 0.010526316240429878,
            "74": 0.010526316240429878,
            "31": 0.010526316240429878,
            "75": 0.010526316240429878,
            "32": 0.010526316240429878,
            "76": 0.010526316240429878,
            "33": 0.010526316240429878,
            "77": 0.010526316240429878,
            "34": 0.010526316240429878,
            "78": 0.010526316240429878,
            "35": 0.010526316240429878,
            "79": 0.010526316240429878,
            "36": 0.010526316240429878,
            "37": 0.010526316240429878,
            "38": 0.010526316240429878,
            "39": 0.010526316240429878,
            "80": 0.010526316240429878,
            "81": 0.010526316240429878,
            "82": 0.010526316240429878,
            "83": 0.010526316240429878,
            "40": 0.010526316240429878,
            "84": 0.010526316240429878,
            "41": 0.010526316240429878,
            "85": 0.010526316240429878,
            "42": 0.010526316240429878,
            "86": 0.010526316240429878,
            "43": 0.010526316240429878,
            "87": 0.010526316240429878
          },
          "b": {
            "44": 0.010526316240429878,
            "88": 0.010526316240429878,
            "45": 0.010526316240429878,
            "89": 0.010526316240429878,
            "46": 0.010526316240429878,
            "47": 0.010526316240429878,
            "48": 0.010526316240429878,
            "49": 0.010526316240429878,
            "90": 0.010526316240429878,
            "91": 0.010526316240429878,
            "92": 0.010526316240429878,
            "93": 0.010526316240429878,
            "50": 0.010526316240429878,
            "94": 0.010526316240429878,
            "51": 0.010526316240429878,
            "95": 0.010526316240429878,
            "52": 0.010526316240429878,
            "53": 0.010526316240429878,
            "10": 0.010526316240429878,
            "54": 0.010526316240429878,
            "11": 0.010526316240429878,
            "55": 0.010526316240429878,
            "12": 0.010526316240429878,
            "56": 0.010526316240429878,
            "13": 0.010526316240429878,
            "57": 0.010526316240429878,
            "14": 0.010526316240429878,
            "58": 0.010526316240429878,
            "15": 0.010526316240429878,
            "59": 0.010526316240429878,
            "16": 0.010526316240429878,
            "17": 0.010526316240429878,
            "18": 0.010526316240429878,
            "19": 0.010526316240429878,
            "1": 0.010526316240429878,
            "2": 0.010526316240429878,
            "3": 0.010526316240429878,
            "4": 0.010526316240429878,
            "5": 0.010526316240429878,
            "6": 0.010526316240429878,
            "7": 0.010526316240429878,
            "8": 0.010526316240429878,
            "9": 0.010526316240429878,
            "60": 0.010526316240429878,
            "61": 0.010526316240429878,
            "62": 0.010526316240429878,
            "63": 0.010526316240429878,
            "20": 0.010526316240429878,
            "64": 0.010526316240429878,
            "21": 0.010526316240429878,
            "65": 0.010526316240429878,
            "22": 0.010526316240429878,
            "66": 0.010526316240429878,
            "23": 0.010526316240429878,
            "67": 0.010526316240429878,
            "24": 0.010526316240429878,
            "68": 0.010526316240429878,
            "25": 0.010526316240429878,
            "69": 0.010526316240429878,
            "26": 0.010526316240429878,
            "27": 0.010526316240429878,
            "28": 0.010526316240429878,
            "29": 0.010526316240429878,
            "70": 0.010526316240429878,
            "71": 0.010526316240429878,
            "72": 0.010526316240429878,
            "73": 0.010526316240429878,
            "30": 0.010526316240429878,
            "74": 0.010526316240429878,
            "31": 0.010526316240429878,
            "75": 0.010526316240429878,
            "32": 0.010526316240429878,
            "76": 0.010526316240429878,
            "33": 0.010526316240429878,
            "77": 0.010526316240429878,
            "34": 0.010526316240429878,
            "78": 0.010526316240429878,
            "35": 0.010526316240429878,
            "79": 0.010526316240429878,
            "36": 0.010526316240429878,
            "37": 0.010526316240429878,
            "38": 0.010526316240429878,
            "39": 0.010526316240429878,
            "80": 0.010526316240429878,
            "81": 0.010526316240429878,
            "82": 0.010526316240429878,
            "83": 0.010526316240429878,
            "40": 0.010526316240429878,
            "84": 0.010526316240429878,
            "41": 0.010526316240429878,
            "85": 0.010526316240429878,
            "42": 0.010526316240429878,
            "86": 0.010526316240429878,
            "43": 0.010526316240429878,
            "87": 0.010526316240429878
          }
        }
      },
      "t8": {
        "rowCount": 8930,
        "mostCommonFrequencies": {
          "a": {
            "44": 0.010526316240429878,
            "88": 0.010526316240429878,
            "45": 0.010526316240429878,
            "89": 0.010526316240429878,
            "46": 0.010526316240429878,
            "47": 0.010526316240429878,
            "48": 0.010526316240429878,
            "49": 0.010526316240429878,
            "90": 0.010526316240429878,
            "91": 0.010526316240429878,
            "92": 0.010526316240429878,
            "93": 0.010526316240429878,
            "50": 0.010526316240429878,
            "94": 0.010526316240429878,
            "51": 0.010526316240429878,
            "95": 0.010526316240429878,
            "52": 0.010526316240429878,
            "53": 0.010526316240429878,
            "10": 0.010526316240429878,
            "54": 0.010526316240429878,
            "11": 0.010526316240429878,
            "55": 0.010526316240429878,
            "12": 0.010526316240429878,
            "56": 0.010526316240429878,
            "13": 0.010526316240429878,
            "57": 0.010526316240429878,
            "14": 0.010526316240429878,
            "58": 0.010526316240429878,
            "15": 0.010526316240429878,
            "59": 0.010526316240429878,
            "16": 0.010526316240429878,
            "17": 0.010526316240429878,
            "18": 0.010526316240429878,
            "19": 0.010526316240429878,
            "1": 0.010526316240429878,
            "2": 0.010526316240429878,
            "3": 0.010526316240429878,
            "4": 0.010526316240429878,
            "5": 0.010526316240429878,
            "6": 0.010526316240429878,
            "7": 0.010526316240429878,
            "8": 0.010526316240429878,
            "9": 0.010526316240429878,
            "60": 0.010526316240429878,
            "61": 0.010526316240429878,
            "62": 0.010526316240429878,
            "63": 0.010526316240429878,
            "20": 0.010526316240429878,
            "64": 0.010526316240429878,
            "21": 0.010526316240429878,
            "65": 0.010526316240429878,
            "22": 0.010526316240429878,
            "66": 0.010526316240429878,
            "23": 0.010526316240429878,
            "67": 0.010526316240429878,
            "24": 0.010526316240429878,
            "68": 0.010526316240429878,
            "25": 0.010526316240429878,
            "69": 0.010526316240429878,
            "26": 0.010526316240429878,
            "27": 0.010526316240429878,
            "28": 0.010526316240429878,
            "29": 0.010526316240429878,
            "70": 0.010526316240429878,
            "71": 0.010526316240429878,
            "72": 0.010526316240429878,
            "73": 0.010526316240429878,
            "30": 0.010526316240429878,
            "74": 0.010526316240429878,
            "31": 0.010526316240429878,
            "75": 0.010526316240429878,
            "32": 0.010526316240429878,
            "76": 0.010526316240429878,
            "33": 0.010526316240429878,
            "77": 0.010526316240429878,
            "34": 0.010526316240429878,
            "78": 0.010526316240429878,
            "35": 0.010526316240429878,
            "79": 0.010526316240429878,
            "36": 0.010526316240429878,
            "37": 0.010526316240429878,
            "38": 0.010526316240429878,
            "39": 0.010526316240429878,
            "80": 0.010526316240429878,
            "81": 0.010526316240429878,
            "82": 0.010526316240429878,
            "83": 0.010526316240429878,
            "40": 0.010526316240429878,
            "84": 0.010526316240429878,
            "41": 0.010526316240429878,
            "85": 0.010526316240429878,
            "42": 0.010526316240429878,
            "86": 0.010526316240429878,
            "43": 0.010526316240429878,
            "87": 0.010526316240429878
          },
          "b": {
            "44": 0.010526316240429878,
            "88": 0.010526316240429878,
            "45": 0.010526316240429878,
            "89": 0.010526316240429878,
            "46": 0.010526316240429878,
            "47": 0.010526316240429878,
            "48": 0.010526316240429878,
            "49": 0.010526316240429878,
            "90": 0.010526316240429878,
            "91": 0.010526316240429878,
            "92": 0.010526316240429878,
            "93": 0.010526316240429878,
            "50": 0.010526316240429878,
            "94": 0.010526316240429878,
            "51": 0.010526316240429878,
            "95": 0.010526316240429878,
            "52": 0.010526316240429878,
            "53": 0.010526316240429878,
            "10": 0.010526316240429878,
            "54": 0.010526316240429878,
            "11": 0.010526316240429878,
            "55": 0.010526316240429878,
            "12": 0.010526316240429878,
            "56": 0.010526316240429878,
            "13": 0.010526316240429878,
            "57": 0.010526316240429878,
            "14": 0.010526316240429878,
            "58": 0.010526316240429878,
            "15": 0.010526316240429878,
            "59": 0.010526316240429878,
            "16": 0.010526316240429878,
            "17": 0.010526316240429878,
            "18": 0.010526316240429878,
            "19": 0.010526316240429878,
            "1": 0.010526316240429878,
            "2": 0.010526316240429878,
            "3": 0.010526316240429878,
            "4": 0.010526316240429878,
            "5": 0.010526316240429878,
            "6": 0.010526316240429878,
            "7": 0.010526316240429878,
            "8": 0.010526316240429878,
            "9": 0.010526316240429878,
            "60": 0.010526316240429878,
            "61": 0.010526316240429878,
            "62": 0.010526316240429878,
            "63": 0.010526316240429878,
            "20": 0.010526316240429878,
            "64": 0.010526316240429878,
            "21": 0.010526316240429878,
            "65": 0.010526316240429878,
            "22": 0.010526316240429878,
            "66": 0.010526316240429878,
            "23": 0.010526316240429878,
            "67": 0.010526316240429878,
            "24": 0.010526316240429878,
            "68": 0.010526316240429878,
            "25": 0.010526316240429878,
            "69": 0.010526316240429878,
            "26": 0.010526316240429878,
            "27": 0.010526316240429878,
            "28": 0.010526316240429878,
            "29": 0.010526316240429878,
            "70": 0.010526316240429878,
            "71": 0.010526316240429878,
            "72": 0.010526316240429878,
            "73": 0.010526316240429878,
            "30": 0.010526316240429878,
            "74": 0.010526316240429878,
            "31": 0.010526316240429878,
            "75": 0.010526316240429878,
            "32": 0.010526316240429878,
            "76": 0.010526316240429878,
            "33": 0.010526316240429878,
            "77": 0.010526316240429878,
            "34": 0.010526316240429878,
            "78": 0.010526316240429878,
            "35": 0.010526316240429878,
            "79": 0.010526316240429878,
            "36": 0.010526316240429878,
            "37": 0.010526316240429878,
            "38": 0.010526316240429878,
            "39": 0.010526316240429878,
            "80": 0.010526316240429878,
            "81": 0.010526316240429878,
            "82": 0.010526316240429878,
            "83": 0.010526316240429878,
            "40": 0.010526316240429878,
            "84": 0.010526316240429878,
            "41": 0.010526316240429878,
            "85": 0.010526316240429878,
            "42": 0.010526316240429878,
            "86": 0.010526316240429878,
            "43": 0.010526316240429878,
            "87": 0.010526316240429878
          }
        }
      },
      "t12": {
        "rowCount": 1,
        "mostCommonFrequencies": {
          "a": {},
          "b": {}
        }
      },
      "t9": {
        "rowCount": 8930,
        "mostCommonFrequencies": {
          "a": {
            "44": 0.010526316240429878,
            "88": 0.010526316240429878,
            "45": 0.010526316240429878,
            "89": 0.010526316240429878,
            "46": 0.010526316240429878,
            "47": 0.010526316240429878,
            "48": 0.010526316240429878,
            "49": 0.010526316240429878,
            "90": 0.010526316240429878,
            "91": 0.010526316240429878,
            "92": 0.010526316240429878,
            "93": 0.010526316240429878,
            "50": 0.010526316240429878,
            "94": 0.010526316240429878,
            "51": 0.010526316240429878,
            "95": 0.010526316240429878,
            "52": 0.010526316240429878,
            "53": 0.010526316240429878,
            "10": 0.010526316240429878,
            "54": 0.010526316240429878,
            "11": 0.010526316240429878,
            "55": 0.010526316240429878,
            "12": 0.010526316240429878,
            "56": 0.010526316240429878,
            "13": 0.010526316240429878,
            "57": 0.010526316240429878,
            "14": 0.010526316240429878,
            "58": 0.010526316240429878,
            "15": 0.010526316240429878,
            "59": 0.010526316240429878,
            "16": 0.010526316240429878,
            "17": 0.010526316240429878,
            "18": 0.010526316240429878,
            "19": 0.010526316240429878,
            "1": 0.010526316240429878,
            "2": 0.010526316240429878,
            "3": 0.010526316240429878,
            "4": 0.010526316240429878,
            "5": 0.010526316240429878,
            "6": 0.010526316240429878,
            "7": 0.010526316240429878,
            "8": 0.010526316240429878,
            "9": 0.010526316240429878,
            "60": 0.010526316240429878,
            "61": 0.010526316240429878,
            "62": 0.010526316240429878,
            "63": 0.010526316240429878,
            "20": 0.010526316240429878,
            "64": 0.010526316240429878,
            "21": 0.010526316240429878,
            "65": 0.010526316240429878,
            "22": 0.010526316240429878,
            "66": 0.010526316240429878,
            "23": 0.010526316240429878,
            "67": 0.010526316240429878,
            "24": 0.010526316240429878,
            "68": 0.010526316240429878,
            "25": 0.010526316240429878,
            "69": 0.010526316240429878,
            "26": 0.010526316240429878,
            "27": 0.010526316240429878,
            "28": 0.010526316240429878,
            "29": 0.010526316240429878,
            "70": 0.010526316240429878,
            "71": 0.010526316240429878,
            "72": 0.010526316240429878,
            "73": 0.010526316240429878,
            "30": 0.010526316240429878,
            "74": 0.010526316240429878,
            "31": 0.010526316240429878,
            "75": 0.010526316240429878,
            "32": 0.010526316240429878,
            "76": 0.010526316240429878,
            "33": 0.010526316240429878,
            "77": 0.010526316240429878,
            "34": 0.010526316240429878,
            "78": 0.010526316240429878,
            "35": 0.010526316240429878,
            "79": 0.010526316240429878,
            "36": 0.010526316240429878,
            "37": 0.010526316240429878,
            "38": 0.010526316240429878,
            "39": 0.010526316240429878,
            "80": 0.010526316240429878,
            "81": 0.010526316240429878,
            "82": 0.010526316240429878,
            "83": 0.010526316240429878,
            "40": 0.010526316240429878,
            "84": 0.010526316240429878,
            "41": 0.010526316240429878,
            "85": 0.010526316240429878,
            "42": 0.010526316240429878,
            "86": 0.010526316240429878,
            "43": 0.010526316240429878,
            "87": 0.010526316240429878
          },
          "b": {
            "44": 0.010526316240429878,
            "88": 0.010526316240429878,
            "45": 0.010526316240429878,
            "89": 0.010526316240429878,
            "46": 0.010526316240429878,
            "47": 0.010526316240429878,
            "48": 0.010526316240429878,
            "49": 0.010526316240429878,
            "90": 0.010526316240429878,
            "91": 0.010526316240429878,
            "92": 0.010526316240429878,
            "93": 0.010526316240429878,
            "50": 0.010526316240429878,
            "94": 0.010526316240429878,
            "51": 0.010526316240429878,
            "95": 0.010526316240429878,
            "52": 0.010526316240429878,
            "53": 0.010526316240429878,
            "10": 0.010526316240429878,
            "54": 0.010526316240429878,
            "11": 0.010526316240429878,
            "55": 0.010526316240429878,
            "12": 0.010526316240429878,
            "56": 0.010526316240429878,
            "13": 0.010526316240429878,
            "57": 0.010526316240429878,
            "14": 0.010526316240429878,
            "58": 0.010526316240429878,
            "15": 0.010526316240429878,
            "59": 0.010526316240429878,
            "16": 0.010526316240429878,
            "17": 0.010526316240429878,
            "18": 0.010526316240429878,
            "19": 0.010526316240429878,
            "1": 0.010526316240429878,
            "2": 0.010526316240429878,
            "3": 0.010526316240429878,
            "4": 0.010526316240429878,
            "5": 0.010526316240429878,
            "6": 0.010526316240429878,
            "7": 0.010526316240429878,
            "8": 0.010526316240429878,
            "9": 0.010526316240429878,
            "60": 0.010526316240429878,
            "61": 0.010526316240429878,
            "62": 0.010526316240429878,
            "63": 0.010526316240429878,
            "20": 0.010526316240429878,
            "64": 0.010526316240429878,
            "21": 0.010526316240429878,
            "65": 0.010526316240429878,
            "22": 0.010526316240429878,
            "66": 0.010526316240429878,
            "23": 0.010526316240429878,
            "67": 0.010526316240429878,
            "24": 0.010526316240429878,
            "68": 0.010526316240429878,
            "25": 0.010526316240429878,
            "69": 0.010526316240429878,
            "26": 0.010526316240429878,
            "27": 0.010526316240429878,
            "28": 0.010526316240429878,
            "29": 0.010526316240429878,
            "70": 0.010526316240429878,
            "71": 0.010526316240429878,
            "72": 0.010526316240429878,
            "73": 0.010526316240429878,
            "30": 0.010526316240429878,
            "74": 0.010526316240429878,
            "31": 0.010526316240429878,
            "75": 0.010526316240429878,
            "32": 0.010526316240429878,
            "76": 0.010526316240429878,
            "33": 0.010526316240429878,
            "77": 0.010526316240429878,
            "34": 0.010526316240429878,
            "78": 0.010526316240429878,
            "35": 0.010526316240429878,
            "79": 0.010526316240429878,
            "36": 0.010526316240429878,
            "37": 0.010526316240429878,
            "38": 0.010526316240429878,
            "39": 0.010526316240429878,
            "80": 0.010526316240429878,
            "81": 0.010526316240429878,
            "82": 0.010526316240429878,
            "83": 0.010526316240429878,
            "40": 0.010526316240429878,
            "84": 0.010526316240429878,
            "41": 0.010526316240429878,
            "85": 0.010526316240429878,
            "42": 0.010526316240429878,
            "86": 0.010526316240429878,
            "43": 0.010526316240429878,
            "87": 0.010526316240429878
          }
        }
      },
      "t11": {
        "rowCount": 1,
        "mostCommonFrequencies": {
          "a": {},
          "b": {}
        }
      },
      "t1": {
        "rowCount": 1482,
        "mostCommonFrequencies": {
          "a": {
            "22": 0.025641025975346565,
            "23": 0.025641025975346565,
            "24": 0.025641025975346565,
            "25": 0.025641025975346565,
            "26": 0.025641025975346565,
            "27": 0.025641025975346565,
            "28": 0.025641025975346565,
            "29": 0.025641025975346565,
            "30": 0.025641025975346565,
            "31": 0.025641025975346565,
            "10": 0.025641025975346565,
            "32": 0.025641025975346565,
            "11": 0.025641025975346565,
            "33": 0.025641025975346565,
            "12": 0.025641025975346565,
            "34": 0.025641025975346565,
            "13": 0.025641025975346565,
            "35": 0.025641025975346565,
            "14": 0.025641025975346565,
            "36": 0.025641025975346565,
            "15": 0.025641025975346565,
            "37": 0.025641025975346565,
            "16": 0.025641025975346565,
            "38": 0.025641025975346565,
            "17": 0.025641025975346565,
            "39": 0.025641025975346565,
            "18": 0.025641025975346565,
            "19": 0.025641025975346565,
            "1": 0.025641025975346565,
            "2": 0.025641025975346565,
            "3": 0.025641025975346565,
            "4": 0.025641025975346565,
            "5": 0.025641025975346565,
            "6": 0.025641025975346565,
            "7": 0.025641025975346565,
            "8": 0.025641025975346565,
            "9": 0.025641025975346565,
            "20": 0.025641025975346565,
            "21": 0.025641025975346565
          },
          "b": {
            "22": 0.025641025975346565,
            "23": 0.025641025975346565,
            "24": 0.025641025975346565,
            "25": 0.025641025975346565,
            "26": 0.025641025975346565,
            "27": 0.025641025975346565,
            "28": 0.025641025975346565,
            "29": 0.025641025975346565,
            "30": 0.025641025975346565,
            "31": 0.025641025975346565,
            "10": 0.025641025975346565,
            "32": 0.025641025975346565,
            "11": 0.025641025975346565,
            "33": 0.025641025975346565,
            "12": 0.025641025975346565,
            "34": 0.025641025975346565,
            "13": 0.025641025975346565,
            "35": 0.025641025975346565,
            "14": 0.025641025975346565,
            "36": 0.025641025975346565,
            "15": 0.025641025975346565,
            "37": 0.025641025975346565,
            "16": 0.025641025975346565,
            "38": 0.025641025975346565,
            "17": 0.025641025975346565,
            "39": 0.025641025975346565,
            "18": 0.025641025975346565,
            "19": 0.025641025975346565,
            "1": 0.025641025975346565,
            "2": 0.025641025975346565,
            "3": 0.025641025975346565,
            "4": 0.025641025975346565,
            "5": 0.025641025975346565,
            "6": 0.025641025975346565,
            "7": 0.025641025975346565,
            "8": 0.025641025975346565,
            "9": 0.025641025975346565,
            "20": 0.025641025975346565,
            "21": 0.025641025975346565
          }
        }
      },
      "t2": {
        "rowCount": 1482,
        "mostCommonFrequencies": {
          "a": {
            "22": 0.025641025975346565,
            "23": 0.025641025975346565,
            "24": 0.025641025975346565,
            "25": 0.025641025975346565,
            "26": 0.025641025975346565,
            "27": 0.025641025975346565,
            "28": 0.025641025975346565,
            "29": 0.025641025975346565,
            "30": 0.025641025975346565,
            "31": 0.025641025975346565,
            "10": 0.025641025975346565,
            "32": 0.025641025975346565,
            "11": 0.025641025975346565,
            "33": 0.025641025975346565,
            "12": 0.025641025975346565,
            "34": 0.025641025975346565,
            "13": 0.025641025975346565,
            "35": 0.025641025975346565,
            "14": 0.025641025975346565,
            "36": 0.025641025975346565,
            "15": 0.025641025975346565,
            "37": 0.025641025975346565,
            "16": 0.025641025975346565,
            "38": 0.025641025975346565,
            "17": 0.025641025975346565,
            "39": 0.025641025975346565,
            "18": 0.025641025975346565,
            "19": 0.025641025975346565,
            "1": 0.025641025975346565,
            "2": 0.025641025975346565,
            "3": 0.025641025975346565,
            "4": 0.025641025975346565,
            "5": 0.025641025975346565,
            "6": 0.025641025975346565,
            "7": 0.025641025975346565,
            "8": 0.025641025975346565,
            "9": 0.025641025975346565,
            "20": 0.025641025975346565,
            "21": 0.025641025975346565
          },
          "b": {
            "22": 0.025641025975346565,
            "23": 0.025641025975346565,
            "24": 0.025641025975346565,
            "25": 0.025641025975346565,
            "26": 0.025641025975346565,
            "27": 0.025641025975346565,
            "28": 0.025641025975346565,
            "29": 0.025641025975346565,
            "30": 0.025641025975346565,
            "31": 0.025641025975346565,
            "10": 0.025641025975346565,
            "32": 0.025641025975346565,
            "11": 0.025641025975346565,
            "33": 0.025641025975346565,
            "12": 0.025641025975346565,
            "34": 0.025641025975346565,
            "13": 0.025641025975346565,
            "35": 0.025641025975346565,
            "14": 0.025641025975346565,
            "36": 0.025641025975346565,
            "15": 0.025641025975346565,
            "37": 0.025641025975346565,
            "16": 0.025641025975346565,
            "38": 0.025641025975346565,
            "17": 0.025641025975346565,
            "39": 0.025641025975346565,
            "18": 0.025641025975346565,
            "19": 0.025641025975346565,
            "1": 0.025641025975346565,
            "2": 0.025641025975346565,
            "3": 0.025641025975346565,
            "4": 0.025641025975346565,
            "5": 0.025641025975346565,
            "6": 0.025641025975346565,
            "7": 0.025641025975346565,
            "8": 0.025641025975346565,
            "9": 0.025641025975346565,
            "20": 0.025641025975346565,
            "21": 0.025641025975346565
          }
        }
      },
      "t3": {
        "rowCount": 8930,
        "mostCommonFrequencies": {
          "a": {
            "44": 0.010526316240429878,
            "88": 0.010526316240429878,
            "45": 0.010526316240429878,
            "89": 0.010526316240429878,
            "46": 0.010526316240429878,
            "47": 0.010526316240429878,
            "48": 0.010526316240429878,
            "49": 0.010526316240429878,
            "90": 0.010526316240429878,
            "91": 0.010526316240429878,
            "92": 0.010526316240429878,
            "93": 0.010526316240429878,
            "50": 0.010526316240429878,
            "94": 0.010526316240429878,
            "51": 0.010526316240429878,
            "95": 0.010526316240429878,
            "52": 0.010526316240429878,
            "53": 0.010526316240429878,
            "10": 0.010526316240429878,
            "54": 0.010526316240429878,
            "11": 0.010526316240429878,
            "55": 0.010526316240429878,
            "12": 0.010526316240429878,
            "56": 0.010526316240429878,
            "13": 0.010526316240429878,
            "57": 0.010526316240429878,
            "14": 0.010526316240429878,
            "58": 0.010526316240429878,
            "15": 0.010526316240429878,
            "59": 0.010526316240429878,
            "16": 0.010526316240429878,
            "17": 0.010526316240429878,
            "18": 0.010526316240429878,
            "19": 0.010526316240429878,
            "1": 0.010526316240429878,
            "2": 0.010526316240429878,
            "3": 0.010526316240429878,
            "4": 0.010526316240429878,
            "5": 0.010526316240429878,
            "6": 0.010526316240429878,
            "7": 0.010526316240429878,
            "8": 0.010526316240429878,
            "9": 0.010526316240429878,
            "60": 0.010526316240429878,
            "61": 0.010526316240429878,
            "62": 0.010526316240429878,
            "63": 0.010526316240429878,
            "20": 0.010526316240429878,
            "64": 0.010526316240429878,
            "21": 0.010526316240429878,
            "65": 0.010526316240429878,
            "22": 0.010526316240429878,
            "66": 0.010526316240429878,
            "23": 0.010526316240429878,
            "67": 0.010526316240429878,
            "24": 0.010526316240429878,
            "68": 0.010526316240429878,
            "25": 0.010526316240429878,
            "69": 0.010526316240429878,
            "26": 0.010526316240429878,
            "27": 0.010526316240429878,
            "28": 0.010526316240429878,
            "29": 0.010526316240429878,
            "70": 0.010526316240429878,
            "71": 0.010526316240429878,
            "72": 0.010526316240429878,
            "73": 0.010526316240429878,
            "30": 0.010526316240429878,
            "74": 0.010526316240429878,
            "31": 0.010526316240429878,
            "75": 0.010526316240429878,
            "32": 0.010526316240429878,
            "76": 0.010526316240429878,
            "33": 0.010526316240429878,
            "77": 0.010526316240429878,
            "34": 0.010526316240429878,
            "78": 0.010526316240429878,
            "35": 0.010526316240429878,
            "79": 0.010526316240429878,
            "36": 0.010526316240429878,
            "37": 0.010526316240429878,
            "38": 0.010526316240429878,
            "39": 0.010526316240429878,
            "80": 0.010526316240429878,
            "81": 0.010526316240429878,
            "82": 0.010526316240429878,
            "83": 0.010526316240429878,
            "40": 0.010526316240429878,
            "84": 0.010526316240429878,
            "41": 0.010526316240429878,
            "85": 0.010526316240429878,
            "42": 0.010526316240429878,
            "86": 0.010526316240429878,
            "43": 0.010526316240429878,
            "87": 0.010526316240429878
          },
          "b": {
            "44": 0.010526316240429878,
            "88": 0.010526316240429878,
            "45": 0.010526316240429878,
            "89": 0.010526316240429878,
            "46": 0.010526316240429878,
            "47": 0.010526316240429878,
            "48": 0.010526316240429878,
            "49": 0.010526316240429878,
            "90": 0.010526316240429878,
            "91": 0.010526316240429878,
            "92": 0.010526316240429878,
            "93": 0.010526316240429878,
            "50": 0.010526316240429878,
            "94": 0.010526316240429878,
            "51": 0.010526316240429878,
            "95": 0.010526316240429878,
            "52": 0.010526316240429878,
            "53": 0.010526316240429878,
            "10": 0.010526316240429878,
            "54": 0.010526316240429878,
            "11": 0.010526316240429878,
            "55": 0.010526316240429878,
            "12": 0.010526316240429878,
            "56": 0.010526316240429878,
            "13": 0.010526316240429878,
            "57": 0.010526316240429878,
            "14": 0.010526316240429878,
            "58": 0.010526316240429878,
            "15": 0.010526316240429878,
            "59": 0.010526316240429878,
            "16": 0.010526316240429878,
            "17": 0.010526316240429878,
            "18": 0.010526316240429878,
            "19": 0.010526316240429878,
            "1": 0.010526316240429878,
            "2": 0.010526316240429878,
            "3": 0.010526316240429878,
            "4": 0.010526316240429878,
            "5": 0.010526316240429878,
            "6": 0.010526316240429878,
            "7": 0.010526316240429878,
            "8": 0.010526316240429878,
            "9": 0.010526316240429878,
            "60": 0.010526316240429878,
            "61": 0.010526316240429878,
            "62": 0.010526316240429878,
            "63": 0.010526316240429878,
            "20": 0.010526316240429878,
            "64": 0.010526316240429878,
            "21": 0.010526316240429878,
            "65": 0.010526316240429878,
            "22": 0.010526316240429878,
            "66": 0.010526316240429878,
            "23": 0.010526316240429878,
            "67": 0.010526316240429878,
            "24": 0.010526316240429878,
            "68": 0.010526316240429878,
            "25": 0.010526316240429878,
            "69": 0.010526316240429878,
            "26": 0.010526316240429878,
            "27": 0.010526316240429878,
            "28": 0.010526316240429878,
            "29": 0.010526316240429878,
            "70": 0.010526316240429878,
            "71": 0.010526316240429878,
            "72": 0.010526316240429878,
            "73": 0.010526316240429878,
            "30": 0.010526316240429878,
            "74": 0.010526316240429878,
            "31": 0.010526316240429878,
            "75": 0.010526316240429878,
            "32": 0.010526316240429878,
            "76": 0.010526316240429878,
            "33": 0.010526316240429878,
            "77": 0.010526316240429878,
            "34": 0.010526316240429878,
            "78": 0.010526316240429878,
            "35": 0.010526316240429878,
            "79": 0.010526316240429878,
            "36": 0.010526316240429878,
            "37": 0.010526316240429878,
            "38": 0.010526316240429878,
            "39": 0.010526316240429878,
            "80": 0.010526316240429878,
            "81": 0.010526316240429878,
            "82": 0.010526316240429878,
            "83": 0.010526316240429878,
            "40": 0.010526316240429878,
            "84": 0.010526316240429878,
            "41": 0.010526316240429878,
            "85": 0.010526316240429878,
            "42": 0.010526316240429878,
            "86": 0.010526316240429878,
            "43": 0.010526316240429878,
            "87": 0.010526316240429878
          }
        }
      }
    },
    "orderedEdges": [
      {
        "name": "t10",
        "nodes": [
          "X19",
          "X23"
        ]
      },
      {
        "name": "t12",
        "nodes": [
          "X6",
          "X7"
        ]
      },
      {
        "name": "t3",
        "nodes": [
          "X9",
          "X23"
        ]
      },
      {
        "name": "t9",
        "nodes": [
          "X19",
          "X15"
        ]
      },
      {
        "name": "t2",
        "nodes": [
          "X9",
          "X17"
        ]
      },
      {
        "name": "t8",
        "nodes": [
          "X21",
          "X15"
        ]
      },
      {
        "name": "t6",
        "nodes": [
          "X21",
          "X5"
        ]
      },
      {
        "name": "t5",
        "nodes": [
          "X9",
          "X5"
        ]
      },
      {
        "name": "t11",
        "nodes": [
          "X19",
          "X6"
        ]
      },
      {
        "name": "t4",
        "nodes": [
          "X23",
          "X1"
        ]
      },
      {
        "name": "t1",
        "nodes": [
          "X1",
          "X17"
        ]
      },
      {
        "name": "t7",
        "nodes": [
          "X21",
          "X23"
        ]
      }
    ],
    "edges": [
      {
        "name": "t10",
        "nodes": [
          "X19",
          "X23"
        ]
      },
      {
        "name": "t12",
        "nodes": [
          "X6",
          "X7"
        ]
      },
      {
        "name": "t3",
        "nodes": [
          "X9",
          "X23"
        ]
      },
      {
        "name": "t9",
        "nodes": [
          "X19",
          "X15"
        ]
      },
      {
        "name": "t2",
        "nodes": [
          "X9",
          "X17"
        ]
      },
      {
        "name": "t8",
        "nodes": [
          "X21",
          "X15"
        ]
      },
      {
        "name": "t6",
        "nodes": [
          "X21",
          "X5"
        ]
      },
      {
        "name": "t5",
        "nodes": [
          "X9",
          "X5"
        ]
      },
      {
        "name": "t11",
        "nodes": [
          "X19",
          "X6"
        ]
      },
      {
        "name": "t4",
        "nodes": [
          "X23",
          "X1"
        ]
      },
      {
        "name": "t1",
        "nodes": [
          "X1",
          "X17"
        ]
      },
      {
        "name": "t7",
        "nodes": [
          "X21",
          "X23"
        ]
      }
    ],
    "nodes": [
      "X9",
      "X19",
      "X21",
      "X23",
      "X1",
      "X5",
      "X15",
      "X6",
      "X17",
      "X7"
    ],
    "edgesByName": {
      "t4": {
        "name": "t4",
        "nodes": [
          "X23",
          "X1"
        ]
      },
      "t5": {
        "name": "t5",
        "nodes": [
          "X9",
          "X5"
        ]
      },
      "t10": {
        "name": "t10",
        "nodes": [
          "X19",
          "X23"
        ]
      },
      "t6": {
        "name": "t6",
        "nodes": [
          "X21",
          "X5"
        ]
      },
      "t7": {
        "name": "t7",
        "nodes": [
          "X21",
          "X23"
        ]
      },
      "t12": {
        "name": "t12",
        "nodes": [
          "X6",
          "X7"
        ]
      },
      "t8": {
        "name": "t8",
        "nodes": [
          "X21",
          "X15"
        ]
      },
      "t9": {
        "name": "t9",
        "nodes": [
          "X19",
          "X15"
        ]
      },
      "t11": {
        "name": "t11",
        "nodes": [
          "X19",
          "X6"
        ]
      },
      "t1": {
        "name": "t1",
        "nodes": [
          "X1",
          "X17"
        ]
      },
      "t2": {
        "name": "t2",
        "nodes": [
          "X9",
          "X17"
        ]
      },
      "t3": {
        "name": "t3",
        "nodes": [
          "X9",
          "X23"
        ]
      }
    },
    "columnToVariableMapping": {
      "t5.b": "X5",
      "t6.a": "X5",
      "t5.a": "X9",
      "t4.b": "X1",
      "t8.a": "X21",
      "t7.b": "X23",
      "t6.b": "X21",
      "t7.a": "X21",
      "t2.a": "X17",
      "t1.b": "X17",
      "t1.a": "X1",
      "t4.a": "X23",
      "t3.b": "X23",
      "t2.b": "X9",
      "t3.a": "X9",
      "t9.b": "X19",
      "t8.b": "X15",
      "t9.a": "X15",
      "t12.b": "X7",
      "t11.b": "X6",
      "t12.a": "X6",
      "t11.a": "X19",
      "t10.b": "X19",
      "t10.a": "X23"
    },
    "inverseEquivalenceMapping": {
      "X19": {
        "t10": [
          "b"
        ],
        "t9": [
          "b"
        ],
        "t11": [
          "a"
        ]
      },
      "X9": {
        "t5": [
          "a"
        ],
        "t2": [
          "b"
        ],
        "t3": [
          "a"
        ]
      },
      "X21": {
        "t6": [
          "b"
        ],
        "t7": [
          "a"
        ],
        "t8": [
          "a"
        ]
      },
      "X23": {
        "t4": [
          "a"
        ],
        "t10": [
          "a"
        ],
        "t7": [
          "b"
        ],
        "t3": [
          "b"
        ]
      },
      "X1": {
        "t4": [
          "b"
        ],
        "t1": [
          "a"
        ]
      },
      "X5": {
        "t5": [
          "b"
        ],
        "t6": [
          "a"
        ]
      },
      "X15": {
        "t8": [
          "b"
        ],
        "t9": [
          "a"
        ]
      },
      "X6": {
        "t12": [
          "a"
        ],
        "t11": [
          "b"
        ]
      },
      "X7": {
        "t12": [
          "b"
        ]
      },
      "X17": {
        "t1": [
          "b"
        ],
        "t2": [
          "a"
        ]
      }
    },
    "variableToColumnMapping": {
      "X19": [
        "t9.b",
        "t11.a",
        "t10.b"
      ],
      "X9": [
        "t5.a",
        "t2.b",
        "t3.a"
      ],
      "X21": [
        "t8.a",
        "t6.b",
        "t7.a"
      ],
      "X23": [
        "t7.b",
        "t4.a",
        "t3.b",
        "t10.a"
      ],
      "X1": [
        "t4.b",
        "t1.a"
      ],
      "X5": [
        "t5.b",
        "t6.a"
      ],
      "X15": [
        "t8.b",
        "t9.a"
      ],
      "X6": [
        "t11.b",
        "t12.a"
      ],
      "X7": [
        "t12.b"
      ],
      "X17": [
        "t2.a",
        "t1.b"
      ]
    },
    "decompositionTree": {}
  },
  "joinTree": {
    "successors": [
      {
        "successors": [],
        "tables": [
          "t9",
          "t8"
        ],
        "attributes": [
          "X19",
          "X21",
          "X15"
        ]
      },
      {
        "successors": [],
        "tables": [
          "t12",
          "t11"
        ],
        "attributes": [
          "X19",
          "X6"
        ]
      },
      {
        "successors": [
          {
            "successors": [
              {
                "successors": [
                  {
                    "successors": [],
                    "tables": [
                      "t2"
                    ],
                    "attributes": [
                      "X9",
                      "X17"
                    ]
                  }
                ],
                "tables": [
                  "t5",
                  "t1"
                ],
                "attributes": [
                  "X9",
                  "X1",
                  "X5",
                  "X17"
                ]
              },
              {
                "successors": [],
                "tables": [
                  "t3"
                ],
                "attributes": [
                  "X9",
                  "X23"
                ]
              }
            ],
            "tables": [
              "t5",
              "t4"
            ],
            "attributes": [
              "X9",
              "X23",
              "X1",
              "X5"
            ]
          }
        ],
        "tables": [
          "t10",
          "t5"
        ],
        "attributes": [
          "X19",
          "X9",
          "X23",
          "X5"
        ]
      },
      {
        "successors": [],
        "tables": [
          "t7"
        ],
        "attributes": [
          "X21",
          "X23"
        ]
      }
    ],
    "tables": [
      "t10",
      "t6"
    ],
    "attributes": [
      "X19",
      "X21",
      "X23",
      "X5"
    ]
  },
  "query": "select t1.a, t1.b, t2.b, t5.b, t3.b, t6.b, t8.b, t10.b, t11.b\nfrom t1, t2, t3, t4, t5, t6, t7, t8, t9, t10, t11, t12\nwhere t1.b \u003d t2.a\n  and t2.b \u003d t3.a\n  and t2.b \u003d t5.a\n  and t3.b \u003d t4.a\n  and t4.b \u003d t1.a\n  and t5.b \u003d t6.a\n  and t6.b \u003d t7.a\n  and t6.b \u003d t8.a\n  and t8.b \u003d t9.a\n  and t9.b \u003d t10.b\n  and t7.b \u003d t3.b\n  and t10.a \u003d t7.b\n  and t10.b \u003d t11.a\n  and t12.a \u003d t11.b;"
}