{
  "conf": {
    "db": "db2",
    "query": "chain.sql",
    "suffix": "balancedgo-02-01",
    "run": 1,
    "decompositionOptions": {
      "algorithm": "BALANCEDGO"
    },
    "queryTimeout": 100,
    "dbSize": 2,
    "parallel": true,
    "skipRows": true,
    "threadCount": 8,
    "booleanQuery": false,
    "useStatistics": true
  },
  "unoptimizedRuntime": 39,
  "optimizedTotalRuntime": 353,
  "optimizedQueryRuntime": 296,
  "optimizedQueryTimeout": false,
  "unoptimizedQueryTimeout": false,
  "optimizedResultCorrect": true,
  "unoptimizedColumns": 4,
  "optimizedColumns": 4,
  "unoptimizedRows": 102400,
  "optimizedRows": 102400,
  "hypergraph": {
    "weights": [
      {
        "bag": [
          {
            "name": "t5",
            "nodes": [
              "X1",
              "X3"
            ]
          }
        ],
        "weight": 20.00000059604645
      },
      {
        "bag": [
          {
            "name": "t2",
            "nodes": [
              "X4",
              "X5"
            ]
          }
        ],
        "weight": 20.00000059604645
      },
      {
        "bag": [
          {
            "name": "t3",
            "nodes": [
              "X4",
              "X7"
            ]
          }
        ],
        "weight": 20.00000059604645
      },
      {
        "bag": [
          {
            "name": "t1",
            "nodes": [
              "X9",
              "X4"
            ]
          }
        ],
        "weight": 20.00000059604645
      },
      {
        "bag": [
          {
            "name": "t4",
            "nodes": [
              "X1",
              "X4"
            ]
          }
        ],
        "weight": 20.00000059604645
      },
      {
        "bag": [
          {
            "name": "t6",
            "nodes": [
              "X10",
              "X11"
            ]
          }
        ],
        "weight": 20.00000059604645
      }
    ],
    "statistics": {
      "t4": {
        "rowCount": 20,
        "mostCommonFrequencies": {
          "a": {
            "1": 0.20000000298023224,
            "2": 0.20000000298023224,
            "3": 0.20000000298023224,
            "4": 0.20000000298023224,
            "5": 0.20000000298023224
          },
          "b": {
            "1": 0.20000000298023224,
            "2": 0.20000000298023224,
            "3": 0.20000000298023224,
            "4": 0.20000000298023224,
            "5": 0.20000000298023224
          }
        }
      },
      "t5": {
        "rowCount": 20,
        "mostCommonFrequencies": {
          "a": {
            "1": 0.20000000298023224,
            "2": 0.20000000298023224,
            "3": 0.20000000298023224,
            "4": 0.20000000298023224,
            "5": 0.20000000298023224
          },
          "b": {
            "1": 0.20000000298023224,
            "2": 0.20000000298023224,
            "3": 0.20000000298023224,
            "4": 0.20000000298023224,
            "5": 0.20000000298023224
          }
        }
      },
      "t6": {
        "rowCount": 20,
        "mostCommonFrequencies": {
          "a": {
            "1": 0.20000000298023224,
            "2": 0.20000000298023224,
            "3": 0.20000000298023224,
            "4": 0.20000000298023224,
            "5": 0.20000000298023224
          },
          "b": {
            "1": 0.20000000298023224,
            "2": 0.20000000298023224,
            "3": 0.20000000298023224,
            "4": 0.20000000298023224,
            "5": 0.20000000298023224
          }
        }
      },
      "t1": {
        "rowCount": 20,
        "mostCommonFrequencies": {
          "a": {
            "1": 0.20000000298023224,
            "2": 0.20000000298023224,
            "3": 0.20000000298023224,
            "4": 0.20000000298023224,
            "5": 0.20000000298023224
          },
          "b": {
            "1": 0.20000000298023224,
            "2": 0.20000000298023224,
            "3": 0.20000000298023224,
            "4": 0.20000000298023224,
            "5": 0.20000000298023224
          }
        }
      },
      "t2": {
        "rowCount": 20,
        "mostCommonFrequencies": {
          "a": {
            "1": 0.20000000298023224,
            "2": 0.20000000298023224,
            "3": 0.20000000298023224,
            "4": 0.20000000298023224,
            "5": 0.20000000298023224
          },
          "b": {
            "1": 0.20000000298023224,
            "2": 0.20000000298023224,
            "3": 0.20000000298023224,
            "4": 0.20000000298023224,
            "5": 0.20000000298023224
          }
        }
      },
      "t3": {
        "rowCount": 20,
        "mostCommonFrequencies": {
          "a": {
            "1": 0.20000000298023224,
            "2": 0.20000000298023224,
            "3": 0.20000000298023224,
            "4": 0.20000000298023224,
            "5": 0.20000000298023224
          },
          "b": {
            "1": 0.20000000298023224,
            "2": 0.20000000298023224,
            "3": 0.20000000298023224,
            "4": 0.20000000298023224,
            "5": 0.20000000298023224
          }
        }
      }
    },
    "orderedEdges": [
      {
        "name": "t5",
        "nodes": [
          "X1",
          "X3"
        ]
      },
      {
        "name": "t3",
        "nodes": [
          "X4",
          "X7"
        ]
      },
      {
        "name": "t6",
        "nodes": [
          "X10",
          "X11"
        ]
      },
      {
        "name": "t4",
        "nodes": [
          "X1",
          "X4"
        ]
      },
      {
        "name": "t1",
        "nodes": [
          "X9",
          "X4"
        ]
      },
      {
        "name": "t2",
        "nodes": [
          "X4",
          "X5"
        ]
      }
    ],
    "edges": [
      {
        "name": "t5",
        "nodes": [
          "X1",
          "X3"
        ]
      },
      {
        "name": "t3",
        "nodes": [
          "X4",
          "X7"
        ]
      },
      {
        "name": "t6",
        "nodes": [
          "X10",
          "X11"
        ]
      },
      {
        "name": "t4",
        "nodes": [
          "X1",
          "X4"
        ]
      },
      {
        "name": "t1",
        "nodes": [
          "X9",
          "X4"
        ]
      },
      {
        "name": "t2",
        "nodes": [
          "X4",
          "X5"
        ]
      }
    ],
    "nodes": [
      "X9",
      "X10",
      "X1",
      "X11",
      "X3",
      "X4",
      "X5",
      "X7"
    ],
    "edgesByName": {
      "t4": {
        "name": "t4",
        "nodes": [
          "X1",
          "X4"
        ]
      },
      "t5": {
        "name": "t5",
        "nodes": [
          "X1",
          "X3"
        ]
      },
      "t6": {
        "name": "t6",
        "nodes": [
          "X10",
          "X11"
        ]
      },
      "t1": {
        "name": "t1",
        "nodes": [
          "X9",
          "X4"
        ]
      },
      "t2": {
        "name": "t2",
        "nodes": [
          "X4",
          "X5"
        ]
      },
      "t3": {
        "name": "t3",
        "nodes": [
          "X4",
          "X7"
        ]
      }
    },
    "columnToVariableMapping": {
      "t6.a": "X10",
      "t5.b": "X3",
      "t4.b": "X1",
      "t5.a": "X1",
      "t6.b": "X11",
      "t1.b": "X9",
      "t2.a": "X4",
      "t1.a": "X4",
      "t4.a": "X4",
      "t3.b": "X7",
      "t3.a": "X4",
      "t2.b": "X5"
    },
    "inverseEquivalenceMapping": {
      "X9": {
        "t1": [
          "b"
        ]
      },
      "X10": {
        "t6": [
          "a"
        ]
      },
      "X1": {
        "t4": [
          "b"
        ],
        "t5": [
          "a"
        ]
      },
      "X11": {
        "t6": [
          "b"
        ]
      },
      "X3": {
        "t5": [
          "b"
        ]
      },
      "X4": {
        "t4": [
          "a"
        ],
        "t1": [
          "a"
        ],
        "t2": [
          "a"
        ],
        "t3": [
          "a"
        ]
      },
      "X5": {
        "t2": [
          "b"
        ]
      },
      "X7": {
        "t3": [
          "b"
        ]
      }
    },
    "variableToColumnMapping": {
      "X9": [
        "t1.b"
      ],
      "X10": [
        "t6.a"
      ],
      "X1": [
        "t4.b",
        "t5.a"
      ],
      "X11": [
        "t6.b"
      ],
      "X3": [
        "t5.b"
      ],
      "X4": [
        "t2.a",
        "t1.a",
        "t4.a",
        "t3.a"
      ],
      "X5": [
        "t2.b"
      ],
      "X7": [
        "t3.b"
      ]
    },
    "decompositionTree": {}
  },
  "joinTree": {
    "successors": [
      {
        "successors": [],
        "tables": [
          "t2"
        ],
        "attributes": [
          "X4"
        ]
      },
      {
        "successors": [],
        "tables": [
          "t6"
        ],
        "attributes": []
      },
      {
        "successors": [],
        "tables": [
          "t1"
        ],
        "attributes": [
          "X9",
          "X4"
        ]
      },
      {
        "successors": [
          {
            "successors": [],
            "tables": [
              "t5"
            ],
            "attributes": [
              "X1",
              "X3"
            ]
          }
        ],
        "tables": [
          "t4"
        ],
        "attributes": [
          "X1",
          "X4"
        ]
      }
    ],
    "tables": [
      "t3"
    ],
    "attributes": [
      "X4",
      "X7"
    ]
  },
  "query": "select t1.a, t1.b, t3.b, t5.b\nfrom t1, t2, t3, t4, t5, t6\nwhere t1.a \u003d t2.a\nand t2.a \u003d t3.a\nand t3.a \u003d t4.a\nAND t4.b \u003d t5.a;"
}