{
  "conf": {
    "db": "db3",
    "query": "tree-4.sql",
    "suffix": "balancedgo-01-01",
    "run": 1,
    "decompositionOptions": {
      "algorithm": "BALANCEDGO"
    },
    "queryTimeout": 100,
    "dbSize": 1,
    "parallel": true,
    "skipRows": true,
    "threadCount": 7,
    "booleanQuery": false,
    "useStatistics": true
  },
  "unoptimizedRuntime": 1019,
  "optimizedTotalRuntime": 1561,
  "optimizedQueryRuntime": 1397,
  "optimizedQueryTimeout": false,
  "unoptimizedQueryTimeout": false,
  "optimizedResultCorrect": true,
  "unoptimizedColumns": 2,
  "optimizedColumns": 2,
  "unoptimizedRows": 3145728,
  "optimizedRows": 3145728,
  "hypergraph": {
    "weights": [
      {
        "bag": [
          {
            "name": "t7",
            "nodes": [
              "X12",
              "X37"
            ]
          }
        ],
        "weight": 6.000000357627874
      },
      {
        "bag": [
          {
            "name": "t1",
            "nodes": [
              "X12",
              "X15"
            ]
          }
        ],
        "weight": 6.000000357627874
      },
      {
        "bag": [
          {
            "name": "t13",
            "nodes": [
              "X12",
              "X35"
            ]
          }
        ],
        "weight": 6.000000357627874
      },
      {
        "bag": [
          {
            "name": "t20",
            "nodes": [
              "X21",
              "X12"
            ]
          }
        ],
        "weight": 6.000000357627874
      },
      {
        "bag": [
          {
            "name": "t12",
            "nodes": [
              "X19",
              "X12"
            ]
          }
        ],
        "weight": 6.000000357627874
      },
      {
        "bag": [
          {
            "name": "t2",
            "nodes": [
              "X12",
              "X7"
            ]
          }
        ],
        "weight": 6.000000357627874
      },
      {
        "bag": [
          {
            "name": "t18",
            "nodes": [
              "X12",
              "X13"
            ]
          }
        ],
        "weight": 6.000000357627874
      },
      {
        "bag": [
          {
            "name": "t6",
            "nodes": [
              "X12",
              "X33"
            ]
          }
        ],
        "weight": 6.000000357627874
      },
      {
        "bag": [
          {
            "name": "t10",
            "nodes": [
              "X12",
              "X23"
            ]
          }
        ],
        "weight": 6.000000357627874
      },
      {
        "bag": [
          {
            "name": "t8",
            "nodes": [
              "X12",
              "X25"
            ]
          }
        ],
        "weight": 6.000000357627874
      },
      {
        "bag": [
          {
            "name": "t14",
            "nodes": [
              "X12",
              "X39"
            ]
          }
        ],
        "weight": 6.000000357627874
      },
      {
        "bag": [
          {
            "name": "t17",
            "nodes": [
              "X9",
              "X12"
            ]
          }
        ],
        "weight": 6.000000357627874
      },
      {
        "bag": [
          {
            "name": "t3",
            "nodes": [
              "X12",
              "X11"
            ]
          }
        ],
        "weight": 6.000000357627874
      },
      {
        "bag": [
          {
            "name": "t9",
            "nodes": [
              "X12",
              "X29"
            ]
          }
        ],
        "weight": 6.000000357627874
      },
      {
        "bag": [
          {
            "name": "t16",
            "nodes": [
              "X31",
              "X12"
            ]
          }
        ],
        "weight": 6.000000357627874
      },
      {
        "bag": [
          {
            "name": "t4",
            "nodes": [
              "X12",
              "X1"
            ]
          }
        ],
        "weight": 6.000000357627874
      },
      {
        "bag": [
          {
            "name": "t15",
            "nodes": [
              "X12",
              "X27"
            ]
          }
        ],
        "weight": 6.000000357627874
      },
      {
        "bag": [
          {
            "name": "t11",
            "nodes": [
              "X12",
              "X17"
            ]
          }
        ],
        "weight": 6.000000357627874
      },
      {
        "bag": [
          {
            "name": "t19",
            "nodes": [
              "X12",
              "X3"
            ]
          }
        ],
        "weight": 6.000000357627874
      },
      {
        "bag": [
          {
            "name": "t5",
            "nodes": [
              "X12",
              "X5"
            ]
          }
        ],
        "weight": 6.000000357627874
      }
    ],
    "statistics": {
      "t4": {
        "rowCount": 6,
        "mostCommonFrequencies": {
          "a": {
            "1": 0.3333333432674408,
            "2": 0.3333333432674408,
            "3": 0.3333333432674408
          },
          "b": {
            "1": 0.3333333432674408,
            "2": 0.3333333432674408,
            "3": 0.3333333432674408
          }
        }
      },
      "t5": {
        "rowCount": 6,
        "mostCommonFrequencies": {
          "a": {
            "1": 0.3333333432674408,
            "2": 0.3333333432674408,
            "3": 0.3333333432674408
          },
          "b": {
            "1": 0.3333333432674408,
            "2": 0.3333333432674408,
            "3": 0.3333333432674408
          }
        }
      },
      "t6": {
        "rowCount": 6,
        "mostCommonFrequencies": {
          "a": {
            "1": 0.3333333432674408,
            "2": 0.3333333432674408,
            "3": 0.3333333432674408
          },
          "b": {
            "1": 0.3333333432674408,
            "2": 0.3333333432674408,
            "3": 0.3333333432674408
          }
        }
      },
      "t7": {
        "rowCount": 6,
        "mostCommonFrequencies": {
          "a": {
            "1": 0.3333333432674408,
            "2": 0.3333333432674408,
            "3": 0.3333333432674408
          },
          "b": {
            "1": 0.3333333432674408,
            "2": 0.3333333432674408,
            "3": 0.3333333432674408
          }
        }
      },
      "t8": {
        "rowCount": 6,
        "mostCommonFrequencies": {
          "a": {
            "1": 0.3333333432674408,
            "2": 0.3333333432674408,
            "3": 0.3333333432674408
          },
          "b": {
            "1": 0.3333333432674408,
            "2": 0.3333333432674408,
            "3": 0.3333333432674408
          }
        }
      },
      "t9": {
        "rowCount": 6,
        "mostCommonFrequencies": {
          "a": {
            "1": 0.3333333432674408,
            "2": 0.3333333432674408,
            "3": 0.3333333432674408
          },
          "b": {
            "1": 0.3333333432674408,
            "2": 0.3333333432674408,
            "3": 0.3333333432674408
          }
        }
      },
      "t10": {
        "rowCount": 6,
        "mostCommonFrequencies": {
          "a": {
            "1": 0.3333333432674408,
            "2": 0.3333333432674408,
            "3": 0.3333333432674408
          },
          "b": {
            "1": 0.3333333432674408,
            "2": 0.3333333432674408,
            "3": 0.3333333432674408
          }
        }
      },
      "t20": {
        "rowCount": 6,
        "mostCommonFrequencies": {
          "a": {
            "1": 0.3333333432674408,
            "2": 0.3333333432674408,
            "3": 0.3333333432674408
          },
          "b": {
            "1": 0.3333333432674408,
            "2": 0.3333333432674408,
            "3": 0.3333333432674408
          }
        }
      },
      "t12": {
        "rowCount": 6,
        "mostCommonFrequencies": {
          "a": {
            "1": 0.3333333432674408,
            "2": 0.3333333432674408,
            "3": 0.3333333432674408
          },
          "b": {
            "1": 0.3333333432674408,
            "2": 0.3333333432674408,
            "3": 0.3333333432674408
          }
        }
      },
      "t11": {
        "rowCount": 6,
        "mostCommonFrequencies": {
          "a": {
            "1": 0.3333333432674408,
            "2": 0.3333333432674408,
            "3": 0.3333333432674408
          },
          "b": {
            "1": 0.3333333432674408,
            "2": 0.3333333432674408,
            "3": 0.3333333432674408
          }
        }
      },
      "t14": {
        "rowCount": 6,
        "mostCommonFrequencies": {
          "a": {
            "1": 0.3333333432674408,
            "2": 0.3333333432674408,
            "3": 0.3333333432674408
          },
          "b": {
            "1": 0.3333333432674408,
            "2": 0.3333333432674408,
            "3": 0.3333333432674408
          }
        }
      },
      "t13": {
        "rowCount": 6,
        "mostCommonFrequencies": {
          "a": {
            "1": 0.3333333432674408,
            "2": 0.3333333432674408,
            "3": 0.3333333432674408
          },
          "b": {
            "1": 0.3333333432674408,
            "2": 0.3333333432674408,
            "3": 0.3333333432674408
          }
        }
      },
      "t16": {
        "rowCount": 6,
        "mostCommonFrequencies": {
          "a": {
            "1": 0.3333333432674408,
            "2": 0.3333333432674408,
            "3": 0.3333333432674408
          },
          "b": {
            "1": 0.3333333432674408,
            "2": 0.3333333432674408,
            "3": 0.3333333432674408
          }
        }
      },
      "t15": {
        "rowCount": 6,
        "mostCommonFrequencies": {
          "a": {
            "1": 0.3333333432674408,
            "2": 0.3333333432674408,
            "3": 0.3333333432674408
          },
          "b": {
            "1": 0.3333333432674408,
            "2": 0.3333333432674408,
            "3": 0.3333333432674408
          }
        }
      },
      "t18": {
        "rowCount": 6,
        "mostCommonFrequencies": {
          "a": {
            "1": 0.3333333432674408,
            "2": 0.3333333432674408,
            "3": 0.3333333432674408
          },
          "b": {
            "1": 0.3333333432674408,
            "2": 0.3333333432674408,
            "3": 0.3333333432674408
          }
        }
      },
      "t17": {
        "rowCount": 6,
        "mostCommonFrequencies": {
          "a": {
            "1": 0.3333333432674408,
            "2": 0.3333333432674408,
            "3": 0.3333333432674408
          },
          "b": {
            "1": 0.3333333432674408,
            "2": 0.3333333432674408,
            "3": 0.3333333432674408
          }
        }
      },
      "t1": {
        "rowCount": 6,
        "mostCommonFrequencies": {
          "a": {
            "1": 0.3333333432674408,
            "2": 0.3333333432674408,
            "3": 0.3333333432674408
          },
          "b": {
            "1": 0.3333333432674408,
            "2": 0.3333333432674408,
            "3": 0.3333333432674408
          }
        }
      },
      "t19": {
        "rowCount": 6,
        "mostCommonFrequencies": {
          "a": {
            "1": 0.3333333432674408,
            "2": 0.3333333432674408,
            "3": 0.3333333432674408
          },
          "b": {
            "1": 0.3333333432674408,
            "2": 0.3333333432674408,
            "3": 0.3333333432674408
          }
        }
      },
      "t2": {
        "rowCount": 6,
        "mostCommonFrequencies": {
          "a": {
            "1": 0.3333333432674408,
            "2": 0.3333333432674408,
            "3": 0.3333333432674408
          },
          "b": {
            "1": 0.3333333432674408,
            "2": 0.3333333432674408,
            "3": 0.3333333432674408
          }
        }
      },
      "t3": {
        "rowCount": 6,
        "mostCommonFrequencies": {
          "a": {
            "1": 0.3333333432674408,
            "2": 0.3333333432674408,
            "3": 0.3333333432674408
          },
          "b": {
            "1": 0.3333333432674408,
            "2": 0.3333333432674408,
            "3": 0.3333333432674408
          }
        }
      }
    },
    "orderedEdges": [
      {
        "name": "t6",
        "nodes": [
          "X12",
          "X33"
        ]
      },
      {
        "name": "t17",
        "nodes": [
          "X9",
          "X12"
        ]
      },
      {
        "name": "t9",
        "nodes": [
          "X12",
          "X29"
        ]
      },
      {
        "name": "t18",
        "nodes": [
          "X12",
          "X13"
        ]
      },
      {
        "name": "t1",
        "nodes": [
          "X12",
          "X15"
        ]
      },
      {
        "name": "t10",
        "nodes": [
          "X12",
          "X23"
        ]
      },
      {
        "name": "t12",
        "nodes": [
          "X19",
          "X12"
        ]
      },
      {
        "name": "t2",
        "nodes": [
          "X12",
          "X7"
        ]
      },
      {
        "name": "t7",
        "nodes": [
          "X12",
          "X37"
        ]
      },
      {
        "name": "t19",
        "nodes": [
          "X12",
          "X3"
        ]
      },
      {
        "name": "t11",
        "nodes": [
          "X12",
          "X17"
        ]
      },
      {
        "name": "t20",
        "nodes": [
          "X21",
          "X12"
        ]
      },
      {
        "name": "t16",
        "nodes": [
          "X31",
          "X12"
        ]
      },
      {
        "name": "t8",
        "nodes": [
          "X12",
          "X25"
        ]
      },
      {
        "name": "t14",
        "nodes": [
          "X12",
          "X39"
        ]
      },
      {
        "name": "t4",
        "nodes": [
          "X12",
          "X1"
        ]
      },
      {
        "name": "t5",
        "nodes": [
          "X12",
          "X5"
        ]
      },
      {
        "name": "t15",
        "nodes": [
          "X12",
          "X27"
        ]
      },
      {
        "name": "t3",
        "nodes": [
          "X12",
          "X11"
        ]
      },
      {
        "name": "t13",
        "nodes": [
          "X12",
          "X35"
        ]
      }
    ],
    "edges": [
      {
        "name": "t6",
        "nodes": [
          "X12",
          "X33"
        ]
      },
      {
        "name": "t17",
        "nodes": [
          "X9",
          "X12"
        ]
      },
      {
        "name": "t9",
        "nodes": [
          "X12",
          "X29"
        ]
      },
      {
        "name": "t18",
        "nodes": [
          "X12",
          "X13"
        ]
      },
      {
        "name": "t1",
        "nodes": [
          "X12",
          "X15"
        ]
      },
      {
        "name": "t10",
        "nodes": [
          "X12",
          "X23"
        ]
      },
      {
        "name": "t12",
        "nodes": [
          "X19",
          "X12"
        ]
      },
      {
        "name": "t2",
        "nodes": [
          "X12",
          "X7"
        ]
      },
      {
        "name": "t7",
        "nodes": [
          "X12",
          "X37"
        ]
      },
      {
        "name": "t19",
        "nodes": [
          "X12",
          "X3"
        ]
      },
      {
        "name": "t11",
        "nodes": [
          "X12",
          "X17"
        ]
      },
      {
        "name": "t20",
        "nodes": [
          "X21",
          "X12"
        ]
      },
      {
        "name": "t16",
        "nodes": [
          "X31",
          "X12"
        ]
      },
      {
        "name": "t8",
        "nodes": [
          "X12",
          "X25"
        ]
      },
      {
        "name": "t14",
        "nodes": [
          "X12",
          "X39"
        ]
      },
      {
        "name": "t4",
        "nodes": [
          "X12",
          "X1"
        ]
      },
      {
        "name": "t5",
        "nodes": [
          "X12",
          "X5"
        ]
      },
      {
        "name": "t15",
        "nodes": [
          "X12",
          "X27"
        ]
      },
      {
        "name": "t3",
        "nodes": [
          "X12",
          "X11"
        ]
      },
      {
        "name": "t13",
        "nodes": [
          "X12",
          "X35"
        ]
      }
    ],
    "nodes": [
      "X19",
      "X9",
      "X21",
      "X31",
      "X12",
      "X23",
      "X11",
      "X1",
      "X33",
      "X25",
      "X13",
      "X3",
      "X35",
      "X27",
      "X37",
      "X15",
      "X5",
      "X29",
      "X17",
      "X7",
      "X39"
    ],
    "edgesByName": {
      "t4": {
        "name": "t4",
        "nodes": [
          "X12",
          "X1"
        ]
      },
      "t5": {
        "name": "t5",
        "nodes": [
          "X12",
          "X5"
        ]
      },
      "t6": {
        "name": "t6",
        "nodes": [
          "X12",
          "X33"
        ]
      },
      "t7": {
        "name": "t7",
        "nodes": [
          "X12",
          "X37"
        ]
      },
      "t8": {
        "name": "t8",
        "nodes": [
          "X12",
          "X25"
        ]
      },
      "t9": {
        "name": "t9",
        "nodes": [
          "X12",
          "X29"
        ]
      },
      "t10": {
        "name": "t10",
        "nodes": [
          "X12",
          "X23"
        ]
      },
      "t20": {
        "name": "t20",
        "nodes": [
          "X21",
          "X12"
        ]
      },
      "t12": {
        "name": "t12",
        "nodes": [
          "X19",
          "X12"
        ]
      },
      "t11": {
        "name": "t11",
        "nodes": [
          "X12",
          "X17"
        ]
      },
      "t14": {
        "name": "t14",
        "nodes": [
          "X12",
          "X39"
        ]
      },
      "t13": {
        "name": "t13",
        "nodes": [
          "X12",
          "X35"
        ]
      },
      "t16": {
        "name": "t16",
        "nodes": [
          "X31",
          "X12"
        ]
      },
      "t15": {
        "name": "t15",
        "nodes": [
          "X12",
          "X27"
        ]
      },
      "t18": {
        "name": "t18",
        "nodes": [
          "X12",
          "X13"
        ]
      },
      "t17": {
        "name": "t17",
        "nodes": [
          "X9",
          "X12"
        ]
      },
      "t1": {
        "name": "t1",
        "nodes": [
          "X12",
          "X15"
        ]
      },
      "t19": {
        "name": "t19",
        "nodes": [
          "X12",
          "X3"
        ]
      },
      "t2": {
        "name": "t2",
        "nodes": [
          "X12",
          "X7"
        ]
      },
      "t3": {
        "name": "t3",
        "nodes": [
          "X12",
          "X11"
        ]
      }
    },
    "columnToVariableMapping": {
      "t6.a": "X12",
      "t5.b": "X5",
      "t5.a": "X12",
      "t4.b": "X1",
      "t8.a": "X12",
      "t7.b": "X37",
      "t7.a": "X12",
      "t6.b": "X33",
      "t2.a": "X12",
      "t1.b": "X15",
      "t1.a": "X12",
      "t4.a": "X12",
      "t3.b": "X11",
      "t3.a": "X12",
      "t2.b": "X7",
      "t9.b": "X29",
      "t9.a": "X12",
      "t8.b": "X25",
      "t20.b": "X21",
      "t20.a": "X12",
      "t19.b": "X3",
      "t12.b": "X19",
      "t13.a": "X12",
      "t12.a": "X12",
      "t11.b": "X17",
      "t15.a": "X12",
      "t14.b": "X39",
      "t14.a": "X12",
      "t13.b": "X35",
      "t16.b": "X31",
      "t17.a": "X12",
      "t16.a": "X12",
      "t15.b": "X27",
      "t19.a": "X12",
      "t18.b": "X13",
      "t17.b": "X9",
      "t18.a": "X12",
      "t11.a": "X12",
      "t10.b": "X23",
      "t10.a": "X12"
    },
    "inverseEquivalenceMapping": {
      "X19": {
        "t12": [
          "b"
        ]
      },
      "X9": {
        "t17": [
          "b"
        ]
      },
      "X21": {
        "t20": [
          "b"
        ]
      },
      "X31": {
        "t16": [
          "b"
        ]
      },
      "X23": {
        "t10": [
          "b"
        ]
      },
      "X12": {
        "t4": [
          "a"
        ],
        "t5": [
          "a"
        ],
        "t6": [
          "a"
        ],
        "t7": [
          "a"
        ],
        "t8": [
          "a"
        ],
        "t9": [
          "a"
        ],
        "t10": [
          "a"
        ],
        "t20": [
          "a"
        ],
        "t12": [
          "a"
        ],
        "t11": [
          "a"
        ],
        "t14": [
          "a"
        ],
        "t13": [
          "a"
        ],
        "t16": [
          "a"
        ],
        "t15": [
          "a"
        ],
        "t18": [
          "a"
        ],
        "t17": [
          "a"
        ],
        "t1": [
          "a"
        ],
        "t19": [
          "a"
        ],
        "t2": [
          "a"
        ],
        "t3": [
          "a"
        ]
      },
      "X1": {
        "t4": [
          "b"
        ]
      },
      "X33": {
        "t6": [
          "b"
        ]
      },
      "X11": {
        "t3": [
          "b"
        ]
      },
      "X25": {
        "t8": [
          "b"
        ]
      },
      "X3": {
        "t19": [
          "b"
        ]
      },
      "X35": {
        "t13": [
          "b"
        ]
      },
      "X13": {
        "t18": [
          "b"
        ]
      },
      "X27": {
        "t15": [
          "b"
        ]
      },
      "X5": {
        "t5": [
          "b"
        ]
      },
      "X37": {
        "t7": [
          "b"
        ]
      },
      "X15": {
        "t1": [
          "b"
        ]
      },
      "X29": {
        "t9": [
          "b"
        ]
      },
      "X7": {
        "t2": [
          "b"
        ]
      },
      "X17": {
        "t11": [
          "b"
        ]
      },
      "X39": {
        "t14": [
          "b"
        ]
      }
    },
    "variableToColumnMapping": {
      "X19": [
        "t12.b"
      ],
      "X9": [
        "t17.b"
      ],
      "X21": [
        "t20.b"
      ],
      "X31": [
        "t16.b"
      ],
      "X23": [
        "t10.b"
      ],
      "X12": [
        "t6.a",
        "t5.a",
        "t8.a",
        "t7.a",
        "t2.a",
        "t1.a",
        "t4.a",
        "t3.a",
        "t9.a",
        "t20.a",
        "t13.a",
        "t12.a",
        "t15.a",
        "t14.a",
        "t17.a",
        "t16.a",
        "t19.a",
        "t18.a",
        "t11.a",
        "t10.a"
      ],
      "X1": [
        "t4.b"
      ],
      "X33": [
        "t6.b"
      ],
      "X11": [
        "t3.b"
      ],
      "X25": [
        "t8.b"
      ],
      "X3": [
        "t19.b"
      ],
      "X35": [
        "t13.b"
      ],
      "X13": [
        "t18.b"
      ],
      "X27": [
        "t15.b"
      ],
      "X5": [
        "t5.b"
      ],
      "X37": [
        "t7.b"
      ],
      "X15": [
        "t1.b"
      ],
      "X29": [
        "t9.b"
      ],
      "X7": [
        "t2.b"
      ],
      "X17": [
        "t11.b"
      ],
      "X39": [
        "t14.b"
      ]
    },
    "decompositionTree": {}
  },
  "joinTree": {
    "successors": [
      {
        "successors": [],
        "tables": [
          "t5"
        ],
        "attributes": [
          "X12"
        ]
      },
      {
        "successors": [],
        "tables": [
          "t12"
        ],
        "attributes": [
          "X12"
        ]
      },
      {
        "successors": [],
        "tables": [
          "t2"
        ],
        "attributes": [
          "X12"
        ]
      },
      {
        "successors": [],
        "tables": [
          "t11"
        ],
        "attributes": [
          "X12"
        ]
      },
      {
        "successors": [],
        "tables": [
          "t14"
        ],
        "attributes": [
          "X12"
        ]
      },
      {
        "successors": [],
        "tables": [
          "t3"
        ],
        "attributes": [
          "X12",
          "X11"
        ]
      },
      {
        "successors": [],
        "tables": [
          "t9"
        ],
        "attributes": [
          "X12"
        ]
      },
      {
        "successors": [],
        "tables": [
          "t10"
        ],
        "attributes": [
          "X12"
        ]
      },
      {
        "successors": [],
        "tables": [
          "t7"
        ],
        "attributes": [
          "X12"
        ]
      },
      {
        "successors": [],
        "tables": [
          "t20"
        ],
        "attributes": [
          "X12"
        ]
      },
      {
        "successors": [],
        "tables": [
          "t8"
        ],
        "attributes": [
          "X12"
        ]
      },
      {
        "successors": [],
        "tables": [
          "t4"
        ],
        "attributes": [
          "X12"
        ]
      },
      {
        "successors": [],
        "tables": [
          "t15"
        ],
        "attributes": [
          "X12"
        ]
      },
      {
        "successors": [],
        "tables": [
          "t18"
        ],
        "attributes": [
          "X12"
        ]
      },
      {
        "successors": [],
        "tables": [
          "t13"
        ],
        "attributes": [
          "X12"
        ]
      },
      {
        "successors": [],
        "tables": [
          "t17"
        ],
        "attributes": [
          "X12"
        ]
      },
      {
        "successors": [],
        "tables": [
          "t1"
        ],
        "attributes": [
          "X12"
        ]
      },
      {
        "successors": [],
        "tables": [
          "t19"
        ],
        "attributes": [
          "X12"
        ]
      },
      {
        "successors": [],
        "tables": [
          "t16"
        ],
        "attributes": [
          "X12"
        ]
      }
    ],
    "tables": [
      "t6"
    ],
    "attributes": [
      "X12"
    ]
  },
  "query": "select t1.a,t3.b\nfrom t1, t2, t3, t4, t5, t6, t7, t8, t9, t10, t11, t12, t13, t14, t15, t16, t17, t18, t19, t20\nwhere t1.a \u003d t2.a\nand t2.a \u003d t3.a\nand t3.a \u003d t4.a\nAND t4.a \u003d t5.a\nAND t5.a \u003d t6.a\nAND t7.a \u003d t3.a\nAND t8.a \u003d t7.a\nAND t9.a \u003d t8.a\nAND t10.a \u003d t9.a\nAND t11.a \u003d t9.a\nAND t12.a \u003d t11.a\nAND t13.a \u003d t12.a\nAND t14.a \u003d t13.a\nAND t15.a \u003d t14.a\nAND t16.a \u003d t13.a\nAND t17.a \u003d t16.a\nAND t18.a \u003d t16.a\nAND t19.a \u003d t18.a\nAND t20.a \u003d t19.a\nAND t20.a \u003d t18.a;"
}