supplier,250.000
partsupp,customer,75000000.000
lineitem,supplier,37597500.000
part,nation,125000.000
region,part,25000.000
orders,supplier,9375000.000
region,nation,125.000
lineitem,part,751950000.000
region,partsupp,100000.000
lineitem,customer,563962500.000
orders,26.547
part,orders,187500000.000
partsupp,nation,500000.000
partsupp,supplier,5000000.000
lineitem,0.000
part,18.168
customer,nation,93750.000
partsupp,part,100000000.000
part,customer,18750000.000
customer,orders,140625000.000
lineitem,orders,5639625000.000
region,lineitem,751950.000
customer,10.000
customer,supplier,37386.000
region,supplier,1250.000
region,customer,18750.000
lineitem,nation,3759750.000
region,5.000
partsupp,0.000
partsupp,orders,750000000.000
nation,supplier,6250.000
partsupp,lineitem,3007800000.000
region,orders,187500.000
orders,nation,937500.000
nation,25.000
part,supplier,1250000.000
