{
  "conf": {
    "db": "db1",
    "query": "multiple-cycles2.sql",
    "suffix": "balancedgo-10-01",
    "run": 1,
    "decompositionOptions": {
      "algorithm": "BALANCEDGO"
    },
    "queryTimeout": 100,
    "dbSize": 10,
    "parallel": true,
    "skipRows": true,
    "threadCount": 8,
    "booleanQuery": false,
    "useStatistics": true
  },
  "unoptimizedRuntime": 0,
  "optimizedTotalRuntime": 0,
  "optimizedQueryRuntime": 0,
  "optimizedQueryTimeout": true,
  "unoptimizedQueryTimeout": true,
  "optimizedResultCorrect": true,
  "unoptimizedColumns": 0,
  "optimizedColumns": 0,
  "unoptimizedRows": 0,
  "optimizedRows": 0,
  "hypergraph": {
    "weights": [
      {
        "bag": [
          {
            "name": "t2",
            "nodes": [
              "X14",
              "X7"
            ]
          },
          {
            "name": "t6",
            "nodes": [
              "X19",
              "X18"
            ]
          }
        ],
        "weight": 300300.0
      },
      {
        "bag": [
          {
            "name": "t7",
            "nodes": [
              "X21",
              "X0"
            ]
          },
          {
            "name": "t10",
            "nodes": [
              "X10",
              "X16"
            ]
          }
        ],
        "weight": 422500.0
      },
      {
        "bag": [
          {
            "name": "t1",
            "nodes": [
              "X1",
              "X14"
            ]
          }
        ],
        "weight": 462.0000275373463
      },
      {
        "bag": [
          {
            "name": "t10",
            "nodes": [
              "X10",
              "X16"
            ]
          }
        ],
        "weight": 650.0000484287748
      },
      {
        "bag": [
          {
            "name": "t8",
            "nodes": [
              "X21",
              "X16"
            ]
          },
          {
            "name": "t6",
            "nodes": [
              "X19",
              "X18"
            ]
          }
        ],
        "weight": 422500.0
      },
      {
        "bag": [
          {
            "name": "t2",
            "nodes": [
              "X14",
              "X7"
            ]
          },
          {
            "name": "t1",
            "nodes": [
              "X1",
              "X14"
            ]
          }
        ],
        "weight": 9702.000578284273
      },
      {
        "bag": [
          {
            "name": "t3",
            "nodes": [
              "X0",
              "X7"
            ]
          },
          {
            "name": "t1",
            "nodes": [
              "X1",
              "X14"
            ]
          }
        ],
        "weight": 300300.0
      },
      {
        "bag": [
          {
            "name": "t7",
            "nodes": [
              "X21",
              "X0"
            ]
          },
          {
            "name": "t3",
            "nodes": [
              "X0",
              "X7"
            ]
          }
        ],
        "weight": 16250.00121071937
      },
      {
        "bag": [
          {
            "name": "t2",
            "nodes": [
              "X14",
              "X7"
            ]
          },
          {
            "name": "t10",
            "nodes": [
              "X10",
              "X16"
            ]
          }
        ],
        "weight": 300300.0
      },
      {
        "bag": [
          {
            "name": "t10",
            "nodes": [
              "X10",
              "X16"
            ]
          },
          {
            "name": "t3",
            "nodes": [
              "X0",
              "X7"
            ]
          }
        ],
        "weight": 422500.0
      },
      {
        "bag": [
          {
            "name": "t7",
            "nodes": [
              "X21",
              "X0"
            ]
          },
          {
            "name": "t6",
            "nodes": [
              "X19",
              "X18"
            ]
          }
        ],
        "weight": 422500.0
      },
      {
        "bag": [
          {
            "name": "t10",
            "nodes": [
              "X10",
              "X16"
            ]
          },
          {
            "name": "t9",
            "nodes": [
              "X21",
              "X16"
            ]
          }
        ],
        "weight": 16250.00121071937
      },
      {
        "bag": [
          {
            "name": "t3",
            "nodes": [
              "X0",
              "X7"
            ]
          }
        ],
        "weight": 650.0000484287748
      },
      {
        "bag": [
          {
            "name": "t11",
            "nodes": [
              "X0",
              "X3"
            ]
          },
          {
            "name": "t1",
            "nodes": [
              "X1",
              "X14"
            ]
          }
        ],
        "weight": 462.0
      },
      {
        "bag": [
          {
            "name": "t7",
            "nodes": [
              "X21",
              "X0"
            ]
          },
          {
            "name": "t8",
            "nodes": [
              "X21",
              "X16"
            ]
          }
        ],
        "weight": 16250.00121071937
      },
      {
        "bag": [
          {
            "name": "t5",
            "nodes": [
              "X4",
              "X5"
            ]
          }
        ],
        "weight": 650.0000484287748
      },
      {
        "bag": [
          {
            "name": "t8",
            "nodes": [
              "X21",
              "X16"
            ]
          }
        ],
        "weight": 650.0000484287748
      },
      {
        "bag": [
          {
            "name": "t4",
            "nodes": [
              "X0",
              "X1"
            ]
          },
          {
            "name": "t6",
            "nodes": [
              "X19",
              "X18"
            ]
          }
        ],
        "weight": 422500.0
      },
      {
        "bag": [
          {
            "name": "t6",
            "nodes": [
              "X19",
              "X18"
            ]
          },
          {
            "name": "t9",
            "nodes": [
              "X21",
              "X16"
            ]
          }
        ],
        "weight": 422500.0
      },
      {
        "bag": [
          {
            "name": "t9",
            "nodes": [
              "X21",
              "X16"
            ]
          }
        ],
        "weight": 650.0000484287748
      },
      {
        "bag": [
          {
            "name": "t4",
            "nodes": [
              "X0",
              "X1"
            ]
          },
          {
            "name": "t8",
            "nodes": [
              "X21",
              "X16"
            ]
          }
        ],
        "weight": 422500.0
      },
      {
        "bag": [
          {
            "name": "t3",
            "nodes": [
              "X0",
              "X7"
            ]
          },
          {
            "name": "t9",
            "nodes": [
              "X21",
              "X16"
            ]
          }
        ],
        "weight": 422500.0
      },
      {
        "bag": [
          {
            "name": "t8",
            "nodes": [
              "X21",
              "X16"
            ]
          },
          {
            "name": "t5",
            "nodes": [
              "X4",
              "X5"
            ]
          }
        ],
        "weight": 422500.0
      },
      {
        "bag": [
          {
            "name": "t2",
            "nodes": [
              "X14",
              "X7"
            ]
          },
          {
            "name": "t3",
            "nodes": [
              "X0",
              "X7"
            ]
          }
        ],
        "weight": 11550.000774487866
      },
      {
        "bag": [
          {
            "name": "t11",
            "nodes": [
              "X0",
              "X3"
            ]
          },
          {
            "name": "t9",
            "nodes": [
              "X21",
              "X16"
            ]
          }
        ],
        "weight": 650.0
      },
      {
        "bag": [
          {
            "name": "t4",
            "nodes": [
              "X0",
              "X1"
            ]
          },
          {
            "name": "t11",
            "nodes": [
              "X0",
              "X3"
            ]
          }
        ],
        "weight": 650.0
      },
      {
        "bag": [
          {
            "name": "t6",
            "nodes": [
              "X19",
              "X18"
            ]
          }
        ],
        "weight": 650.0000484287748
      },
      {
        "bag": [
          {
            "name": "t8",
            "nodes": [
              "X21",
              "X16"
            ]
          },
          {
            "name": "t1",
            "nodes": [
              "X1",
              "X14"
            ]
          }
        ],
        "weight": 300300.0
      },
      {
        "bag": [
          {
            "name": "t5",
            "nodes": [
              "X4",
              "X5"
            ]
          },
          {
            "name": "t11",
            "nodes": [
              "X0",
              "X3"
            ]
          }
        ],
        "weight": 650.0
      },
      {
        "bag": [
          {
            "name": "t5",
            "nodes": [
              "X4",
              "X5"
            ]
          },
          {
            "name": "t6",
            "nodes": [
              "X19",
              "X18"
            ]
          }
        ],
        "weight": 422500.0
      },
      {
        "bag": [
          {
            "name": "t5",
            "nodes": [
              "X4",
              "X5"
            ]
          },
          {
            "name": "t9",
            "nodes": [
              "X21",
              "X16"
            ]
          }
        ],
        "weight": 422500.0
      },
      {
        "bag": [
          {
            "name": "t8",
            "nodes": [
              "X21",
              "X16"
            ]
          },
          {
            "name": "t9",
            "nodes": [
              "X21",
              "X16"
            ]
          }
        ],
        "weight": 625.0000931322627
      },
      {
        "bag": [
          {
            "name": "t8",
            "nodes": [
              "X21",
              "X16"
            ]
          },
          {
            "name": "t10",
            "nodes": [
              "X10",
              "X16"
            ]
          }
        ],
        "weight": 16250.00121071937
      },
      {
        "bag": [
          {
            "name": "t10",
            "nodes": [
              "X10",
              "X16"
            ]
          },
          {
            "name": "t6",
            "nodes": [
              "X19",
              "X18"
            ]
          }
        ],
        "weight": 422500.0
      },
      {
        "bag": [
          {
            "name": "t7",
            "nodes": [
              "X21",
              "X0"
            ]
          }
        ],
        "weight": 650.0000484287748
      },
      {
        "bag": [
          {
            "name": "t7",
            "nodes": [
              "X21",
              "X0"
            ]
          },
          {
            "name": "t9",
            "nodes": [
              "X21",
              "X16"
            ]
          }
        ],
        "weight": 16250.00121071937
      },
      {
        "bag": [
          {
            "name": "t2",
            "nodes": [
              "X14",
              "X7"
            ]
          },
          {
            "name": "t9",
            "nodes": [
              "X21",
              "X16"
            ]
          }
        ],
        "weight": 300300.0
      },
      {
        "bag": [
          {
            "name": "t3",
            "nodes": [
              "X0",
              "X7"
            ]
          },
          {
            "name": "t6",
            "nodes": [
              "X19",
              "X18"
            ]
          }
        ],
        "weight": 422500.0
      },
      {
        "bag": [
          {
            "name": "t2",
            "nodes": [
              "X14",
              "X7"
            ]
          },
          {
            "name": "t5",
            "nodes": [
              "X4",
              "X5"
            ]
          }
        ],
        "weight": 300300.0
      },
      {
        "bag": [
          {
            "name": "t7",
            "nodes": [
              "X21",
              "X0"
            ]
          },
          {
            "name": "t11",
            "nodes": [
              "X0",
              "X3"
            ]
          }
        ],
        "weight": 650.0
      },
      {
        "bag": [
          {
            "name": "t10",
            "nodes": [
              "X10",
              "X16"
            ]
          },
          {
            "name": "t1",
            "nodes": [
              "X1",
              "X14"
            ]
          }
        ],
        "weight": 300300.0
      },
      {
        "bag": [
          {
            "name": "t4",
            "nodes": [
              "X0",
              "X1"
            ]
          },
          {
            "name": "t5",
            "nodes": [
              "X4",
              "X5"
            ]
          }
        ],
        "weight": 422500.0
      },
      {
        "bag": [
          {
            "name": "t4",
            "nodes": [
              "X0",
              "X1"
            ]
          }
        ],
        "weight": 650.0000484287748
      },
      {
        "bag": [
          {
            "name": "t4",
            "nodes": [
              "X0",
              "X1"
            ]
          },
          {
            "name": "t3",
            "nodes": [
              "X0",
              "X7"
            ]
          }
        ],
        "weight": 16250.00121071937
      },
      {
        "bag": [
          {
            "name": "t1",
            "nodes": [
              "X1",
              "X14"
            ]
          },
          {
            "name": "t9",
            "nodes": [
              "X21",
              "X16"
            ]
          }
        ],
        "weight": 300300.0
      },
      {
        "bag": [
          {
            "name": "t4",
            "nodes": [
              "X0",
              "X1"
            ]
          },
          {
            "name": "t1",
            "nodes": [
              "X1",
              "X14"
            ]
          }
        ],
        "weight": 11550.000774487866
      },
      {
        "bag": [
          {
            "name": "t8",
            "nodes": [
              "X21",
              "X16"
            ]
          },
          {
            "name": "t11",
            "nodes": [
              "X0",
              "X3"
            ]
          }
        ],
        "weight": 650.0
      },
      {
        "bag": [
          {
            "name": "t2",
            "nodes": [
              "X14",
              "X7"
            ]
          }
        ],
        "weight": 462.0000275373463
      },
      {
        "bag": [
          {
            "name": "t6",
            "nodes": [
              "X19",
              "X18"
            ]
          },
          {
            "name": "t1",
            "nodes": [
              "X1",
              "X14"
            ]
          }
        ],
        "weight": 300300.0
      },
      {
        "bag": [
          {
            "name": "t4",
            "nodes": [
              "X0",
              "X1"
            ]
          },
          {
            "name": "t7",
            "nodes": [
              "X21",
              "X0"
            ]
          }
        ],
        "weight": 16250.00121071937
      },
      {
        "bag": [
          {
            "name": "t10",
            "nodes": [
              "X10",
              "X16"
            ]
          },
          {
            "name": "t5",
            "nodes": [
              "X4",
              "X5"
            ]
          }
        ],
        "weight": 422500.0
      },
      {
        "bag": [
          {
            "name": "t5",
            "nodes": [
              "X4",
              "X5"
            ]
          },
          {
            "name": "t1",
            "nodes": [
              "X1",
              "X14"
            ]
          }
        ],
        "weight": 300300.0
      },
      {
        "bag": [
          {
            "name": "t11",
            "nodes": [
              "X0",
              "X3"
            ]
          }
        ],
        "weight": 1.0
      },
      {
        "bag": [
          {
            "name": "t11",
            "nodes": [
              "X0",
              "X3"
            ]
          },
          {
            "name": "t3",
            "nodes": [
              "X0",
              "X7"
            ]
          }
        ],
        "weight": 650.0
      },
      {
        "bag": [
          {
            "name": "t2",
            "nodes": [
              "X14",
              "X7"
            ]
          },
          {
            "name": "t8",
            "nodes": [
              "X21",
              "X16"
            ]
          }
        ],
        "weight": 300300.0
      },
      {
        "bag": [
          {
            "name": "t7",
            "nodes": [
              "X21",
              "X0"
            ]
          },
          {
            "name": "t1",
            "nodes": [
              "X1",
              "X14"
            ]
          }
        ],
        "weight": 300300.0
      },
      {
        "bag": [
          {
            "name": "t4",
            "nodes": [
              "X0",
              "X1"
            ]
          },
          {
            "name": "t2",
            "nodes": [
              "X14",
              "X7"
            ]
          }
        ],
        "weight": 300300.0
      },
      {
        "bag": [
          {
            "name": "t2",
            "nodes": [
              "X14",
              "X7"
            ]
          },
          {
            "name": "t11",
            "nodes": [
              "X0",
              "X3"
            ]
          }
        ],
        "weight": 462.0
      },
      {
        "bag": [
          {
            "name": "t7",
            "nodes": [
              "X21",
              "X0"
            ]
          },
          {
            "name": "t5",
            "nodes": [
              "X4",
              "X5"
            ]
          }
        ],
        "weight": 422500.0
      },
      {
        "bag": [
          {
            "name": "t5",
            "nodes": [
              "X4",
              "X5"
            ]
          },
          {
            "name": "t3",
            "nodes": [
              "X0",
              "X7"
            ]
          }
        ],
        "weight": 422500.0
      },
      {
        "bag": [
          {
            "name": "t4",
            "nodes": [
              "X0",
              "X1"
            ]
          },
          {
            "name": "t9",
            "nodes": [
              "X21",
              "X16"
            ]
          }
        ],
        "weight": 422500.0
      },
      {
        "bag": [
          {
            "name": "t7",
            "nodes": [
              "X21",
              "X0"
            ]
          },
          {
            "name": "t2",
            "nodes": [
              "X14",
              "X7"
            ]
          }
        ],
        "weight": 300300.0
      },
      {
        "bag": [
          {
            "name": "t11",
            "nodes": [
              "X0",
              "X3"
            ]
          },
          {
            "name": "t6",
            "nodes": [
              "X19",
              "X18"
            ]
          }
        ],
        "weight": 650.0
      },
      {
        "bag": [
          {
            "name": "t10",
            "nodes": [
              "X10",
              "X16"
            ]
          },
          {
            "name": "t11",
            "nodes": [
              "X0",
              "X3"
            ]
          }
        ],
        "weight": 650.0
      },
      {
        "bag": [
          {
            "name": "t8",
            "nodes": [
              "X21",
              "X16"
            ]
          },
          {
            "name": "t3",
            "nodes": [
              "X0",
              "X7"
            ]
          }
        ],
        "weight": 422500.0
      },
      {
        "bag": [
          {
            "name": "t4",
            "nodes": [
              "X0",
              "X1"
            ]
          },
          {
            "name": "t10",
            "nodes": [
              "X10",
              "X16"
            ]
          }
        ],
        "weight": 422500.0
      }
    ],
    "statistics": {
      "t4": {
        "rowCount": 650,
        "mostCommonFrequencies": {
          "a": {
            "22": 0.03846153989434242,
            "23": 0.03846153989434242,
            "24": 0.03846153989434242,
            "25": 0.03846153989434242,
            "26": 0.03846153989434242,
            "10": 0.03846153989434242,
            "11": 0.03846153989434242,
            "12": 0.03846153989434242,
            "13": 0.03846153989434242,
            "14": 0.03846153989434242,
            "15": 0.03846153989434242,
            "16": 0.03846153989434242,
            "17": 0.03846153989434242,
            "18": 0.03846153989434242,
            "19": 0.03846153989434242,
            "1": 0.03846153989434242,
            "2": 0.03846153989434242,
            "3": 0.03846153989434242,
            "4": 0.03846153989434242,
            "5": 0.03846153989434242,
            "6": 0.03846153989434242,
            "7": 0.03846153989434242,
            "8": 0.03846153989434242,
            "9": 0.03846153989434242,
            "20": 0.03846153989434242,
            "21": 0.03846153989434242
          },
          "b": {
            "22": 0.03846153989434242,
            "23": 0.03846153989434242,
            "24": 0.03846153989434242,
            "25": 0.03846153989434242,
            "26": 0.03846153989434242,
            "10": 0.03846153989434242,
            "11": 0.03846153989434242,
            "12": 0.03846153989434242,
            "13": 0.03846153989434242,
            "14": 0.03846153989434242,
            "15": 0.03846153989434242,
            "16": 0.03846153989434242,
            "17": 0.03846153989434242,
            "18": 0.03846153989434242,
            "19": 0.03846153989434242,
            "1": 0.03846153989434242,
            "2": 0.03846153989434242,
            "3": 0.03846153989434242,
            "4": 0.03846153989434242,
            "5": 0.03846153989434242,
            "6": 0.03846153989434242,
            "7": 0.03846153989434242,
            "8": 0.03846153989434242,
            "9": 0.03846153989434242,
            "20": 0.03846153989434242,
            "21": 0.03846153989434242
          }
        }
      },
      "t5": {
        "rowCount": 650,
        "mostCommonFrequencies": {
          "a": {
            "22": 0.03846153989434242,
            "23": 0.03846153989434242,
            "24": 0.03846153989434242,
            "25": 0.03846153989434242,
            "26": 0.03846153989434242,
            "10": 0.03846153989434242,
            "11": 0.03846153989434242,
            "12": 0.03846153989434242,
            "13": 0.03846153989434242,
            "14": 0.03846153989434242,
            "15": 0.03846153989434242,
            "16": 0.03846153989434242,
            "17": 0.03846153989434242,
            "18": 0.03846153989434242,
            "19": 0.03846153989434242,
            "1": 0.03846153989434242,
            "2": 0.03846153989434242,
            "3": 0.03846153989434242,
            "4": 0.03846153989434242,
            "5": 0.03846153989434242,
            "6": 0.03846153989434242,
            "7": 0.03846153989434242,
            "8": 0.03846153989434242,
            "9": 0.03846153989434242,
            "20": 0.03846153989434242,
            "21": 0.03846153989434242
          },
          "b": {
            "22": 0.03846153989434242,
            "23": 0.03846153989434242,
            "24": 0.03846153989434242,
            "25": 0.03846153989434242,
            "26": 0.03846153989434242,
            "10": 0.03846153989434242,
            "11": 0.03846153989434242,
            "12": 0.03846153989434242,
            "13": 0.03846153989434242,
            "14": 0.03846153989434242,
            "15": 0.03846153989434242,
            "16": 0.03846153989434242,
            "17": 0.03846153989434242,
            "18": 0.03846153989434242,
            "19": 0.03846153989434242,
            "1": 0.03846153989434242,
            "2": 0.03846153989434242,
            "3": 0.03846153989434242,
            "4": 0.03846153989434242,
            "5": 0.03846153989434242,
            "6": 0.03846153989434242,
            "7": 0.03846153989434242,
            "8": 0.03846153989434242,
            "9": 0.03846153989434242,
            "20": 0.03846153989434242,
            "21": 0.03846153989434242
          }
        }
      },
      "t6": {
        "rowCount": 650,
        "mostCommonFrequencies": {
          "a": {
            "22": 0.03846153989434242,
            "23": 0.03846153989434242,
            "24": 0.03846153989434242,
            "25": 0.03846153989434242,
            "26": 0.03846153989434242,
            "10": 0.03846153989434242,
            "11": 0.03846153989434242,
            "12": 0.03846153989434242,
            "13": 0.03846153989434242,
            "14": 0.03846153989434242,
            "15": 0.03846153989434242,
            "16": 0.03846153989434242,
            "17": 0.03846153989434242,
            "18": 0.03846153989434242,
            "19": 0.03846153989434242,
            "1": 0.03846153989434242,
            "2": 0.03846153989434242,
            "3": 0.03846153989434242,
            "4": 0.03846153989434242,
            "5": 0.03846153989434242,
            "6": 0.03846153989434242,
            "7": 0.03846153989434242,
            "8": 0.03846153989434242,
            "9": 0.03846153989434242,
            "20": 0.03846153989434242,
            "21": 0.03846153989434242
          },
          "b": {
            "22": 0.03846153989434242,
            "23": 0.03846153989434242,
            "24": 0.03846153989434242,
            "25": 0.03846153989434242,
            "26": 0.03846153989434242,
            "10": 0.03846153989434242,
            "11": 0.03846153989434242,
            "12": 0.03846153989434242,
            "13": 0.03846153989434242,
            "14": 0.03846153989434242,
            "15": 0.03846153989434242,
            "16": 0.03846153989434242,
            "17": 0.03846153989434242,
            "18": 0.03846153989434242,
            "19": 0.03846153989434242,
            "1": 0.03846153989434242,
            "2": 0.03846153989434242,
            "3": 0.03846153989434242,
            "4": 0.03846153989434242,
            "5": 0.03846153989434242,
            "6": 0.03846153989434242,
            "7": 0.03846153989434242,
            "8": 0.03846153989434242,
            "9": 0.03846153989434242,
            "20": 0.03846153989434242,
            "21": 0.03846153989434242
          }
        }
      },
      "t10": {
        "rowCount": 650,
        "mostCommonFrequencies": {
          "a": {
            "22": 0.03846153989434242,
            "23": 0.03846153989434242,
            "24": 0.03846153989434242,
            "25": 0.03846153989434242,
            "26": 0.03846153989434242,
            "10": 0.03846153989434242,
            "11": 0.03846153989434242,
            "12": 0.03846153989434242,
            "13": 0.03846153989434242,
            "14": 0.03846153989434242,
            "15": 0.03846153989434242,
            "16": 0.03846153989434242,
            "17": 0.03846153989434242,
            "18": 0.03846153989434242,
            "19": 0.03846153989434242,
            "1": 0.03846153989434242,
            "2": 0.03846153989434242,
            "3": 0.03846153989434242,
            "4": 0.03846153989434242,
            "5": 0.03846153989434242,
            "6": 0.03846153989434242,
            "7": 0.03846153989434242,
            "8": 0.03846153989434242,
            "9": 0.03846153989434242,
            "20": 0.03846153989434242,
            "21": 0.03846153989434242
          },
          "b": {
            "22": 0.03846153989434242,
            "23": 0.03846153989434242,
            "24": 0.03846153989434242,
            "25": 0.03846153989434242,
            "26": 0.03846153989434242,
            "10": 0.03846153989434242,
            "11": 0.03846153989434242,
            "12": 0.03846153989434242,
            "13": 0.03846153989434242,
            "14": 0.03846153989434242,
            "15": 0.03846153989434242,
            "16": 0.03846153989434242,
            "17": 0.03846153989434242,
            "18": 0.03846153989434242,
            "19": 0.03846153989434242,
            "1": 0.03846153989434242,
            "2": 0.03846153989434242,
            "3": 0.03846153989434242,
            "4": 0.03846153989434242,
            "5": 0.03846153989434242,
            "6": 0.03846153989434242,
            "7": 0.03846153989434242,
            "8": 0.03846153989434242,
            "9": 0.03846153989434242,
            "20": 0.03846153989434242,
            "21": 0.03846153989434242
          }
        }
      },
      "t7": {
        "rowCount": 650,
        "mostCommonFrequencies": {
          "a": {
            "22": 0.03846153989434242,
            "23": 0.03846153989434242,
            "24": 0.03846153989434242,
            "25": 0.03846153989434242,
            "26": 0.03846153989434242,
            "10": 0.03846153989434242,
            "11": 0.03846153989434242,
            "12": 0.03846153989434242,
            "13": 0.03846153989434242,
            "14": 0.03846153989434242,
            "15": 0.03846153989434242,
            "16": 0.03846153989434242,
            "17": 0.03846153989434242,
            "18": 0.03846153989434242,
            "19": 0.03846153989434242,
            "1": 0.03846153989434242,
            "2": 0.03846153989434242,
            "3": 0.03846153989434242,
            "4": 0.03846153989434242,
            "5": 0.03846153989434242,
            "6": 0.03846153989434242,
            "7": 0.03846153989434242,
            "8": 0.03846153989434242,
            "9": 0.03846153989434242,
            "20": 0.03846153989434242,
            "21": 0.03846153989434242
          },
          "b": {
            "22": 0.03846153989434242,
            "23": 0.03846153989434242,
            "24": 0.03846153989434242,
            "25": 0.03846153989434242,
            "26": 0.03846153989434242,
            "10": 0.03846153989434242,
            "11": 0.03846153989434242,
            "12": 0.03846153989434242,
            "13": 0.03846153989434242,
            "14": 0.03846153989434242,
            "15": 0.03846153989434242,
            "16": 0.03846153989434242,
            "17": 0.03846153989434242,
            "18": 0.03846153989434242,
            "19": 0.03846153989434242,
            "1": 0.03846153989434242,
            "2": 0.03846153989434242,
            "3": 0.03846153989434242,
            "4": 0.03846153989434242,
            "5": 0.03846153989434242,
            "6": 0.03846153989434242,
            "7": 0.03846153989434242,
            "8": 0.03846153989434242,
            "9": 0.03846153989434242,
            "20": 0.03846153989434242,
            "21": 0.03846153989434242
          }
        }
      },
      "t8": {
        "rowCount": 650,
        "mostCommonFrequencies": {
          "a": {
            "22": 0.03846153989434242,
            "23": 0.03846153989434242,
            "24": 0.03846153989434242,
            "25": 0.03846153989434242,
            "26": 0.03846153989434242,
            "10": 0.03846153989434242,
            "11": 0.03846153989434242,
            "12": 0.03846153989434242,
            "13": 0.03846153989434242,
            "14": 0.03846153989434242,
            "15": 0.03846153989434242,
            "16": 0.03846153989434242,
            "17": 0.03846153989434242,
            "18": 0.03846153989434242,
            "19": 0.03846153989434242,
            "1": 0.03846153989434242,
            "2": 0.03846153989434242,
            "3": 0.03846153989434242,
            "4": 0.03846153989434242,
            "5": 0.03846153989434242,
            "6": 0.03846153989434242,
            "7": 0.03846153989434242,
            "8": 0.03846153989434242,
            "9": 0.03846153989434242,
            "20": 0.03846153989434242,
            "21": 0.03846153989434242
          },
          "b": {
            "22": 0.03846153989434242,
            "23": 0.03846153989434242,
            "24": 0.03846153989434242,
            "25": 0.03846153989434242,
            "26": 0.03846153989434242,
            "10": 0.03846153989434242,
            "11": 0.03846153989434242,
            "12": 0.03846153989434242,
            "13": 0.03846153989434242,
            "14": 0.03846153989434242,
            "15": 0.03846153989434242,
            "16": 0.03846153989434242,
            "17": 0.03846153989434242,
            "18": 0.03846153989434242,
            "19": 0.03846153989434242,
            "1": 0.03846153989434242,
            "2": 0.03846153989434242,
            "3": 0.03846153989434242,
            "4": 0.03846153989434242,
            "5": 0.03846153989434242,
            "6": 0.03846153989434242,
            "7": 0.03846153989434242,
            "8": 0.03846153989434242,
            "9": 0.03846153989434242,
            "20": 0.03846153989434242,
            "21": 0.03846153989434242
          }
        }
      },
      "t9": {
        "rowCount": 650,
        "mostCommonFrequencies": {
          "a": {
            "22": 0.03846153989434242,
            "23": 0.03846153989434242,
            "24": 0.03846153989434242,
            "25": 0.03846153989434242,
            "26": 0.03846153989434242,
            "10": 0.03846153989434242,
            "11": 0.03846153989434242,
            "12": 0.03846153989434242,
            "13": 0.03846153989434242,
            "14": 0.03846153989434242,
            "15": 0.03846153989434242,
            "16": 0.03846153989434242,
            "17": 0.03846153989434242,
            "18": 0.03846153989434242,
            "19": 0.03846153989434242,
            "1": 0.03846153989434242,
            "2": 0.03846153989434242,
            "3": 0.03846153989434242,
            "4": 0.03846153989434242,
            "5": 0.03846153989434242,
            "6": 0.03846153989434242,
            "7": 0.03846153989434242,
            "8": 0.03846153989434242,
            "9": 0.03846153989434242,
            "20": 0.03846153989434242,
            "21": 0.03846153989434242
          },
          "b": {
            "22": 0.03846153989434242,
            "23": 0.03846153989434242,
            "24": 0.03846153989434242,
            "25": 0.03846153989434242,
            "26": 0.03846153989434242,
            "10": 0.03846153989434242,
            "11": 0.03846153989434242,
            "12": 0.03846153989434242,
            "13": 0.03846153989434242,
            "14": 0.03846153989434242,
            "15": 0.03846153989434242,
            "16": 0.03846153989434242,
            "17": 0.03846153989434242,
            "18": 0.03846153989434242,
            "19": 0.03846153989434242,
            "1": 0.03846153989434242,
            "2": 0.03846153989434242,
            "3": 0.03846153989434242,
            "4": 0.03846153989434242,
            "5": 0.03846153989434242,
            "6": 0.03846153989434242,
            "7": 0.03846153989434242,
            "8": 0.03846153989434242,
            "9": 0.03846153989434242,
            "20": 0.03846153989434242,
            "21": 0.03846153989434242
          }
        }
      },
      "t11": {
        "rowCount": 1,
        "mostCommonFrequencies": {
          "a": {},
          "b": {}
        }
      },
      "t1": {
        "rowCount": 462,
        "mostCommonFrequencies": {
          "a": {
            "11": 0.04545454680919647,
            "22": 0.04545454680919647,
            "12": 0.04545454680919647,
            "13": 0.04545454680919647,
            "14": 0.04545454680919647,
            "15": 0.04545454680919647,
            "16": 0.04545454680919647,
            "17": 0.04545454680919647,
            "18": 0.04545454680919647,
            "19": 0.04545454680919647,
            "1": 0.04545454680919647,
            "2": 0.04545454680919647,
            "3": 0.04545454680919647,
            "4": 0.04545454680919647,
            "5": 0.04545454680919647,
            "6": 0.04545454680919647,
            "7": 0.04545454680919647,
            "8": 0.04545454680919647,
            "9": 0.04545454680919647,
            "20": 0.04545454680919647,
            "10": 0.04545454680919647,
            "21": 0.04545454680919647
          },
          "b": {
            "11": 0.04545454680919647,
            "22": 0.04545454680919647,
            "12": 0.04545454680919647,
            "13": 0.04545454680919647,
            "14": 0.04545454680919647,
            "15": 0.04545454680919647,
            "16": 0.04545454680919647,
            "17": 0.04545454680919647,
            "18": 0.04545454680919647,
            "19": 0.04545454680919647,
            "1": 0.04545454680919647,
            "2": 0.04545454680919647,
            "3": 0.04545454680919647,
            "4": 0.04545454680919647,
            "5": 0.04545454680919647,
            "6": 0.04545454680919647,
            "7": 0.04545454680919647,
            "8": 0.04545454680919647,
            "9": 0.04545454680919647,
            "20": 0.04545454680919647,
            "10": 0.04545454680919647,
            "21": 0.04545454680919647
          }
        }
      },
      "t2": {
        "rowCount": 462,
        "mostCommonFrequencies": {
          "a": {
            "11": 0.04545454680919647,
            "22": 0.04545454680919647,
            "12": 0.04545454680919647,
            "13": 0.04545454680919647,
            "14": 0.04545454680919647,
            "15": 0.04545454680919647,
            "16": 0.04545454680919647,
            "17": 0.04545454680919647,
            "18": 0.04545454680919647,
            "19": 0.04545454680919647,
            "1": 0.04545454680919647,
            "2": 0.04545454680919647,
            "3": 0.04545454680919647,
            "4": 0.04545454680919647,
            "5": 0.04545454680919647,
            "6": 0.04545454680919647,
            "7": 0.04545454680919647,
            "8": 0.04545454680919647,
            "9": 0.04545454680919647,
            "20": 0.04545454680919647,
            "10": 0.04545454680919647,
            "21": 0.04545454680919647
          },
          "b": {
            "11": 0.04545454680919647,
            "22": 0.04545454680919647,
            "12": 0.04545454680919647,
            "13": 0.04545454680919647,
            "14": 0.04545454680919647,
            "15": 0.04545454680919647,
            "16": 0.04545454680919647,
            "17": 0.04545454680919647,
            "18": 0.04545454680919647,
            "19": 0.04545454680919647,
            "1": 0.04545454680919647,
            "2": 0.04545454680919647,
            "3": 0.04545454680919647,
            "4": 0.04545454680919647,
            "5": 0.04545454680919647,
            "6": 0.04545454680919647,
            "7": 0.04545454680919647,
            "8": 0.04545454680919647,
            "9": 0.04545454680919647,
            "20": 0.04545454680919647,
            "10": 0.04545454680919647,
            "21": 0.04545454680919647
          }
        }
      },
      "t3": {
        "rowCount": 650,
        "mostCommonFrequencies": {
          "a": {
            "22": 0.03846153989434242,
            "23": 0.03846153989434242,
            "24": 0.03846153989434242,
            "25": 0.03846153989434242,
            "26": 0.03846153989434242,
            "10": 0.03846153989434242,
            "11": 0.03846153989434242,
            "12": 0.03846153989434242,
            "13": 0.03846153989434242,
            "14": 0.03846153989434242,
            "15": 0.03846153989434242,
            "16": 0.03846153989434242,
            "17": 0.03846153989434242,
            "18": 0.03846153989434242,
            "19": 0.03846153989434242,
            "1": 0.03846153989434242,
            "2": 0.03846153989434242,
            "3": 0.03846153989434242,
            "4": 0.03846153989434242,
            "5": 0.03846153989434242,
            "6": 0.03846153989434242,
            "7": 0.03846153989434242,
            "8": 0.03846153989434242,
            "9": 0.03846153989434242,
            "20": 0.03846153989434242,
            "21": 0.03846153989434242
          },
          "b": {
            "22": 0.03846153989434242,
            "23": 0.03846153989434242,
            "24": 0.03846153989434242,
            "25": 0.03846153989434242,
            "26": 0.03846153989434242,
            "10": 0.03846153989434242,
            "11": 0.03846153989434242,
            "12": 0.03846153989434242,
            "13": 0.03846153989434242,
            "14": 0.03846153989434242,
            "15": 0.03846153989434242,
            "16": 0.03846153989434242,
            "17": 0.03846153989434242,
            "18": 0.03846153989434242,
            "19": 0.03846153989434242,
            "1": 0.03846153989434242,
            "2": 0.03846153989434242,
            "3": 0.03846153989434242,
            "4": 0.03846153989434242,
            "5": 0.03846153989434242,
            "6": 0.03846153989434242,
            "7": 0.03846153989434242,
            "8": 0.03846153989434242,
            "9": 0.03846153989434242,
            "20": 0.03846153989434242,
            "21": 0.03846153989434242
          }
        }
      }
    },
    "orderedEdges": [
      {
        "name": "t4",
        "nodes": [
          "X0",
          "X1"
        ]
      },
      {
        "name": "t7",
        "nodes": [
          "X21",
          "X0"
        ]
      },
      {
        "name": "t2",
        "nodes": [
          "X14",
          "X7"
        ]
      },
      {
        "name": "t8",
        "nodes": [
          "X21",
          "X16"
        ]
      },
      {
        "name": "t10",
        "nodes": [
          "X10",
          "X16"
        ]
      },
      {
        "name": "t5",
        "nodes": [
          "X4",
          "X5"
        ]
      },
      {
        "name": "t11",
        "nodes": [
          "X0",
          "X3"
        ]
      },
      {
        "name": "t3",
        "nodes": [
          "X0",
          "X7"
        ]
      },
      {
        "name": "t6",
        "nodes": [
          "X19",
          "X18"
        ]
      },
      {
        "name": "t1",
        "nodes": [
          "X1",
          "X14"
        ]
      },
      {
        "name": "t9",
        "nodes": [
          "X21",
          "X16"
        ]
      }
    ],
    "edges": [
      {
        "name": "t4",
        "nodes": [
          "X0",
          "X1"
        ]
      },
      {
        "name": "t7",
        "nodes": [
          "X21",
          "X0"
        ]
      },
      {
        "name": "t2",
        "nodes": [
          "X14",
          "X7"
        ]
      },
      {
        "name": "t8",
        "nodes": [
          "X21",
          "X16"
        ]
      },
      {
        "name": "t10",
        "nodes": [
          "X10",
          "X16"
        ]
      },
      {
        "name": "t5",
        "nodes": [
          "X4",
          "X5"
        ]
      },
      {
        "name": "t11",
        "nodes": [
          "X0",
          "X3"
        ]
      },
      {
        "name": "t3",
        "nodes": [
          "X0",
          "X7"
        ]
      },
      {
        "name": "t6",
        "nodes": [
          "X19",
          "X18"
        ]
      },
      {
        "name": "t1",
        "nodes": [
          "X1",
          "X14"
        ]
      },
      {
        "name": "t9",
        "nodes": [
          "X21",
          "X16"
        ]
      }
    ],
    "nodes": [
      "X19",
      "X21",
      "X10",
      "X0",
      "X1",
      "X14",
      "X3",
      "X16",
      "X4",
      "X5",
      "X18",
      "X7"
    ],
    "edgesByName": {
      "t4": {
        "name": "t4",
        "nodes": [
          "X0",
          "X1"
        ]
      },
      "t5": {
        "name": "t5",
        "nodes": [
          "X4",
          "X5"
        ]
      },
      "t10": {
        "name": "t10",
        "nodes": [
          "X10",
          "X16"
        ]
      },
      "t6": {
        "name": "t6",
        "nodes": [
          "X19",
          "X18"
        ]
      },
      "t7": {
        "name": "t7",
        "nodes": [
          "X21",
          "X0"
        ]
      },
      "t8": {
        "name": "t8",
        "nodes": [
          "X21",
          "X16"
        ]
      },
      "t11": {
        "name": "t11",
        "nodes": [
          "X0",
          "X3"
        ]
      },
      "t9": {
        "name": "t9",
        "nodes": [
          "X21",
          "X16"
        ]
      },
      "t1": {
        "name": "t1",
        "nodes": [
          "X1",
          "X14"
        ]
      },
      "t2": {
        "name": "t2",
        "nodes": [
          "X14",
          "X7"
        ]
      },
      "t3": {
        "name": "t3",
        "nodes": [
          "X0",
          "X7"
        ]
      }
    },
    "columnToVariableMapping": {
      "t5.b": "X5",
      "t6.a": "X18",
      "t4.b": "X1",
      "t5.a": "X4",
      "t8.a": "X21",
      "t7.b": "X21",
      "t6.b": "X19",
      "t7.a": "X0",
      "t1.b": "X1",
      "t2.a": "X14",
      "t1.a": "X14",
      "t4.a": "X0",
      "t3.b": "X0",
      "t2.b": "X7",
      "t3.a": "X7",
      "t9.b": "X21",
      "t8.b": "X16",
      "t9.a": "X16",
      "t11.b": "X3",
      "t11.a": "X0",
      "t10.b": "X16",
      "t10.a": "X10"
    },
    "inverseEquivalenceMapping": {
      "X19": {
        "t6": [
          "b"
        ]
      },
      "X21": {
        "t7": [
          "b"
        ],
        "t8": [
          "a"
        ],
        "t9": [
          "b"
        ]
      },
      "X10": {
        "t10": [
          "a"
        ]
      },
      "X0": {
        "t4": [
          "a"
        ],
        "t7": [
          "a"
        ],
        "t11": [
          "a"
        ],
        "t3": [
          "b"
        ]
      },
      "X1": {
        "t4": [
          "b"
        ],
        "t1": [
          "b"
        ]
      },
      "X14": {
        "t1": [
          "a"
        ],
        "t2": [
          "a"
        ]
      },
      "X3": {
        "t11": [
          "b"
        ]
      },
      "X4": {
        "t5": [
          "a"
        ]
      },
      "X16": {
        "t10": [
          "b"
        ],
        "t8": [
          "b"
        ],
        "t9": [
          "a"
        ]
      },
      "X5": {
        "t5": [
          "b"
        ]
      },
      "X18": {
        "t6": [
          "a"
        ]
      },
      "X7": {
        "t2": [
          "b"
        ],
        "t3": [
          "a"
        ]
      }
    },
    "variableToColumnMapping": {
      "X19": [
        "t6.b"
      ],
      "X21": [
        "t8.a",
        "t7.b",
        "t9.b"
      ],
      "X10": [
        "t10.a"
      ],
      "X0": [
        "t7.a",
        "t4.a",
        "t3.b",
        "t11.a"
      ],
      "X1": [
        "t4.b",
        "t1.b"
      ],
      "X14": [
        "t2.a",
        "t1.a"
      ],
      "X3": [
        "t11.b"
      ],
      "X4": [
        "t5.a"
      ],
      "X16": [
        "t8.b",
        "t9.a",
        "t10.b"
      ],
      "X5": [
        "t5.b"
      ],
      "X18": [
        "t6.a"
      ],
      "X7": [
        "t2.b",
        "t3.a"
      ]
    },
    "decompositionTree": {}
  },
  "joinTree": {
    "successors": [
      {
        "successors": [],
        "tables": [
          "t2",
          "t3"
        ],
        "attributes": [
          "X0",
          "X14",
          "X7"
        ]
      },
      {
        "successors": [],
        "tables": [
          "t5"
        ],
        "attributes": [
          "X5"
        ]
      },
      {
        "successors": [],
        "tables": [
          "t6"
        ],
        "attributes": []
      },
      {
        "successors": [
          {
            "successors": [
              {
                "successors": [],
                "tables": [
                  "t10"
                ],
                "attributes": [
                  "X16"
                ]
              }
            ],
            "tables": [
              "t8",
              "t9"
            ],
            "attributes": [
              "X21",
              "X16"
            ]
          },
          {
            "successors": [],
            "tables": [
              "t7"
            ],
            "attributes": [
              "X21",
              "X0"
            ]
          }
        ],
        "tables": [
          "t8",
          "t11"
        ],
        "attributes": [
          "X21",
          "X0",
          "X3",
          "X16"
        ]
      },
      {
        "successors": [],
        "tables": [
          "t4"
        ],
        "attributes": [
          "X0",
          "X1"
        ]
      }
    ],
    "tables": [
      "t11",
      "t1"
    ],
    "attributes": [
      "X0",
      "X1",
      "X14",
      "X3"
    ]
  },
  "query": "SELECT t1.a,t5.b,t10.b\nFROM t1, t2, t3, t4, t5, t6, t7, t8, t9, t10, t11\nWHERE t1.a \u003d t2.a\nAND t2.b \u003d t3.a\nAND t3.b \u003d t4.a\nAND t4.b \u003d t1.b\nAND t4.a \u003d t7.a\nAND t7.b \u003d t8.a\nAND t8.a \u003d t9.b\nAND t9.a \u003d t10.b\nAND t10.b \u003d t8.b\nAND t11.a \u003d t4.a;"
}