{
  "conf": {
    "db": "tpc-h",
    "query": "10-modified.sql",
    "suffix": "balancedgo-01-01",
    "run": 1,
    "decompositionOptions": {
      "algorithm": "BALANCEDGO"
    },
    "queryTimeout": 100,
    "dbSize": 1,
    "parallel": true,
    "skipRows": true,
    "threadCount": 8,
    "booleanQuery": false,
    "useStatistics": true
  },
  "unoptimizedRuntime": 1136,
  "optimizedTotalRuntime": 2703,
  "optimizedQueryRuntime": 2599,
  "optimizedQueryTimeout": false,
  "unoptimizedQueryTimeout": false,
  "optimizedResultCorrect": true,
  "unoptimizedColumns": 7,
  "optimizedColumns": 7,
  "unoptimizedRows": 900368,
  "optimizedRows": 900368,
  "hypergraph": {
    "weights": [
      {
        "bag": [
          {
            "name": "orders",
            "nodes": [
              "X8",
              "X21",
              "X2",
              "X13",
              "X3",
              "X4",
              "X5",
              "X6",
              "X7"
            ]
          }
        ],
        "weight": 1.5134795202110585
      },
      {
        "bag": [
          {
            "name": "lineitem",
            "nodes": [
              "X30",
              "X21",
              "X32",
              "X31",
              "X23",
              "X34",
              "X22",
              "X33",
              "X25",
              "X36",
              "X24",
              "X35",
              "X27",
              "X26",
              "X29",
              "X28"
            ]
          }
        ],
        "weight": 1.1618465846295567E-8
      },
      {
        "bag": [
          {
            "name": "customer",
            "nodes": [
              "X19",
              "X20",
              "X14",
              "X13",
              "X16",
              "X15",
              "X18",
              "X17"
            ]
          }
        ],
        "weight": 203.9999999881256
      },
      {
        "bag": [
          {
            "name": "nation",
            "nodes": [
              "X10",
              "X12",
              "X11",
              "X16"
            ]
          }
        ],
        "weight": 25.00000037252903
      }
    ],
    "statistics": {
      "lineitem": {
        "rowCount": 900368,
        "mostCommonFrequencies": {
          "l_returnflag": {
            "A": 0.24906666576862335,
            "R": 0.249099999666214,
            "N": 0.5018333196640015
          },
          "l_receiptdate": {
            "1997-03-08": 7.999999797903001E-4,
            "1996-01-13": 7.33333348762244E-4,
            "1996-04-27": 7.666666642762721E-4,
            "1997-05-19": 7.33333348762244E-4,
            "1994-04-22": 8.333333535119891E-4,
            "1994-06-10": 8.333333535119891E-4,
            "1994-12-09": 7.33333348762244E-4,
            "1997-10-02": 7.999999797903001E-4,
            "1993-07-05": 7.33333348762244E-4,
            "1996-11-01": 7.33333348762244E-4,
            "1996-12-25": 7.33333348762244E-4,
            "1992-08-10": 7.666666642762721E-4,
            "1995-01-05": 7.33333348762244E-4,
            "1996-05-21": 7.33333348762244E-4,
            "1993-11-14": 7.33333348762244E-4,
            "1998-06-19": 7.33333348762244E-4,
            "1995-09-10": 7.33333348762244E-4,
            "1994-04-17": 7.666666642762721E-4,
            "1992-12-27": 7.33333348762244E-4
          },
          "l_tax": {
            "0.08": 0.109333336353302,
            "0.06": 0.11366666853427887,
            "0.07": 0.109866663813591,
            "0.04": 0.11116666346788406,
            "0.05": 0.11043333262205124,
            "0.02": 0.11263333261013031,
            "0.03": 0.11393333226442337,
            "0.00": 0.1114666685461998,
            "0.01": 0.10750000178813934
          },
          "l_shipmode": {
            "RAIL      ": 0.14043332636356354,
            "FOB       ": 0.14480000734329224,
            "MAIL      ": 0.14213334023952484,
            "TRUCK     ": 0.14036667346954346,
            "SHIP      ": 0.14483332633972168,
            "AIR       ": 0.14300000667572021,
            "REG AIR   ": 0.14443333446979523
          },
          "l_suppkey": {
            "1312": 0.0010666666785255075,
            "533": 0.0010666666785255075,
            "1431": 0.0011333333095535636,
            "1001": 0.0010666666785255075,
            "1397": 0.0010666666785255075,
            "966": 0.0010999999940395355,
            "1384": 0.0010666666785255075,
            "509": 0.0010666666785255075
          },
          "l_shipdate": {
            "1996-02-24": 7.33333348762244E-4,
            "1996-04-28": 7.33333348762244E-4,
            "1994-08-15": 7.33333348762244E-4,
            "1996-01-30": 7.999999797903001E-4,
            "1994-10-10": 7.666666642762721E-4,
            "1994-09-24": 7.666666642762721E-4,
            "1997-03-30": 7.999999797903001E-4,
            "1995-11-14": 7.666666642762721E-4,
            "1997-05-12": 8.666666690260172E-4,
            "1992-05-06": 7.666666642762721E-4,
            "1998-04-10": 7.666666642762721E-4,
            "1993-03-15": 7.666666642762721E-4,
            "1993-02-01": 7.33333348762244E-4,
            "1992-07-31": 8.333333535119891E-4,
            "1998-06-03": 7.666666642762721E-4,
            "1998-07-04": 7.33333348762244E-4,
            "1996-09-03": 7.33333348762244E-4,
            "1994-02-12": 7.666666642762721E-4,
            "1994-03-03": 7.33333348762244E-4,
            "1994-06-18": 7.33333348762244E-4,
            "1998-01-08": 7.33333348762244E-4
          },
          "l_commitdate": {
            "1996-01-14": 7.666666642762721E-4,
            "1995-08-08": 7.33333348762244E-4,
            "1994-10-10": 7.33333348762244E-4,
            "1993-12-18": 7.33333348762244E-4,
            "1993-03-11": 7.666666642762721E-4,
            "1994-10-28": 7.666666642762721E-4,
            "1998-06-23": 7.999999797903001E-4,
            "1992-04-01": 8.999999845400453E-4,
            "1998-06-10": 7.33333348762244E-4,
            "1993-09-07": 7.33333348762244E-4,
            "1993-11-28": 7.33333348762244E-4,
            "1996-07-12": 7.666666642762721E-4,
            "1992-12-05": 7.999999797903001E-4,
            "1995-04-25": 7.33333348762244E-4,
            "1998-01-17": 7.33333348762244E-4,
            "1994-07-09": 7.33333348762244E-4
          },
          "l_partkey": {
            "12461": 2.3333333956543356E-4,
            "6899": 2.6666666963137686E-4
          },
          "l_orderkey": {},
          "l_quantity": {
            "17.00": 0.020500000566244125,
            "42.00": 0.019366666674613953,
            "13.00": 0.019966667518019676,
            "32.00": 0.02033333294093609,
            "36.00": 0.019733333960175514,
            "3.00": 0.018066667020320892,
            "7.00": 0.01783333346247673,
            "27.00": 0.017500000074505806,
            "23.00": 0.022199999541044235,
            "46.00": 0.020400000736117363,
            "6.00": 0.020366666838526726,
            "16.00": 0.020933333784341812,
            "37.00": 0.01640000008046627,
            "12.00": 0.021133333444595337,
            "33.00": 0.0200333334505558,
            "2.00": 0.019433332607150078,
            "50.00": 0.01979999989271164,
            "26.00": 0.019200000911951065,
            "22.00": 0.019300000742077827,
            "43.00": 0.019833333790302277,
            "47.00": 0.020233333110809326,
            "5.00": 0.02133333310484886,
            "40.00": 0.0201666671782732,
            "15.00": 0.01993333362042904,
            "38.00": 0.019200000911951065,
            "11.00": 0.019966667518019676,
            "34.00": 0.02186666615307331,
            "19.00": 0.0209666658192873,
            "1.00": 0.01899999938905239,
            "9.00": 0.019633334130048752,
            "25.00": 0.019066667184233665,
            "30.00": 0.020099999383091927,
            "21.00": 0.019033333286643028,
            "44.00": 0.02070000022649765,
            "29.00": 0.02106666751205921,
            "48.00": 0.020466666668653488,
            "14.00": 0.019500000402331352,
            "39.00": 0.01940000057220459,
            "4.00": 0.020266667008399963,
            "41.00": 0.020099999383091927,
            "10.00": 0.02146666683256626,
            "20.00": 0.019766665995121002,
            "35.00": 0.021566666662693024,
            "18.00": 0.019033333286643028,
            "8.00": 0.0215000007301569,
            "28.00": 0.02083333395421505,
            "24.00": 0.019899999722838402,
            "31.00": 0.021166667342185974,
            "45.00": 0.019600000232458115,
            "49.00": 0.02083333395421505
          },
          "l_linestatus": {
            "F": 0.5038333535194397,
            "O": 0.4961666762828827
          },
          "l_comment": {
            "furiously ": 1.6666666488163173E-4,
            "carefully ": 1.9999999494757503E-4,
            " furiously": 1.9999999494757503E-4,
            " furiously ": 1.6666666488163173E-4,
            "l deposits": 1.6666666488163173E-4,
            "the furious": 1.6666666488163173E-4
          },
          "l_extendedprice": {},
          "l_linenumber": {
            "1": 0.2485000044107437,
            "2": 0.21676667034626007,
            "3": 0.17813333868980408,
            "4": 0.14266666769981384,
            "5": 0.10623333603143692,
            "6": 0.0716666653752327,
            "7": 0.03603333234786987
          },
          "l_discount": {
            "0.08": 0.09210000187158585,
            "0.09": 0.09163333475589752,
            "0.06": 0.09006666392087936,
            "0.07": 0.08866667002439499,
            "0.04": 0.09343333542346954,
            "0.05": 0.08886666595935822,
            "0.02": 0.09040000289678574,
            "0.03": 0.09173333644866943,
            "0.00": 0.08900000154972076,
            "0.01": 0.09193333238363266,
            "0.10": 0.09216666966676712
          },
          "l_shipinstruct": {
            "DELIVER IN PERSON        ": 0.249099999666214,
            "COLLECT COD              ": 0.24663333594799042,
            "NONE                     ": 0.2493666708469391,
            "TAKE BACK RETURN         ": 0.2549000084400177
          }
        }
      },
      "nation": {
        "rowCount": 25,
        "mostCommonFrequencies": {
          "n_comment": {},
          "n_nationkey": {},
          "n_regionkey": {
            "0": 0.20000000298023224,
            "1": 0.20000000298023224,
            "2": 0.20000000298023224,
            "3": 0.20000000298023224,
            "4": 0.20000000298023224
          },
          "n_name": {}
        }
      },
      "orders": {
        "rowCount": 225000,
        "mostCommonFrequencies": {
          "o_orderstatus": {
            "P": 0.024966666474938393,
            "F": 0.4884999990463257,
            "O": 0.48653334379196167
          },
          "o_clerk": {
            "Clerk#000000534": 0.00143333338201046,
            "Clerk#000000864": 0.00143333338201046,
            "Clerk#000000436": 0.001500000013038516,
            "Clerk#000000602": 0.0015666666440665722,
            "Clerk#000000107": 0.001466666697524488,
            "Clerk#000000207": 0.001500000013038516,
            "Clerk#000000838": 0.00143333338201046,
            "Clerk#000000394": 0.0015333333285525441,
            "Clerk#000000132": 0.0015666666440665722,
            "Clerk#000000176": 0.00143333338201046,
            "Clerk#000000155": 0.001500000013038516,
            "Clerk#000000189": 0.00143333338201046,
            "Clerk#000000797": 0.001500000013038516,
            "Clerk#000000742": 0.001466666697524488,
            "Clerk#000000061": 0.001466666697524488,
            "Clerk#000000580": 0.0016666667070239782
          },
          "o_orderdate": {
            "1994-12-26": 8.333333535119891E-4,
            "1997-03-19": 7.999999797903001E-4,
            "1997-04-07": 7.999999797903001E-4,
            "1996-02-03": 7.33333348762244E-4,
            "1994-10-30": 8.333333535119891E-4,
            "1997-02-19": 8.999999845400453E-4,
            "1994-05-12": 7.666666642762721E-4,
            "1992-01-23": 7.666666642762721E-4,
            "1997-04-04": 7.33333348762244E-4,
            "1992-08-08": 8.666666690260172E-4,
            "1993-02-13": 7.33333348762244E-4,
            "1996-12-20": 7.33333348762244E-4,
            "1998-07-11": 7.666666642762721E-4,
            "1993-06-26": 7.33333348762244E-4,
            "1993-10-18": 7.666666642762721E-4,
            "1998-01-21": 7.666666642762721E-4,
            "1992-07-31": 7.666666642762721E-4,
            "1995-04-06": 7.33333348762244E-4,
            "1993-11-01": 7.666666642762721E-4,
            "1994-05-17": 7.33333348762244E-4,
            "1995-06-12": 7.666666642762721E-4
          },
          "o_shippriority": {
            "0": 1.0
          },
          "o_custkey": {
            "21862": 3.000000142492354E-4,
            "21223": 2.6666666963137686E-4,
            "14134": 2.6666666963137686E-4,
            "20692": 2.6666666963137686E-4,
            "9622": 2.6666666963137686E-4,
            "9184": 2.6666666963137686E-4,
            "472": 2.6666666963137686E-4,
            "1138": 2.6666666963137686E-4,
            "1576": 2.6666666963137686E-4,
            "3157": 2.6666666963137686E-4,
            "21262": 3.3333332976326346E-4,
            "16678": 3.3333332976326346E-4,
            "7117": 2.6666666963137686E-4,
            "14179": 2.6666666963137686E-4,
            "10774": 3.000000142492354E-4,
            "19747": 3.000000142492354E-4,
            "19114": 3.000000142492354E-4,
            "9673": 2.6666666963137686E-4,
            "18028": 2.6666666963137686E-4,
            "18343": 3.000000142492354E-4,
            "10063": 2.6666666963137686E-4,
            "20749": 2.6666666963137686E-4,
            "280": 2.6666666963137686E-4,
            "19192": 2.6666666963137686E-4,
            "22081": 2.6666666963137686E-4,
            "16729": 2.6666666963137686E-4,
            "2116": 2.6666666963137686E-4,
            "21790": 3.000000142492354E-4,
            "8932": 3.9999998989515007E-4,
            "11794": 2.6666666963137686E-4,
            "5548": 2.6666666963137686E-4,
            "3607": 3.3333332976326346E-4,
            "8818": 2.6666666963137686E-4,
            "9322": 3.000000142492354E-4,
            "17146": 2.6666666963137686E-4,
            "17263": 3.000000142492354E-4,
            "16498": 2.6666666963137686E-4,
            "19681": 2.6666666963137686E-4,
            "133": 3.3333332976326346E-4,
            "2206": 2.6666666963137686E-4,
            "2569": 2.6666666963137686E-4,
            "11606": 2.6666666963137686E-4,
            "12850": 2.6666666963137686E-4,
            "17029": 2.6666666963137686E-4,
            "15295": 2.6666666963137686E-4,
            "79": 2.6666666963137686E-4,
            "17152": 2.6666666963137686E-4,
            "14365": 2.6666666963137686E-4,
            "14242": 2.6666666963137686E-4,
            "2782": 3.000000142492354E-4,
            "20923": 2.6666666963137686E-4,
            "10249": 3.66666674381122E-4,
            "10768": 3.3333332976326346E-4,
            "12829": 2.6666666963137686E-4,
            "1288": 2.6666666963137686E-4,
            "17638": 2.6666666963137686E-4,
            "15577": 3.000000142492354E-4,
            "13750": 2.6666666963137686E-4,
            "628": 3.000000142492354E-4,
            "13039": 3.000000142492354E-4,
            "16669": 3.000000142492354E-4
          },
          "o_totalprice": {},
          "o_orderkey": {},
          "o_comment": {},
          "o_orderpriority": {
            "4-NOT SPECIFIED": 0.19946666061878204,
            "3-MEDIUM       ": 0.2007666677236557,
            "2-HIGH         ": 0.19973333179950714,
            "5-LOW          ": 0.19726666808128357,
            "1-URGENT       ": 0.20276667177677155
          }
        }
      },
      "customer": {
        "rowCount": 22500,
        "mostCommonFrequencies": {
          "c_custkey": {},
          "c_phone": {},
          "c_acctbal": {
            "-895.88": 8.888888987712562E-5,
            "-549.47": 8.888888987712562E-5,
            "389.48": 8.888888987712562E-5,
            "1375.03": 8.888888987712562E-5,
            "1830.15": 8.888888987712562E-5,
            "3024.57": 8.888888987712562E-5,
            "925.11": 8.888888987712562E-5,
            "1764.13": 8.888888987712562E-5,
            "1999.94": 8.888888987712562E-5,
            "3273.08": 8.888888987712562E-5,
            "3232.98": 8.888888987712562E-5,
            "1240.90": 1.3333333481568843E-4,
            "1524.63": 8.888888987712562E-5,
            "-743.83": 8.888888987712562E-5,
            "1237.93": 8.888888987712562E-5,
            "1836.91": 8.888888987712562E-5,
            "2502.09": 1.3333333481568843E-4,
            "505.59": 8.888888987712562E-5,
            "1062.43": 8.888888987712562E-5,
            "1938.05": 8.888888987712562E-5,
            "320.47": 8.888888987712562E-5,
            "1803.31": 8.888888987712562E-5,
            "3418.63": 8.888888987712562E-5,
            "891.15": 8.888888987712562E-5,
            "181.01": 8.888888987712562E-5,
            "-17.06": 8.888888987712562E-5,
            "3464.47": 8.888888987712562E-5,
            "1425.41": 8.888888987712562E-5,
            "-332.82": 8.888888987712562E-5,
            "2506.62": 8.888888987712562E-5,
            "1422.57": 8.888888987712562E-5,
            "2393.52": 8.888888987712562E-5,
            "572.04": 8.888888987712562E-5,
            "1876.04": 8.888888987712562E-5,
            "3208.80": 8.888888987712562E-5,
            "1376.67": 8.888888987712562E-5,
            "3055.76": 8.888888987712562E-5,
            "-22.67": 8.888888987712562E-5,
            "2152.05": 8.888888987712562E-5,
            "1371.05": 8.888888987712562E-5,
            "1753.49": 8.888888987712562E-5,
            "2942.19": 8.888888987712562E-5,
            "2959.12": 8.888888987712562E-5,
            "107.18": 8.888888987712562E-5,
            "-406.71": 8.888888987712562E-5,
            "0.97": 8.888888987712562E-5,
            "2558.94": 1.3333333481568843E-4,
            "-702.43": 8.888888987712562E-5,
            "3557.92": 8.888888987712562E-5,
            "1486.62": 8.888888987712562E-5,
            "2841.36": 8.888888987712562E-5,
            "-753.71": 8.888888987712562E-5,
            "2394.52": 8.888888987712562E-5,
            "-411.15": 8.888888987712562E-5,
            "418.53": 8.888888987712562E-5,
            "3102.77": 8.888888987712562E-5,
            "1787.52": 8.888888987712562E-5,
            "1157.44": 8.888888987712562E-5,
            "2045.36": 1.3333333481568843E-4,
            "511.93": 8.888888987712562E-5,
            "2206.06": 8.888888987712562E-5,
            "983.58": 8.888888987712562E-5,
            "3431.04": 8.888888987712562E-5,
            "-208.93": 8.888888987712562E-5,
            "3047.89": 8.888888987712562E-5,
            "1156.64": 8.888888987712562E-5,
            "3514.90": 8.888888987712562E-5,
            "-808.56": 8.888888987712562E-5,
            "3425.87": 8.888888987712562E-5,
            "-566.86": 8.888888987712562E-5,
            "122.71": 8.888888987712562E-5,
            "323.56": 8.888888987712562E-5,
            "2370.26": 8.888888987712562E-5,
            "-635.21": 8.888888987712562E-5,
            "-573.16": 8.888888987712562E-5,
            "1318.74": 8.888888987712562E-5,
            "1572.92": 8.888888987712562E-5,
            "448.49": 8.888888987712562E-5,
            "590.26": 8.888888987712562E-5,
            "3548.03": 8.888888987712562E-5,
            "727.09": 8.888888987712562E-5,
            "1699.94": 8.888888987712562E-5,
            "2412.67": 8.888888987712562E-5,
            "1122.02": 8.888888987712562E-5,
            "2476.50": 8.888888987712562E-5,
            "619.97": 8.888888987712562E-5,
            "262.04": 8.888888987712562E-5,
            "2962.98": 8.888888987712562E-5,
            "2031.93": 8.888888987712562E-5,
            "3565.11": 8.888888987712562E-5,
            "1277.97": 8.888888987712562E-5,
            "1921.72": 8.888888987712562E-5,
            "1843.30": 8.888888987712562E-5,
            "53.56": 8.888888987712562E-5,
            "1711.91": 8.888888987712562E-5,
            "2176.62": 8.888888987712562E-5,
            "1696.95": 8.888888987712562E-5,
            "3297.68": 8.888888987712562E-5,
            "3510.73": 8.888888987712562E-5,
            "-364.16": 8.888888987712562E-5
          },
          "c_mktsegment": {
            "FURNITURE ": 0.19528888165950775,
            "MACHINERY ": 0.20044444501399994,
            "HOUSEHOLD ": 0.20115555822849274,
            "AUTOMOBILE": 0.1984444409608841,
            "BUILDING  ": 0.20466665923595428
          },
          "c_address": {},
          "c_nationkey": {
            "22": 0.03808888792991638,
            "23": 0.04022222384810448,
            "24": 0.04106666520237923,
            "10": 0.04022222384810448,
            "11": 0.04266666620969772,
            "12": 0.04013333469629288,
            "13": 0.03951111063361168,
            "14": 0.04026666656136513,
            "15": 0.04035555571317673,
            "16": 0.041155554354190826,
            "17": 0.03911111131310463,
            "18": 0.04106666520237923,
            "19": 0.04035555571317673,
            "0": 0.03973333165049553,
            "1": 0.03995555639266968,
            "2": 0.03937777876853943,
            "3": 0.04013333469629288,
            "4": 0.041333332657814026,
            "5": 0.040711112320423126,
            "6": 0.03835555538535118,
            "7": 0.03955555707216263,
            "8": 0.03822222352027893,
            "9": 0.040800001472234726,
            "20": 0.037244442850351334,
            "21": 0.04035555571317673
          },
          "c_name": {},
          "c_comment": {}
        }
      }
    },
    "orderedEdges": [
      {
        "name": "customer",
        "nodes": [
          "X19",
          "X20",
          "X14",
          "X13",
          "X16",
          "X15",
          "X18",
          "X17"
        ]
      },
      {
        "name": "orders",
        "nodes": [
          "X8",
          "X21",
          "X2",
          "X13",
          "X3",
          "X4",
          "X5",
          "X6",
          "X7"
        ]
      },
      {
        "name": "lineitem",
        "nodes": [
          "X30",
          "X21",
          "X32",
          "X31",
          "X23",
          "X34",
          "X22",
          "X33",
          "X25",
          "X36",
          "X24",
          "X35",
          "X27",
          "X26",
          "X29",
          "X28"
        ]
      },
      {
        "name": "nation",
        "nodes": [
          "X10",
          "X12",
          "X11",
          "X16"
        ]
      }
    ],
    "edges": [
      {
        "name": "customer",
        "nodes": [
          "X19",
          "X20",
          "X14",
          "X13",
          "X16",
          "X15",
          "X18",
          "X17"
        ]
      },
      {
        "name": "orders",
        "nodes": [
          "X8",
          "X21",
          "X2",
          "X13",
          "X3",
          "X4",
          "X5",
          "X6",
          "X7"
        ]
      },
      {
        "name": "lineitem",
        "nodes": [
          "X30",
          "X21",
          "X32",
          "X31",
          "X23",
          "X34",
          "X22",
          "X33",
          "X25",
          "X36",
          "X24",
          "X35",
          "X27",
          "X26",
          "X29",
          "X28"
        ]
      },
      {
        "name": "nation",
        "nodes": [
          "X10",
          "X12",
          "X11",
          "X16"
        ]
      }
    ],
    "nodes": [
      "X19",
      "X21",
      "X20",
      "X23",
      "X22",
      "X2",
      "X25",
      "X3",
      "X24",
      "X4",
      "X27",
      "X5",
      "X26",
      "X6",
      "X29",
      "X7",
      "X28",
      "X8",
      "X30",
      "X32",
      "X10",
      "X31",
      "X34",
      "X12",
      "X33",
      "X11",
      "X36",
      "X14",
      "X13",
      "X35",
      "X16",
      "X15",
      "X18",
      "X17"
    ],
    "edgesByName": {
      "lineitem": {
        "name": "lineitem",
        "nodes": [
          "X30",
          "X21",
          "X32",
          "X31",
          "X23",
          "X34",
          "X22",
          "X33",
          "X25",
          "X36",
          "X24",
          "X35",
          "X27",
          "X26",
          "X29",
          "X28"
        ]
      },
      "nation": {
        "name": "nation",
        "nodes": [
          "X10",
          "X12",
          "X11",
          "X16"
        ]
      },
      "orders": {
        "name": "orders",
        "nodes": [
          "X8",
          "X21",
          "X2",
          "X13",
          "X3",
          "X4",
          "X5",
          "X6",
          "X7"
        ]
      },
      "customer": {
        "name": "customer",
        "nodes": [
          "X19",
          "X20",
          "X14",
          "X13",
          "X16",
          "X15",
          "X18",
          "X17"
        ]
      }
    },
    "columnToVariableMapping": {
      "customer.c_phone": "X17",
      "lineitem.l_shipinstruct": "X34",
      "nation.n_regionkey": "X11",
      "lineitem.l_tax": "X28",
      "customer.c_mktsegment": "X19",
      "orders.o_orderstatus": "X2",
      "nation.n_name": "X10",
      "nation.n_comment": "X12",
      "lineitem.l_receiptdate": "X33",
      "lineitem.l_orderkey": "X21",
      "orders.o_orderkey": "X21",
      "lineitem.l_extendedprice": "X26",
      "customer.c_custkey": "X13",
      "nation.n_nationkey": "X16",
      "lineitem.l_suppkey": "X23",
      "orders.o_totalprice": "X3",
      "orders.o_custkey": "X13",
      "lineitem.l_commitdate": "X32",
      "orders.o_clerk": "X6",
      "lineitem.l_returnflag": "X29",
      "lineitem.l_linestatus": "X30",
      "customer.c_acctbal": "X18",
      "lineitem.l_shipmode": "X35",
      "lineitem.l_shipdate": "X31",
      "orders.o_shippriority": "X7",
      "orders.o_orderpriority": "X5",
      "lineitem.l_comment": "X36",
      "customer.c_nationkey": "X16",
      "lineitem.l_discount": "X27",
      "lineitem.l_quantity": "X25",
      "lineitem.l_partkey": "X22",
      "orders.o_comment": "X8",
      "customer.c_comment": "X20",
      "orders.o_orderdate": "X4",
      "customer.c_name": "X14",
      "customer.c_address": "X15",
      "lineitem.l_linenumber": "X24"
    },
    "inverseEquivalenceMapping": {
      "X19": {
        "customer": [
          "c_mktsegment"
        ]
      },
      "X21": {
        "lineitem": [
          "l_orderkey"
        ],
        "orders": [
          "o_orderkey"
        ]
      },
      "X20": {
        "customer": [
          "c_comment"
        ]
      },
      "X23": {
        "lineitem": [
          "l_suppkey"
        ]
      },
      "X22": {
        "lineitem": [
          "l_partkey"
        ]
      },
      "X2": {
        "orders": [
          "o_orderstatus"
        ]
      },
      "X25": {
        "lineitem": [
          "l_quantity"
        ]
      },
      "X3": {
        "orders": [
          "o_totalprice"
        ]
      },
      "X24": {
        "lineitem": [
          "l_linenumber"
        ]
      },
      "X27": {
        "lineitem": [
          "l_discount"
        ]
      },
      "X4": {
        "orders": [
          "o_orderdate"
        ]
      },
      "X26": {
        "lineitem": [
          "l_extendedprice"
        ]
      },
      "X5": {
        "orders": [
          "o_orderpriority"
        ]
      },
      "X6": {
        "orders": [
          "o_clerk"
        ]
      },
      "X29": {
        "lineitem": [
          "l_returnflag"
        ]
      },
      "X28": {
        "lineitem": [
          "l_tax"
        ]
      },
      "X7": {
        "orders": [
          "o_shippriority"
        ]
      },
      "X8": {
        "orders": [
          "o_comment"
        ]
      },
      "X30": {
        "lineitem": [
          "l_linestatus"
        ]
      },
      "X10": {
        "nation": [
          "n_name"
        ]
      },
      "X32": {
        "lineitem": [
          "l_commitdate"
        ]
      },
      "X31": {
        "lineitem": [
          "l_shipdate"
        ]
      },
      "X34": {
        "lineitem": [
          "l_shipinstruct"
        ]
      },
      "X12": {
        "nation": [
          "n_comment"
        ]
      },
      "X11": {
        "nation": [
          "n_regionkey"
        ]
      },
      "X33": {
        "lineitem": [
          "l_receiptdate"
        ]
      },
      "X36": {
        "lineitem": [
          "l_comment"
        ]
      },
      "X14": {
        "customer": [
          "c_name"
        ]
      },
      "X13": {
        "orders": [
          "o_custkey"
        ],
        "customer": [
          "c_custkey"
        ]
      },
      "X35": {
        "lineitem": [
          "l_shipmode"
        ]
      },
      "X16": {
        "nation": [
          "n_nationkey"
        ],
        "customer": [
          "c_nationkey"
        ]
      },
      "X15": {
        "customer": [
          "c_address"
        ]
      },
      "X18": {
        "customer": [
          "c_acctbal"
        ]
      },
      "X17": {
        "customer": [
          "c_phone"
        ]
      }
    },
    "variableToColumnMapping": {
      "X19": [
        "customer.c_mktsegment"
      ],
      "X21": [
        "lineitem.l_orderkey",
        "orders.o_orderkey"
      ],
      "X20": [
        "customer.c_comment"
      ],
      "X23": [
        "lineitem.l_suppkey"
      ],
      "X22": [
        "lineitem.l_partkey"
      ],
      "X2": [
        "orders.o_orderstatus"
      ],
      "X25": [
        "lineitem.l_quantity"
      ],
      "X3": [
        "orders.o_totalprice"
      ],
      "X24": [
        "lineitem.l_linenumber"
      ],
      "X27": [
        "lineitem.l_discount"
      ],
      "X4": [
        "orders.o_orderdate"
      ],
      "X26": [
        "lineitem.l_extendedprice"
      ],
      "X5": [
        "orders.o_orderpriority"
      ],
      "X6": [
        "orders.o_clerk"
      ],
      "X29": [
        "lineitem.l_returnflag"
      ],
      "X28": [
        "lineitem.l_tax"
      ],
      "X7": [
        "orders.o_shippriority"
      ],
      "X8": [
        "orders.o_comment"
      ],
      "X30": [
        "lineitem.l_linestatus"
      ],
      "X10": [
        "nation.n_name"
      ],
      "X32": [
        "lineitem.l_commitdate"
      ],
      "X31": [
        "lineitem.l_shipdate"
      ],
      "X34": [
        "lineitem.l_shipinstruct"
      ],
      "X12": [
        "nation.n_comment"
      ],
      "X11": [
        "nation.n_regionkey"
      ],
      "X33": [
        "lineitem.l_receiptdate"
      ],
      "X36": [
        "lineitem.l_comment"
      ],
      "X14": [
        "customer.c_name"
      ],
      "X13": [
        "customer.c_custkey",
        "orders.o_custkey"
      ],
      "X35": [
        "lineitem.l_shipmode"
      ],
      "X16": [
        "nation.n_nationkey",
        "customer.c_nationkey"
      ],
      "X15": [
        "customer.c_address"
      ],
      "X18": [
        "customer.c_acctbal"
      ],
      "X17": [
        "customer.c_phone"
      ]
    },
    "decompositionTree": {}
  },
  "joinTree": {
    "successors": [
      {
        "successors": [],
        "tables": [
          "lineitem"
        ],
        "attributes": [
          "X21"
        ]
      },
      {
        "successors": [
          {
            "successors": [],
            "tables": [
              "nation"
            ],
            "attributes": [
              "X10",
              "X16"
            ]
          }
        ],
        "tables": [
          "customer"
        ],
        "attributes": [
          "X20",
          "X14",
          "X13",
          "X16",
          "X15",
          "X18",
          "X17"
        ]
      }
    ],
    "tables": [
      "orders"
    ],
    "attributes": [
      "X21",
      "X13"
    ]
  },
  "query": "select\n\tcustomer.c_custkey,\n\tcustomer.c_name,\n\tcustomer.c_acctbal,\n\tnation.n_name,\n\tcustomer.c_address,\n\tcustomer.c_phone,\n\tcustomer.c_comment\nfrom\n\tcustomer,\n\torders,\n\tlineitem,\n\tnation\nwhere c_custkey \u003d o_custkey\n\tand l_orderkey \u003d o_orderkey\n\tand c_nationkey \u003d n_nationkey;"
}