xbad,ybad
92,29
130,125
30,34
58,76
85,80
87,80
85,89
19,144
108,65
90,13
30,44
31,1
143,126
66,0
0,10
16,11
22,63
69,67
110,19
70,51
145,55
144,108
10,114
106,26
55,100
124,112
128,3
98,28
138,81
72,149
91,78
82,34
119,111
92,64
45,36
1,40
108,95
107,113
96,108
66,18
4,19
137,93
64,38
22,27
145,89
118,118
107,68
136,60
143,19
144,92
10,113
115,43
134,106
6,41
148,113
27,99
14,114
144,60
14,53
148,80
54,94
42,142
114,149
7,50
9,1
133,110
44,3
59,56
51,68
50,136
100,53
17,118
59,66
71,0
96,8
63,71
92,111
27,77
148,101
145,112
88,68
12,11
10,56
77,58
11,60
115,97
6,91
142,97
87,69
13,69
52,81
102,115
88,86
17,123
68,107
70,134
44,30
52,22
53,49
90,77
8,47
140,114
37,9
33,92
138,130
142,90
3,19
55,74
50,115
132,3
9,105
106,124
131,78
24,69
40,72
142,8
112,35
149,131
125,0
48,149
47,96
48,135
132,30
113,141
3,82
28,80
49,142
107,100
103,97
62,89
116,79
114,41
69,148
57,50
76,102
25,6
37,102
48,95
109,8
125,121
94,2
126,122
82,55
32,84
65,13
119,69
131,5
132,100
122,51
102,129
11,120
83,79
64,38
88,106
115,144
98,88
14,92
83,136
126,83
16,41
20,110
77,62
16,32
125,9
20,79
15,108
12,95
44,46
119,55
77,82
132,69
8,130
34,79
34,96
3,58
57,85
55,36
70,85
121,14
117,14
94,59
108,98
96,96
54,23
70,106
55,48
86,96
129,84
148,141
62,101
62,34
34,51
138,85
94,129
6,76
59,75
117,76
48,133
46,84
15,16
115,64
103,100
104,37
111,29
75,90
134,108
29,82
75,136
106,15
128,73
104,135
128,142
50,71
98,24
34,144
10,54
9,139
148,19
84,22
93,87
63,117
69,142
75,26
38,45
33,43
62,88
43,36
104,45
130,2
23,85
135,98
67,40
52,141
30,56
49,92
96,27
89,139
82,57
70,43
0,105
90,36
141,14
51,39
60,146
121,133
118,8
14,107
109,105
144,106
18,46
36,93
49,35
87,65
21,31
99,134
2,143
39,148
32,59
137,43
13,120
84,77
141,122
37,78
103,27
19,100
21,6
99,66
38,19
4,77
126,25
13,37
42,105
4,90
78,78
42,94
36,139
58,22
65,107
116,144
69,138
21,60
17,77
147,85
68,88
87,129
135,42
74,1
22,50
137,44
123,46
147,103
90,8
57,44
85,145
133,96
37,61
60,75
116,4
16,123
103,72
139,42
12,125
36,22
122,124
124,62
127,73
120,123
76,55
143,131
95,58
47,139
106,143
65,93
16,29
56,100
93,61
39,86
2,101
19,142
131,74
120,22
47,54
127,73
33,113
136,92
104,124
146,2
138,70
53,144
85,86
61,128
113,66
9,35
77,106
92,149
0,34
88,51
74,109
140,5
116,72
119,106
82,37
42,145
104,143
128,105
110,119
142,125
32,32
58,149
10,21
119,129
3,118
15,24
128,33
135,90
52,53
51,89
9,57
90,137
116,138
16,101
10,109
45,93
123,133
130,48
18,102
95,48
55,136
19,87
133,28
119,33
58,67
84,134
107,60
146,93
129,75
119,11
22,117
110,86
88,77
71,77
14,27
71,85
116,47
122,125
115,37
58,52
135,1
121,131
103,31
20,16
76,59
149,70
119,9
38,74
48,30
50,72
39,122
115,37
32,77
132,99
49,29
129,53
10,90
41,30
116,133
23,69
25,135
145,52
133,43
148,129
12,37
107,106
64,142
89,44
46,133
61,28
41,25
64,86
43,38
25,127
56,1
138,109
43,13
1,37
102,121
104,40
89,57
134,143
58,46
94,135
27,74
78,120
102,31
121,83
10,136
92,52
67,72
92,105
142,17
145,138
127,32
102,77
11,99
3,66
122,17
54,1
11,130
24,29
61,30
24,93
20,116
86,11
93,140
3,71
58,101
140,24
15,117
97,122
80,108
125,118
6,121
16,81
109,76
74,145
40,27
34,14
8,52
44,146
21,102
139,33
87,14
92,62
114,143
95,8
100,108
15,82
105,64
64,55
61,74
138,2
1,112
116,107
36,13
15,110
103,41
4,108
143,108
42,86
148,126
117,46
60,50
146,77
65,51
116,96
100,29
67,69
138,52
6,12
65,67
8,100
139,104
34,3
147,131
93,26
103,69
77,38
133,137
93,108
136,144
149,107
131,59
88,11
121,35
26,115
130,134
49,111
11,42
21,126
21,80
8,103
11,90
32,97
107,147
53,56
66,92
32,7
143,107
95,48
100,55
37,108
10,84
15,107
45,121
23,11
149,10
67,51
121,36
49,124
67,99
79,52
94,127
81,33
18,127
67,21
51,13
131,29
69,8
66,61
137,11
63,31
33,84
86,91
73,147
52,116
114,51
35,80
33,133
141,11
107,66
119,144
0,13
48,0
73,104
57,58
14,118
58,35
98,57
135,138
93,71
135,65
141,41
147,67
121,117
65,81
59,106
5,66
75,63
132,45
127,32
52,86
68,149
96,61
82,75
114,11
82,113
112,18
33,120
42,56
35,2
131,58
131,16
95,141
11,82
74,109
88,112
148,81
74,101
132,12
95,63
116,59
145,72
98,142
25,13
22,100
81,0
22,97
139,124
52,118
132,71
76,143
24,2
97,112
35,14
49,111
71,74
61,17
59,144
88,86
74,21
55,64
58,80
7,129
0,11
112,66
51,63
81,97
55,51
79,52
107,22
117,142
4,95
38,97
71,125
102,121
42,59
137,53
105,6
104,103
114,16
92,15
38,137
52,141
71,55
54,43
107,106
113,122
123,118
65,101
50,90
48,97
109,16
93,128
3,51
139,101
96,108
123,101
69,40
74,115
98,27
75,102
82,15
118,90
10,12
80,99
94,45
128,132
128,76
127,72
31,125
15,39
50,123
141,16
7,19
38,51
133,89
86,68
30,31
88,134
132,65
73,128
22,140
146,99
14,109
45,38
9,115
41,67
13,78
55,135
25,15
122,0
67,104
5,30
116,105
107,79
78,49
43,55
64,147
27,115
40,141
20,23
145,119
33,18
36,58
105,94
2,35
36,55
147,136
23,43
130,135
20,7
120,127
138,54
80,39
64,62
106,104
43,47
76,148
96,94
84,74
7,75
69,6
105,42
108,36
68,43
132,125
37,69
72,78
86,139
36,47
52,39
64,69
79,117
87,18
121,117
9,41
145,144
122,85
43,33
85,74
79,112
31,36
20,63
125,99
6,43
83,31
2,24
43,65
30,133
136,120
106,57
126,106
95,87
141,66
145,69
61,88
19,132
103,0
120,93
88,137
139,65
11,5
141,3
96,4
100,91
56,118
107,119
43,21
40,22
99,84
15,82
73,54
25,135
138,87
68,52
16,32
110,97
31,98
109,80
135,25
87,6
30,139
113,23
71,64
123,74
6,83
67,131
101,71
44,112
4,139
147,32
41,45
98,65
30,47
124,117
97,65
18,23
63,16
7,98
106,34
4,92
40,111
80,122
20,73
59,37
35,94
37,37
145,111
53,35
49,14
40,133
92,90
65,117
89,10
69,62
102,56
65,112
106,45
4,35
48,79
115,70
124,83
66,128
73,81
21,71
139,84
139,63
79,118
19,102
19,33
111,127
148,109
135,34
141,111
111,91
35,70
126,114
79,134
71,68
100,43
47,52
75,131
131,66
37,146
123,67
39,132
76,52
49,96
82,120
70,92
87,91
146,144
121,48
129,14
27,13
118,77
26,148
142,145
85,88
102,72
46,86
13,109
30,130
25,104
116,123
77,39
94,64
35,46
131,77
124,9
23,45
111,16
37,102
45,117
7,122
70,107
73,27
7,88
143,31
89,73
63,30
29,147
78,101
16,126
118,75
28,134
110,35
92,51
145,76
85,5
42,132
24,7
78,44
145,67
54,45
97,60
84,46
130,107
46,18
2,1
58,82
113,15
14,81
50,45
10,104
10,118
48,32
75,44
127,129
70,35
77,106
27,126
22,106
138,57
107,57
30,46
131,6
131,80
35,121
42,103
105,111
90,126
100,142
101,13
111,29
42,49
106,97
86,130
24,137
64,145
60,99
110,116
130,28
43,142
80,72
47,114
23,8
53,20
122,117
95,149
141,107
28,93
34,85
71,2
111,80
16,30
35,129
90,120
42,42
142,120
44,27
13,63
95,37
18,90
121,67
7,139
136,44
24,28
52,14
43,9
110,2
106,93
120,73
96,100
42,129
59,105
78,128
15,119
141,80
67,102
11,80
113,100
27,129
101,10
116,72
19,22
74,80
54,120
90,86
98,103
58,107
82,43
44,117
86,61
120,88
135,22
42,76
97,106
60,66
124,125
44,11
58,57
149,6
103,25
35,20
51,119
10,29
32,132
84,30
14,124
54,51
82,94
124,33
125,53
4,74
48,64
87,12
49,82
56,25
31,30
24,118
111,48
136,47
118,1
97,138
122,35
43,106
135,126
69,14
20,42
133,61
15,94
118,118
13,8
52,28
93,143
110,145
16,123
132,107
138,31
11,92
83,3
101,67
104,78
14,24
132,148
23,114
112,7
24,2
116,41
50,7
4,31
11,71
1,55
86,21
30,117
104,27
47,84
77,69
42,56
10,10
42,125
51,4
52,90
22,134
6,109
125,39
52,66
55,5
5,75
86,118
110,15
24,101
149,50
70,19
9,108
139,27
106,56
32,124
45,111
103,84
34,138
147,55
136,59
45,49
5,12
35,58
107,23
81,72
20,100
49,117
10,35
65,9
70,14
86,133
71,1
36,138
2,107
111,44
114,71
9,13
37,118
85,147
122,11
89,135
98,26
93,137
10,77
52,105
77,86
106,99
87,112
37,30
135,18
31,134
79,99
127,54
16,121
67,69
64,70
66,119
23,96
100,63
122,39
70,8
82,134
32,51
127,14
106,31
140,52
50,78
137,76
37,97
126,46
19,40
68,138
11,116
139,1
68,73
110,114
91,52
46,116
84,19
54,22
31,27
130,53
113,34
80,146
71,146
70,6
46,100
130,124
60,149
62,73
149,64
59,128
41,62
35,117
72,116
85,147
56,71
15,49
9,35
4,48
53,19
38,88
93,117
137,113
62,8
117,138
41,110
69,78
89,38
117,4
82,119
102,94
5,133
51,110
72,143
36,71
66,50
68,121
114,132
136,11
7,29
53,145
141,4
96,70
63,63
52,83
22,70
16,107
13,111
16,67
80,66
49,11
112,141
145,135
127,55
65,57
129,104
84,149
113,132
0,3
61,59
35,38
126,82
74,33
17,47
99,50
103,75
58,17
46,33
65,118
43,37
2,40
19,40
143,27
60,113
106,32
122,105
139,51
71,48
17,98
140,149
106,95
77,66
138,86
92,19
20,133
89,49
76,105
125,131
50,91
93,115
137,71
48,131
27,1
86,26
1,27
55,63
73,119
53,31
29,23
74,21
66,130
116,12
57,113
43,5
14,149
29,141
49,59
23,25
102,129
51,16
78,132
8,5
64,13
63,99
86,127
140,138
39,147
149,6
5,26
19,85
13,116
95,14
11,110
105,17
146,97
144,47
92,119
18,48
55,35
24,87
71,78
12,73
20,134
116,110
19,15
17,115
113,104
98,93
120,87
99,12
7,23
148,56
38,111
133,127
45,40
0,139
14,119
24,36
18,149
13,65
87,125
44,86
13,94
18,40
7,38
10,98
105,90
105,55
79,41
84,96
24,111
59,42
7,96
122,24
15,61
18,36
113,99
119,60
125,82
148,14
69,22
12,82
65,116
18,48
52,52
29,148
133,2
19,122
29,17
49,120
78,62
138,147
144,130
140,66
144,102
137,25
77,115
46,137
112,116
83,135
141,66
76,138
129,71
127,49
13,97
87,110
92,35
55,99
143,49
125,107
25,108
96,9
65,104
124,145
103,136
75,108
115,116
51,69
65,8
130,147
56,21
48,95
73,125
32,65
51,93
94,57
20,109
102,82
146,102
129,106
91,4
35,131
11,108
41,30
142,142
48,135
81,106
102,54
97,66
12,54
44,46
27,126
31,92
128,138
73,134
80,122
114,71
124,76
43,2
133,118
97,49
11,124
10,10
116,113
12,91
144,128
112,111
76,117
125,38
34,129
118,46
131,140
149,64
59,19
116,0
18,133
136,66
102,58
33,22
137,101
83,98
124,69
71,137
129,89
37,56
77,68
72,128
139,17
41,39
123,111
11,33
61,37
117,47
145,70
42,86
130,18
92,66
1,82
146,108
130,148
27,87
51,72
119,127
35,137
138,24
41,81
26,35
148,88
41,102
67,30
69,113
102,93
125,56
121,5
124,55
45,44
72,78
104,52
18,38
26,82
138,130
55,25
118,6
103,34
67,12
16,148
113,28
103,19
42,52
76,122
32,27
44,47
46,78
111,67
113,56
65,78
67,37
121,24
71,74
118,61
127,82
71,11
97,13
14,2
102,143
13,138
39,39
21,117
149,53
103,76
112,60
67,76
5,111
99,31
83,115
16,104
127,24
107,83
46,148
40,5
138,115
22,30
39,81
131,66
132,148
49,61
20,93
44,36
65,12
64,9
142,62
98,47
59,136
5,42
5,106
7,36
59,147
98,79
48,87
93,90
71,86
50,133
29,86
1,125
119,50
110,12
39,108
23,142
114,46
91,9
94,71
108,120
30,17
110,88
144,0
134,115
138,125
49,108
128,92
10,55
120,2
84,97
11,17
122,75
50,87
101,143
124,133
100,18
61,68
148,2
109,19
130,108
94,97
137,11
134,51
18,69
92,124
96,111
2,37
67,91
93,67
63,93
68,121
92,71
11,11
86,36
11,83
142,30
1,79
102,114
43,32
83,106
9,7
40,131
91,19
117,41
51,141
132,145
8,132
68,49
87,121
25,27
37,108
54,57
128,26
107,20
0,26
83,20
133,69
108,20
149,20
44,109
132,93
64,54
126,36
98,81
116,78
6,22
30,83
103,143
125,58
89,149
43,62
78,65
114,64
59,12
48,122
70,120
121,71
100,59
22,18
111,27
18,22
82,44
49,5
48,114
27,130
78,48
89,118
21,96
46,57
74,9
54,27
123,142
7,126
143,99
82,77
98,143
143,38
138,41
87,67
122,122
2,60
18,101
77,22
79,22
141,82
107,37
60,107
105,92
135,130
88,95
137,122
49,85
52,66
93,20
110,62
78,44
4,68
21,33
34,34
118,90
112,130
9,139
46,23
23,88
134,148
46,42
147,64
4,85
112,12
145,131
90,45
121,18
148,48
21,29
68,30
114,107
130,8
134,51
89,128
112,1
26,146
18,13
135,108
131,148
66,56
106,80
122,140
57,82
147,68
41,105
140,105
103,65
18,131
63,149
8,65
117,41
48,146
31,98
100,119
98,15
20,145
66,62
100,12
110,113
93,119
147,48
9,69
87,62
24,57
10,74
136,3
28,53
107,38
8,124
56,94
10,85
39,109
49,99
112,91
127,28
65,94
30,10
121,90
104,141
138,149
87,76
35,109
16,107
9,140
127,14
44,141
92,138
62,0
114,115
51,52
139,65
50,84
29,136
96,27
125,32
45,53
91,47
68,138
43,100
128,25
132,134
26,5
42,144
146,62
9,104
41,92
2,94
90,149
90,27
121,126
135,109
105,35
24,145
25,16
11,0
86,77
48,2
65,128
21,10
70,119
97,43
69,79
137,106
101,86
3,130
88,70
5,55
123,109
66,134
68,141
146,86
105,29
5,27
38,38
21,61
26,28
117,22
108,123
78,114
8,39
53,119
10,147
143,53
105,70
16,145
108,93
14,74
7,90
62,29
140,100
100,17
109,33
92,116
29,57
122,56
85,146
55,72
51,145
19,39
59,19
141,27
121,80
17,78
100,1
77,103
14,1
17,42
137,16
139,75
134,56
28,46
57,121
110,107
137,4
103,109
141,32
67,93
72,132
7,19
4,105
9,94
35,20
94,36
88,137
51,132
137,91
19,37
107,17
138,59
142,60
48,27
5,132
137,33
84,40
87,7
117,48
125,76
12,92
35,133
38,81
65,12
8,61
141,71
53,94
36,74
5,39
130,19
57,3
88,74
86,1
147,28
123,114
97,22
135,136
110,112
22,72
71,64
28,147
7,60
38,104
133,35
118,10
60,107
21,16
45,115
106,134
25,67
93,33
88,38
75,106
7,100
139,128
5,9
121,69
14,86
38,33
35,136
2,36
20,147
109,73
148,103
82,35
75,69
58,100
102,84
98,76
131,124
71,11
117,85
139,1
140,42
23,111
37,140
51,82
24,20
16,15
142,101
124,87
148,54
106,138
116,149
116,10
93,99
109,32
135,121
54,20
68,100
64,83
144,43
67,80
76,34
43,56
64,136
99,143
24,84
87,47
5,53
66,112
149,91
75,76
111,119
121,13
26,43
140,38
18,133
60,10
26,149
85,48
129,55
86,73
12,91
3,149
77,58
65,107
80,13
8,114
69,54
123,38
82,107
142,112
31,81
64,123
148,10
82,116
29,142
57,111
144,106
149,11
37,33
22,102
16,117
36,77
89,78
32,25
135,63
144,40
5,115
26,73
72,69
18,36
43,90
4,101
68,56
138,105
93,136
25,144
15,42
131,20
30,90
106,146
103,83
118,30
115,65
98,34
54,90
23,103
133,30
33,8
115,96
110,89
136,9
26,108
118,87
68,95
77,60
96,100
53,147
66,85
132,26
143,11
106,122
73,24
89,54
90,23
95,75
73,57
41,142
135,54
123,45
66,56
18,61
52,6
114,137
11,110
83,26
108,104
63,39
62,32
57,5
90,25
4,69
100,17
50,12
12,129
50,56
114,128
6,10
91,55
118,80
91,121
125,44
74,117
29,27
28,84
96,117
122,49
67,75
22,73
55,17
79,103
19,90
87,107
59,114
84,97
0,106
92,135
13,90
68,109
97,9
70,35
14,146
52,141
116,83
77,62
24,132
44,76
27,77
78,65
23,6
3,51
131,60
102,68
59,30
10,70
120,63
25,90
69,3
83,1
133,43
107,15
140,55
121,136
95,120
7,48
103,8
85,6
139,140
127,2
27,119
100,120
15,41
38,40
149,136
66,144
139,140
18,117
115,25
68,129
133,66
2,44
117,39
49,146
80,17
111,84
84,33
136,99
18,133
94,29
126,12
42,71
68,64
64,38
72,48
70,116
55,20
108,1
105,4
92,65
83,66
144,47
16,75
148,104
121,142
139,13
46,0
7,140
124,1
146,44
67,66
124,18
51,67
41,38
112,29
65,52
31,127
8,145
24,6
110,6
90,139
87,95
80,29
109,36
89,101
145,146
118,59
2,101
9,76
6,111
83,52
40,113
78,12
72,24
115,13
137,102
73,110
99,66
57,40
87,100
98,112
13,36
74,79
42,94
21,67
18,145
94,84
45,32
114,61
4,35
131,149
58,21
18,23
127,54
32,24
4,126
80,105
4,89
40,77
143,50
92,67
0,17
111,77
137,140
136,62
68,11
29,31
25,104
106,93
133,0
141,74
28,117
31,17
41,120
115,48
128,127
105,90
122,43
25,86
98,33
76,86
34,124
85,10
66,74
33,30
71,111
124,10
134,56
87,131
113,12
92,131
40,124
131,86
34,121
148,115
31,103
16,60
107,46
126,73
53,15
37,65
143,116
19,129
20,134
55,136
2,110
111,143
74,110
106,120
79,116
58,82
33,95
75,113
27,23
43,116
116,54
40,46
124,130
32,109
80,62
140,82
22,138
48,30
67,136
26,45
88,76
56,35
66,73
44,138
17,145
16,101
133,73
133,15
21,126
22,137
15,144
107,147
0,109
2,82
21,103
149,114
64,71
73,83
124,135
72,64
149,48
76,147
50,116
97,108
94,140
35,47
110,36
42,29
70,84
82,67
73,75
106,12
119,55
41,50
119,90
137,131
144,109
115,86
107,5
106,88
145,35
43,75
147,94
148,144
36,85
126,64
82,19
12,93
128,106
19,137
144,142
61,114
29,49
147,21
58,108
84,115
38,69
81,136
95,107
94,85
47,118
54,50
3,139
127,111
146,26
122,105
62,21
94,65
44,13
146,117
67,22
123,111
19,119
54,144
143,0
123,16
60,105
127,117
106,110
0,65
34,22
96,139
109,92
115,97
118,26
133,145
98,4
50,114
109,27
64,130
66,148
56,30
28,96
27,47
62,100
74,105
34,117
62,28
136,130
61,114
105,17
149,38
82,37
107,108
73,47
112,85
83,62
124,46
99,49
12,112
22,97
6,140
85,140
123,107
45,80
129,126
59,28
105,18
92,46
100,137
24,125
108,84
27,27
43,73
26,134
87,2
113,52
100,46
83,61
82,130
64,90
126,40
61,57
11,26
44,144
53,149
56,139
122,47
51,81
111,12
144,148
38,98
118,85
64,15
127,52
88,111
58,144
0,106
71,1
144,23
125,140
53,146
105,117
82,67
100,103
145,126
115,86
35,34
4,94
42,53
97,119
15,27
69,87
121,13
119,57
20,95
143,82
105,16
13,47
139,43
146,145
100,5
88,101
3,130
1,19
29,41
100,50
94,64
95,62
126,85
84,67
0,94
47,22
73,102
121,135
98,100
107,144
115,5
46,109
70,89
76,55
125,4
16,71
36,126
95,90
128,48
113,38
138,2
17,4
59,52
3,3
7,126
46,100
34,48
119,50
51,20
141,47
8,89
129,31
142,32
90,17
123,45
1,130
37,117
42,141
68,86
36,75
139,43
51,102
104,104
123,94
14,63
106,145
110,116
50,36
77,8
13,17
77,58
18,29
38,142
101,52
137,63
7,69
106,53
1,21
4,85
92,96
35,14
143,84
27,54
80,0
99,134
127,32
0,40
38,3
60,140
76,34
78,100
5,64
109,14
111,121
13,99
78,14
123,145
81,4
124,52
144,61
34,98
3,124
77,8
59,27
91,73
35,22
25,13
126,77
86,35
12,144
138,17
87,23
58,10
20,9
5,94
91,146
71,106
78,128
128,138
16,83
48,42
2,47
128,5
50,85
121,88
126,100
63,44
41,37
137,93
80,118
67,23
133,50
8,115
37,97
5,8
59,18
110,93
109,69
38,0
110,148
111,142
109,27
136,19
66,135
35,109
50,103
14,33
117,117
144,24
44,135
101,143
91,74
81,95
60,118
92,5
126,123
112,6
101,29
87,45
20,125
6,148
110,144
84,149
45,16
61,2
35,49
74,110
21,53
108,42
141,141
115,17
145,136
57,16
26,121
100,136
127,123
35,13
97,81
70,108
17,93
84,87
41,73
113,124
29,123
89,5
125,40
35,45
18,97
103,133
1,5
31,108
129,102
111,13
83,56
116,60
60,1
5,5
90,121
92,34
24,84
55,59
128,34
134,68
8,19
67,127
67,103
61,147
128,49
123,106
66,0
145,32
34,105
133,50
18,82
136,97
131,59
56,1
41,26
88,125
127,141
52,100
42,89
128,1
28,19
20,11
147,137
79,116
148,8
9,6
130,13
22,127
130,55
121,88
47,41
28,88
13,109
111,58
86,110
37,149
20,66
109,77
47,10
2,134
79,69
144,42
27,136
109,69
73,127
51,37
132,103
45,46
52,75
148,136
121,107
101,20
51,83
63,132
42,45
113,55
88,36
96,55
130,134
66,43
51,108
118,61
130,86
64,57
64,58
134,0
85,112
17,6
62,76
9,14
114,52
96,20
66,76
17,20
111,65
65,98
50,103
65,104
86,141
40,138
101,47
101,66
31,48
10,102
42,30
121,58
10,45
106,131
134,57
9,43
129,73
49,89
7,129
59,64
87,115
47,26
50,50
43,84
47,113
121,107
133,52
71,28
54,136
111,32
14,69
93,45
104,19
45,88
122,111
78,90
141,134
60,125
130,37
129,122
129,22
48,123
110,121
10,21
87,116
62,0
101,7
11,111
131,83
109,51
71,103
136,10
85,93
112,26
126,8
22,47
42,10
26,26
25,18
114,124
79,2
25,1
140,125
75,1
67,146
31,119
138,127
63,0
140,84
26,90
65,118
51,54
16,62
100,84
90,71
48,121
29,46
79,60
9,93
95,5
140,80
12,121
28,73
104,36
36,46
43,60
24,87
147,87
14,144
93,28
76,64
39,91
84,83
136,7
130,72
144,144
103,7
107,64
100,49
116,57
57,77
122,42
71,133
37,13
126,35
58,14
41,149
109,109
10,103
7,63
50,85
108,92
141,63
112,140
79,59
61,73
44,39
22,136
1,30
134,138
69,68
65,76
118,104
14,72
13,6
121,72
78,96
113,115
81,92
20,5
89,94
33,31
13,79
68,122
30,79
126,109
68,94
110,52
110,32
71,48
103,140
81,8
51,29
83,80
11,149
106,93
136,71
73,113
136,37
81,0
121,89
70,125
68,129
71,87
22,54
131,55
127,96
66,28
75,46
55,125
83,140
49,41
49,67
114,99
55,55
87,63
114,130
27,61
3,66
78,15
12,60
8,126
98,56
76,37
97,111
120,76
110,33
49,97
92,2
132,142
68,83
126,51
81,54
129,102
53,37
73,15
5,134
28,35
36,50
65,70
79,7
9,80
107,11
85,17
9,17
8,27
81,41
65,109
92,148
99,145
9,32
139,31
143,83
147,25
85,90
64,81
128,121
127,118
14,72
100,21
140,130
2,132
108,44
20,60
88,48
148,19
14,9
103,116
28,132
89,32
103,130
107,49
116,102
144,53
125,48
104,62
94,93
8,124
98,103
144,56
22,31
91,4
66,89
26,115
85,105
69,0
58,99
61,2
148,13
119,74
147,54
27,34
140,35
119,77
34,122
48,97
28,73
104,68
5,19
100,117
37,4
71,128
3,72
106,6
30,50
90,37
38,2
57,149
140,143
139,149
129,77
17,121
116,121
141,131
48,36
138,34
93,28
46,29
38,93
64,143
6,6
136,46
38,110
128,99
148,12
26,121
47,45
7,56
148,3
119,58
0,7
125,27
18,34
82,114
0,93
118,28
143,49
71,6
112,109
75,68
30,116
6,55
114,83
101,38
58,68
136,33
39,36
0,120
16,107
71,50
49,132
10,96
45,85
98,14
30,74
71,80
27,108
52,119
23,61
70,140
115,132
146,78
20,101
35,70
29,123
138,130
101,145
46,28
41,146
140,28
104,18
79,60
128,118
132,135
11,26
99,143
18,115
104,15
81,92
142,53
95,139
53,9
108,32
104,85
103,138
137,28
130,122
141,11
78,109
0,18
129,4
38,121
124,82
9,104
102,84
13,47
26,57
17,32
14,103
56,83
3,146
46,32
113,18
56,68
68,6
129,77
2,80
79,14
114,7
82,119
131,128
147,112
10,45
87,24
77,11
133,53
114,34
120,75
134,64
5,98
31,91
14,136
147,87
118,4
140,73
77,147
37,87
141,146
63,113
58,142
15,129
47,35
142,135
12,30
31,16
133,24
32,139
52,124
103,92
117,60
70,130
12,147
116,101
104,83
72,16
101,98
81,57
125,109
98,72
51,67
49,6
59,13
17,81
20,79
100,5
85,130
124,25
19,69
144,81
47,77
149,134
6,58
148,113
64,100
137,142
60,14
120,108
57,28
93,62
114,81
16,95
88,75
116,53
22,133
9,104
121,53
120,67
149,58
11,36
138,123
54,136
96,145
44,121
60,90
52,134
149,121
99,138
51,86
141,136
25,89
54,51
141,39
114,58
33,5
114,38
65,81
140,43
32,83
149,12
64,145
5,137
126,100
138,66
72,95
23,130
45,61
62,80
84,37
82,96
115,82
144,0
139,31
7,2
125,51
39,104
25,2
78,130
98,147
43,9
76,106
129,125
81,40
6,7
44,74
139,81
30,41
61,136
82,121
33,24
128,73
29,14
35,86
130,19
27,149
50,8
93,81
74,40
141,145
121,79
55,10
126,47
77,121
56,117
2,29
95,149
65,1
121,139
75,106
65,144
14,13
17,107
27,45
73,49
61,16
124,101
133,58
128,74
39,140
22,57
133,129
78,126
88,50
45,99
92,84
111,61
16,26
5,84
118,123
80,20
57,20
140,113
145,61
65,79
112,98
91,111
119,68
46,86
80,78
113,67
81,37
78,87
120,112
97,132
3,120
100,92
140,25
25,22
5,115
51,136
125,60
116,138
23,85
55,113
22,44
8,81
111,83
89,110
126,84
11,96
1,129
101,101
105,122
41,112
50,106
125,96
123,119
80,147
65,12
3,26
138,7
93,147
32,13
30,58
7,66
55,28
68,92
124,50
58,42
55,66
19,81
16,18
54,6
77,0
32,107
56,117
37,104
39,4
137,76
92,37
82,147
117,137
42,103
51,20
16,102
134,42
97,6
90,145
49,139
20,58
145,87
113,127
7,141
44,21
100,124
45,68
58,26
112,54
144,75
106,109
7,93
139,56
60,128
47,94
122,92
102,114
95,131
74,110
75,122
68,27
144,38
7,26
91,49
92,51
83,57
119,126
72,132
39,145
73,116
64,35
34,99
79,49
92,118
134,144
66,8
75,104
48,56
55,107
98,124
129,112
87,110
132,13
142,32
56,16
130,148
38,130
137,90
112,62
121,99
147,115
1,64
10,35
25,89
11,86
8,20
56,64
101,27
46,136
40,136
120,51
29,99
92,36
85,107
37,25
44,4
148,123
92,25
68,130
71,48
127,6
2,107
109,59
102,143
123,38
139,21
6,47
147,50
3,96
146,122
64,140
44,56
75,3
57,136
70,79
74,18
116,73
71,65
137,133
111,52
92,109
75,19
73,59
97,20
76,61
92,67
46,13
48,116
53,63
144,40
2,61
143,80
112,139
133,61
141,27
126,86
42,97
86,132
99,37
100,118
116,40
36,21
92,40
60,133
5,99
117,29
1,55
90,2
25,76
122,52
22,75
119,97
55,21
102,88
8,62
136,96
35,127
103,126
125,109
148,15
101,88
10,68
148,45
100,117
43,149
74,106
121,130
69,45
43,122
30,42
118,47
49,33
100,40
137,1
125,47
20,134
36,129
69,83
91,102
2,120
13,76
55,121
139,147
0,49
144,25
134,73
128,103
30,19
18,65
104,17
104,128
0,99
128,125
102,86
20,29
124,142
50,23
105,2
70,56
49,45
51,116
30,51
121,4
33,124
127,111
28,41
55,145
5,0
33,82
66,109
3,147
91,114
106,18
132,12
145,21
118,102
10,99
57,148
85,72
145,5
14,23
93,17
7,129
47,86
137,8
83,63
51,26
127,139
14,29
50,121
44,122
82,20
34,34
118,47
115,133
71,44
8,68
21,18
97,85
42,45
60,50
68,116
23,13
4,48
51,116
63,53
73,71
121,130
22,147
85,84
143,98
101,58
12,62
42,59
57,50
42,92
108,73
43,58
86,92
51,6
106,102
41,44
36,128
64,111
15,132
47,58
109,31
147,149
121,93
80,143
100,15
6,30
20,104
21,60
67,131
4,148
61,139
12,8
55,140
127,90
116,126
3,133
23,48
46,100
74,116
80,141
47,3
112,115
106,2
77,12
9,80
131,57
12,60
128,21
22,115
89,71
11,86
135,3
136,78
59,71
63,146
19,125
142,143
68,112
139,81
111,73
29,50
118,129
99,102
113,106
50,97
34,95
92,77
104,85
82,87
4,91
24,12
101,146
34,15
90,11
17,45
147,80
146,116
5,81
58,46
125,80
94,119
60,108
129,131
92,14
101,80
137,1
7,8
25,73
59,24
61,65
134,124
48,130
11,99
21,109
76,62
45,136
58,62
107,103
51,97
48,106
35,93
102,37
12,57
21,24
23,34
45,95
68,63
56,70
131,80
120,126
63,88
134,30
129,127
6,24
71,106
130,49
65,98
66,59
34,93
61,76
84,136
73,101
15,84
79,121
14,147
114,24
0,87
52,104
99,36
59,29
85,144
107,70
148,35
80,47
27,5
127,25
143,15
107,141
23,49
52,106
145,136
21,13
103,80
37,75
64,142
43,91
20,30
14,94
144,127
126,128
123,127
132,146
35,146
129,33
84,75
39,7
53,41
25,54
41,32
110,9
127,71
57,49
108,32
55,88
14,24
86,54
95,2
50,56
139,51
43,59
131,9
138,1
148,126
45,37
23,104
90,44
125,69
148,49
70,51
141,131
96,53
28,49
55,62
59,45
27,58
130,45
105,124
19,33
55,51
45,118
134,92
64,122
147,37
53,146
35,90
64,130
95,100
105,77
63,24
144,142
142,12
148,16
109,92
142,149
9,60
108,22
134,89
70,144
56,117
100,69
36,33
21,58
58,67
63,68
133,79
131,44
144,123
31,73
137,2
11,54
88,77
127,107
18,6
76,100
43,47
33,146
141,53
145,129
139,119
16,21
147,62
95,50
106,73
86,83
128,6
2,115
119,48
65,73
87,87
101,27
92,101
41,87
64,100
25,27
100,65
7,97
104,61
37,99
90,53
50,63
13,30
83,20
46,12
44,105
45,45
20,62
91,62
92,64
58,79
99,11
22,56
13,124
41,136
25,17
108,12
12,0
100,117
71,36
133,93
125,142
34,140
63,75
113,65
78,41
59,85
97,1
19,139
132,9
27,79
99,0
80,72
17,50
0,23
45,81
113,9
91,73
114,31
135,127
123,101
51,49
95,48
37,126
43,30
80,149
134,68
87,113
121,114
40,135
73,126
39,136
28,16
20,4
59,110
99,76
98,133
50,76
26,87
14,25
79,72
125,23
107,133
2,17
97,28
139,123
119,116
61,28
87,99
124,3
119,59
62,28
115,81
26,66
58,124
147,96
12,125
68,5
54,50
148,61
131,98
46,113
35,1
97,24
97,136
43,139
29,145
105,2
140,134
141,115
7,51
86,104
107,6
70,66
16,2
23,95
138,5
94,9
50,118
74,124
51,104
1,73
147,108
116,86
76,130
71,71
72,3
0,82
18,0
27,109
52,19
83,82
69,130
21,103
34,42
25,98
63,38
107,46
95,49
75,77
62,39
130,131
28,6
13,50
96,51
82,92
41,123
44,37
22,64
34,69
104,28
19,149
112,43
5,16
27,40
24,127
108,47
121,116
102,9
107,101
80,8
104,59
129,67
29,51
49,57
93,54
53,143
94,18
107,14
136,4
77,57
94,144
14,121
22,97
58,109
39,28
95,53
137,99
64,99
40,6
145,108
120,61
59,56
57,117
117,57
96,17
9,49
109,73
139,26
104,53
143,29
139,17
46,135
17,8
125,138
98,146
61,133
29,55
129,103
78,8
93,130
42,102
72,124
98,73
30,2
145,147
13,112
68,138
67,9
138,119
52,64
25,136
6,78
49,93
56,6
114,45
134,125
37,62
93,94
15,50
61,32
124,114
70,18
80,59
60,10
80,44
99,122
73,73
55,104
51,21
121,110
98,38
43,94
73,139
26,100
108,119
38,80
1,37
67,49
106,87
53,105
25,12
114,93
82,72
29,16
87,119
49,101
16,114
40,97
126,107
43,91
140,73
101,124
96,130
93,80
90,73
75,71
117,35
123,129
47,27
83,8
13,130
57,59
53,43
5,103
25,83
19,109
148,85
96,128
120,80
99,49
67,117
106,120
99,57
145,27
63,60
122,20
60,53
14,1
29,118
136,125
42,41
80,87
143,57
79,148
107,111
74,118
75,124
142,77
4,98
63,66
21,44
52,110
82,9
49,95
19,93
121,87
141,32
132,5
39,42
79,50
111,98
74,106
130,112
66,139
64,103
48,68
73,6
131,76
35,24
121,146
99,103
92,10
70,117
49,67
88,11
28,93
94,12
51,62
38,31
1,59
119,115
93,106
121,37
93,25
117,52
92,90
38,115
0,110
111,110
68,30
140,64
19,128
117,147
38,53
103,122
80,112
90,72
22,54
79,71
65,28
58,66
136,121
47,147
127,7
112,109
112,54
95,4
135,23
57,66
4,68
13,26
129,22
54,46
72,5
140,146
130,93
47,89
149,124
17,107
124,87
83,0
21,33
146,0
38,82
77,1
7,118
28,48
8,133
5,35
115,52
101,80
117,12
5,2
50,84
14,81
90,116
4,8
19,15
147,114
118,18
89,50
9,27
90,35
10,11
99,14
109,65
53,53
100,13
148,128
96,40
98,110
36,144
100,55
133,89
113,1
22,87
72,57
134,142
47,117
13,63
70,10
128,56
135,2
26,80
101,95
116,131
111,37
122,13
18,47
33,65
114,47
94,148
15,147
132,8
2,129
60,127
35,39
16,39
117,49
5,65
93,79
93,98
84,55
90,101
29,49
94,107
75,146
62,147
73,32
12,43
18,67
107,116
4,11
132,45
26,134
94,8
56,11
114,130
107,73
72,84
53,128
73,50
132,70
74,138
32,114
126,3
124,141
21,116
8,58
42,29
93,2
0,140
12,16
89,65
5,92
18,92
141,21
137,124
33,72
7,93
137,27
110,36
62,75
110,125
9,14
94,118
89,4
62,25
62,19
111,43
16,104
127,146
109,109
132,84
103,141
117,23
26,4
33,144
55,15
121,132
142,68
51,131
54,59
50,75
4,61
87,6
146,54
2,100
115,100
95,125
42,9
45,83
137,15
125,103
60,136
121,100
4,12
48,30
44,65
106,91
32,50
104,143
142,82
45,30
125,11
71,65
50,100
27,110
122,132
44,104
76,39
104,3
4,39
45,47
23,124
30,111
134,64
61,49
124,5
58,138
17,122
105,64
2,88
55,110
81,18
143,67
99,130
113,24
132,5
1,9
146,127
17,122
101,46
64,141
26,59
53,42
93,25
65,64
92,87
130,130
27,70
73,91
77,64
130,118
64,135
128,21
61,147
53,40
81,16
146,142
122,111
77,8
110,138
87,127
65,86
93,9
80,142
62,39
129,47
90,24
145,127
37,121
142,38
58,109
137,11
16,85
126,13
24,139
83,93
92,124
88,52
98,74
67,73
50,102
54,91
126,4
129,113
91,23
146,84
69,12
15,14
51,110
115,47
66,112
147,132
142,35
7,141
39,135
63,130
138,86
136,56
128,95
101,16
94,21
92,33
7,142
143,11
41,56
24,130
95,68
43,115
137,89
33,27
10,114
61,32
81,38
133,33
32,114
126,42
123,78
27,48
11,51
12,96
54,11
90,115
5,47
8,21
29,13
35,5
117,30
96,52
77,118
125,128
137,146
144,43
41,21
21,107
4,136
53,91
104,101
111,30
51,67
39,2
31,9
82,87
81,83
67,137
80,104
100,25
44,48
68,97
14,135
45,1
99,80
112,120
6,109
137,9
142,70
10,139
98,111
26,114
35,107
2,51
65,58
135,82
101,112
16,53
129,10
5,93
142,145
94,15
147,53
125,49
24,148
53,85
69,95
128,140
101,87
28,136
101,17
84,65
15,101
60,122
8,65
129,127
126,142
20,3
96,95
91,23
49,107
117,3
38,55
114,102
49,78
2,99
12,73
54,95
0,33
99,35
93,44
126,16
131,47
21,113
1,29
27,146
39,84
10,64
44,77
147,124
78,81
77,14
115,47
30,62
127,33
127,104
47,108
119,33
0,5
106,62
26,63
41,27
14,112
2,19
140,112
31,38
54,1
122,33
63,80
44,114
12,86
110,101
115,141
118,71
61,32
61,82
51,138
92,58
95,60
28,80
105,113
17,80
77,145
8,39
26,91
31,94
86,11
100,83
51,30
23,131
59,83
117,97
59,5
26,114
45,149
65,43
70,78
44,60
37,89
62,146
64,86
115,66
1,138
72,51
35,97
71,46
107,108
126,56
116,0
125,124
66,100
89,24
62,70
117,93
110,100
141,40
91,43
17,54
143,72
66,42
115,11
48,120
93,91
4,41
80,48
117,74
124,76
76,56
136,88
93,107
44,116
102,60
50,86
92,91
51,80
1,24
53,24
55,102
82,94
9,93
26,35
17,15
92,40
125,148
128,111
140,149
21,50
58,71
122,114
9,133
76,48
1,135
92,57
80,98
36,16
130,128
147,23
105,146
132,3
132,109
90,79
134,127
90,1
70,32
85,13
126,26
22,77
52,104
116,22
144,24
12,77
100,36
122,106
69,104
119,18
35,1
67,51
21,145
15,31
22,149
64,109
88,147
100,129
46,54
123,43
22,84
83,49
50,9
34,82
105,75
87,143
86,5
33,74
26,20
101,135
118,130
45,109
78,136
41,142
132,145
134,122
148,16
84,74
29,41
77,89
22,16
5,109
93,26
36,101
12,38
99,94
115,147
55,69
82,141
30,145
124,120
72,62
64,66
132,114
138,68
19,113
75,49
76,24
65,141
38,127
105,113
129,68
89,94
32,1
60,29
14,137
94,73
112,5
80,139
10,133
64,17
53,74
120,0
88,53
115,38
0,69
19,133
98,57
9,111
87,144
148,106
35,74
85,53
17,141
79,90
4,85
137,106
56,45
20,49
137,91
135,90
94,69
31,114
118,53
121,26
24,12
33,149
125,37
97,139
125,43
92,68
42,72
16,148
43,2
136,5
55,131
68,122
114,16
115,124
82,27
58,149
60,43
16,131
115,55
4,109
88,109
24,3
66,32
83,87
148,141
20,34
3,60
57,91
1,19
47,106
43,57
11,148
71,50
139,76
18,111
72,18
19,64
138,102
92,15
104,147
111,22
63,141
125,140
1,128
73,146
28,144
89,134
109,136
136,50
44,36
25,30
37,101
65,38
142,38
141,39
11,33
117,60
120,39
111,23
0,112
117,122
2,43
79,6
125,12
55,67
26,87
109,16
140,76
56,44
144,32
57,66
135,34
134,114
47,115
118,7
106,145
16,21
18,144
41,63
68,63
111,10
135,86
30,52
66,12
29,59
98,19
24,61
84,116
20,60
56,30
11,22
79,128
117,37
40,124
2,126
57,41
28,97
9,127
3,94
93,38
111,16
110,16
57,43
43,129
49,69
49,5
2,2
17,8
89,119
90,1
23,108
15,71
108,37
105,122
32,81
100,89
119,138
51,80
78,46
124,104
142,28
94,28
113,63
108,73
92,124
125,117
78,74
49,0
43,23
96,99
99,127
86,130
87,13
60,3
135,46
101,132
34,135
22,35
68,25
108,125
9,100
27,1
62,104
82,111
33,17
38,60
78,29
63,69
112,54
4,26
90,102
30,82
85,14
100,9
148,15
66,147
22,118
128,117
68,37
57,22
57,60
35,121
87,27
148,112
127,61
54,123
20,112
2,110
23,0
139,0
83,7
57,59
148,48
75,119
112,36
57,73
53,21
134,141
109,104
39,148
69,95
114,70
73,124
11,113
82,110
5,126
22,132
96,106
37,84
63,6
112,107
59,35
46,53
128,79
121,107
66,68
42,21
143,143
10,83
70,83
111,49
93,40
24,71
135,18
136,63
11,83
78,134
40,121
51,146
59,49
108,137
121,67
131,1
87,60
55,116
5,1
105,33
50,17
26,75
113,116
50,60
8,45
102,16
15,114
43,37
5,131
112,37
127,120
8,105
97,61
121,58
11,112
118,53
79,105
32,136
50,128
24,114
145,56
72,26
71,100
115,123
35,117
18,121
90,2
77,47
83,42
33,107
58,17
103,68
78,67
140,50
5,121
38,148
30,82
69,15
45,84
114,26
50,61
49,63
68,146
84,112
94,85
60,50
114,73
75,102
43,118
87,2
126,104
104,45
89,42
135,57
70,17
45,122
75,114
74,114
139,143
87,33
137,20
111,44
125,60
77,86
122,31
102,136
14,61
146,93
9,130
18,20
10,94
112,23
61,27
46,36
37,73
67,14
123,69
35,90
77,32
117,55
111,98
3,17
121,100
52,109
130,17
141,17
100,51
55,5
36,143
70,122
132,131
30,33
57,63
63,87
54,79
27,29
30,143
87,112
96,100
53,21
1,79
57,95
35,93
131,123
54,104
89,63
21,115
52,130
139,31
134,0
7,98
124,21
22,9
22,121
126,36
58,128
89,15
96,110
112,109
80,61
28,48
63,146
90,134
75,129
129,25
61,84
102,76
69,82
77,147
39,30
38,74
49,3
2,132
68,29
28,76
19,137
52,38
36,27
46,79
73,103
32,68
2,145
138,126
37,101
119,121
76,103
129,0
6,42
40,55
101,129
148,131
118,141
21,104
70,137
85,124
90,27
144,124
67,72
99,81
124,58
117,70
8,117
88,50
124,93
139,111
28,121
21,40
102,60
113,131
79,82
149,126
3,47
87,100
96,100
6,112
131,21
109,134
41,92
0,133
50,29
67,56
147,130
18,50
43,62
128,138
144,43
140,138
133,125
136,40
15,1
111,43
43,29
134,19
22,22
86,68
14,36
73,13
138,87
42,124
88,128
101,87
126,70
91,72
45,85
138,5
104,149
0,124
55,57
42,73
99,84
1,96
52,100
124,81
106,43
12,39
95,85
64,31
87,93
95,66
46,16
63,26
84,149
2,37
78,90
145,4
121,130
28,128
69,31
127,58
50,23
6,47
12,55
41,42
44,1
95,72
147,148
62,0
107,17
19,98
28,29
77,120
95,40
85,64
80,30
133,98
46,74
110,112
105,114
126,60
82,62
12,8
114,132
139,55
142,103
128,104
76,148
56,29
78,84
129,62
35,121
26,53
41,75
12,103
111,68
131,71
75,26
135,132
100,47
14,47
27,123
126,90
22,88
25,69
81,99
119,147
146,69
147,107
123,54
29,134
138,119
112,85
21,34
1,57
61,4
66,73
44,82
132,124
122,113
101,102
15,12
16,81
101,119
44,107
107,21
112,73
108,40
29,92
135,138
25,85
40,6
144,139
22,67
94,104
7,2
29,49
120,2
6,52
90,1
125,95
43,106
61,111
77,69
75,31
34,64
12,84
116,142
98,29
93,54
29,129
27,43
88,104
12,63
140,134
30,106
69,100
29,26
29,18
71,148
88,32
24,131
133,141
69,145
88,83
89,121
132,145
33,24
100,37
31,52
146,114
120,122
1,126
30,123
52,30
42,100
10,46
120,16
58,148
46,140
132,17
19,46
19,9
8,20
103,122
134,115
31,89
57,19
148,13
48,6
11,122
47,15
79,72
37,50
124,66
87,23
14,71
137,34
122,57
88,47
44,19
113,116
4,136
47,116
40,10
34,45
12,62
2,14
132,75
120,89
29,51
16,5
126,29
9,132
97,14
83,90
80,112
32,24
86,102
48,144
11,52
54,22
144,140
22,119
122,67
52,78
145,46
31,49
29,9
92,1
149,33
98,139
120,51
141,47
14,61
66,45
42,139
121,54
112,107
77,99
81,32
59,134
103,103
141,24
93,22
104,52
104,20
141,0
18,41
0,76
30,131
26,126
80,44
131,105
129,7
94,88
112,112
98,70
8,128
24,103
90,37
44,75
142,31
109,9
142,29
13,19
96,115
101,126
143,40
11,127
75,73
89,64
118,58
111,47
133,26
105,76
146,9
1,46
59,56
52,69
42,124
25,109
53,111
82,37
20,14
90,104
68,149
96,32
25,97
149,124
41,34
147,140
36,69
5,30
65,131
50,17
52,121
90,87
121,78
13,142
110,43
123,143
84,17
133,39
109,145
5,74
91,22
106,79
143,141
133,25
140,148
27,126
28,91
22,112
3,149
81,115
64,4
88,35
61,113
89,8
144,120
110,23
96,47
11,45
91,28
41,7
53,120
109,120
82,17
133,93
102,41
101,136
108,90
30,114
128,40
121,25
134,131
44,75
70,96
62,4
66,103
63,27
129,109
79,46
20,136
104,123
16,149
118,34
37,131
127,98
78,11
128,22
102,122
53,114
114,7
95,7
120,13
105,66
121,122
6,7
133,99
44,102
107,90
25,140
44,75
1,60
18,67
130,38
136,99
17,101
22,115
134,115
99,60
42,6
42,35
24,16
79,83
68,121
56,96
19,88
114,2
29,13
2,44
112,129
143,68
50,79
148,34
31,126
131,5
109,63
127,42
139,1
83,85
106,24
17,43
12,129
89,90
104,63
128,138
149,47
98,140
83,46
46,56
65,68
98,98
88,84
136,30
147,28
103,45
86,136
142,9
22,53
142,143
50,48
67,66
134,33
118,29
112,84
75,91
116,104
64,40
90,89
93,87
28,123
138,28
131,90
27,119
129,111
58,36
108,22
129,53
0,15
69,43
119,16
24,34
125,68
61,88
113,7
34,78
12,131
45,73
11,57
2,87
74,87
143,148
55,7
130,51
116,78
33,112
10,27
100,31
115,142
10,88
100,7
95,115
80,125
83,8
102,115
39,112
122,111
1,64
85,9
114,96
131,113
10,76
74,101
44,48
123,79
136,56
106,148
24,116
71,80
136,82
36,22
82,61
52,118
90,53
138,10
59,111
44,48
83,16
125,46
36,99
16,135
137,57
6,35
112,144
71,94
109,64
55,3
47,131
1,133
133,53
142,127
50,66
51,66
71,127
71,144
20,82
105,90
102,26
90,1
76,10
145,13
143,35
130,13
136,15
20,148
146,7
91,2
128,47
93,42
28,82
9,137
55,79
92,43
70,95
63,106
100,111
112,104
59,87
91,1
92,33
111,130
104,62
109,63
16,39
80,58
36,1
93,85
65,32
10,35
78,130
35,54
48,37
13,21
117,12
79,29
71,45
138,104
127,81
67,12
121,35
114,51
120,61
92,68
111,142
102,55
85,61
104,83
122,24
51,133
25,81
93,29
40,41
68,65
130,129
118,113
113,142
145,66
131,143
71,52
145,27
20,144
113,29
105,69
7,122
104,112
11,80
20,148
28,146
73,67
129,69
99,147
92,19
44,50
3,19
10,113
100,61
82,17
106,92
100,143
50,139
54,53
107,89
79,64
122,41
25,45
91,25
110,143
52,36
76,78
73,40
41,45
10,30
8,132
104,103
85,145
106,135
137,104
129,56
133,135
112,41
2,98
114,134
88,44
20,90
51,123
118,15
45,98
89,128
51,122
134,114
130,70
54,95
78,119
138,132
65,39
26,131
96,145
119,90
10,31
37,32
140,108
108,40
32,55
24,39
54,51
35,65
108,123
130,9
136,125
47,118
1,132
69,133
51,71
28,117
67,141
139,117
84,60
59,97
86,71
100,17
9,109
25,124
81,27
90,39
102,120
125,3
60,78
26,86
120,83
46,86
114,76
83,29
97,67
47,92
85,14
79,136
59,148
53,123
14,3
115,77
80,37
75,74
89,90
74,90
6,105
127,36
29,147
67,52
104,114
145,54
93,22
145,7
46,27
20,134
113,75
117,57
39,15
12,26
133,126
101,69
56,82
141,53
126,18
59,126
28,102
133,81
60,29
142,49
40,28
88,70
10,81
65,18
79,99
131,5
75,62
124,148
59,90
33,99
90,38
101,26
46,0
84,68
79,70
91,127
149,91
142,87
141,124
127,126
138,92
51,120
45,90
32,149
139,83
107,121
20,100
117,144
0,56
78,124
57,74
36,40
119,134
22,35
145,3
139,11
145,55
66,135
67,7
55,142
73,19
136,149
126,59
1,89
100,87
59,68
58,31
146,87
32,1
27,61
68,22
31,16
4,132
95,94
109,55
139,98
126,98
14,61
134,65
99,3
35,63
139,30
103,125
26,64
8,119
123,127
28,119
127,131
31,50
78,53
45,116
132,111
127,87
116,80
1,99
84,98
7,108
14,20
149,37
71,64
84,38
80,82
25,112
124,107
123,37
36,69
3,25
85,49
130,75
93,55
52,91
95,79
23,99
5,88
41,80
3,38
69,124
100,62
131,15
127,124
3,118
128,97
35,64
46,114
129,125
52,60
39,126
1,131
16,91
3,20
30,111
19,134
45,66
126,126
33,16
108,40
64,24
123,44
14,73
19,93
32,74
116,58
114,58
75,11
57,7
10,52
25,143
15,125
57,78
61,134
58,63
109,49
16,142
83,102
45,25
45,136
4,139
48,38
111,113
92,62
129,33
25,76
100,21
139,132
6,149
148,65
50,105
31,42
45,116
10,95
86,38
96,47
54,112
48,137
136,149
123,30
28,125
72,124
125,103
37,149
6,140
95,51
88,93
77,131
64,119
130,55
135,25
95,13
85,77
45,67
45,108
77,39
90,77
145,30
115,34
132,81
104,99
89,27
109,22
138,87
82,128
67,41
126,47
4,146
134,8
89,17
51,84
81,0
84,105
135,71
7,134
40,134
69,134
22,50
75,135
35,146
15,139
120,116
65,19
69,45
116,83
68,149
102,139
117,44
142,147
40,77
105,50
52,125
90,95
7,76
97,80
18,70
89,85
109,67
0,117
11,101
76,127
55,127
105,14
101,112
6,141
19,107
149,35
143,102
35,6
149,45
95,49
29,104
61,31
33,144
8,112
39,140
68,97
68,63
42,80
56,80
76,18
138,60
7,90
9,42
103,135
131,17
17,96
132,11
88,98
96,8
110,103
65,98
126,82
115,85
68,50
74,22
14,102
108,86
78,110
101,88
141,3
58,42
9,127
98,55
45,35
149,85
13,52
123,124
93,62
149,51
103,1
41,120
74,67
15,112
52,64
42,132
16,14
89,110
125,148
125,3
53,17
5,139
95,63
5,36
49,84
140,67
79,62
61,59
88,59
58,90
98,145
70,87
14,119
36,15
110,26
126,24
130,26
84,120
147,105
24,86
11,75
42,93
92,76
43,93
127,136
94,97
139,68
147,111
118,117
118,75
87,67
52,114
51,68
41,89
38,75
111,81
136,110
9,53
67,89
89,110
63,109
90,18
101,101
39,69
68,97
93,44
148,122
111,143
112,36
29,116
96,102
118,123
26,15
134,36
15,7
36,93
97,70
22,25
99,38
73,64
32,109
92,74
22,69
19,56
50,124
78,141
134,126
8,144
122,74
65,134
140,64
68,63
2,133
57,146
135,98
51,54
19,19
111,122
15,49
147,20
126,35
138,109
12,141
148,59
69,84
59,93
89,21
70,70
92,41
136,16
128,39
107,140
109,60
86,3
54,63
146,41
11,10
145,101
88,58
2,44
135,69
103,72
98,140
30,66
17,140
42,148
129,7
140,71
71,51
106,140
10,126
119,59
13,88
123,44
10,121
134,44
4,95
95,103
16,65
119,74
8,47
94,25
9,72
13,31
46,149
128,125
58,70
88,126
53,15
132,137
29,29
26,4
29,144
112,14
132,73
11,23
88,149
105,32
0,36
4,60
111,38
67,83
102,53
113,123
4,89
85,18
1,116
29,54
49,120
109,93
122,75
54,0
8,80
141,23
117,143
120,61
136,55
14,80
72,59
87,149
56,37
110,105
81,36
56,123
101,22
148,58
139,40
62,25
123,127
107,58
133,66
84,125
61,126
40,128
105,90
57,29
21,138
116,1
114,109
51,137
70,70
11,65
84,105
39,130
35,129
139,144
144,75
59,24
107,25
145,41
86,142
68,19
95,115
133,101
48,97
110,30
130,102
55,55
24,14
1,148
149,71
89,132
80,39
22,44
104,104
65,115
42,136
63,28
104,102
4,84
99,116
71,56
147,32
73,94
119,108
127,77
94,65
76,132
89,106
27,9
72,99
9,127
113,68
17,66
149,118
11,98
28,125
148,67
35,46
83,94
48,28
113,10
147,130
125,57
132,0
86,10
134,67
36,126
6,101
63,79
89,19
129,24
118,142
116,130
71,101
23,31
103,17
52,30
99,57
86,70
5,11
53,90
47,65
101,11
146,127
24,132
135,32
143,1
113,88
118,81
116,31
116,52
0,56
129,66
44,18
51,77
31,117
132,120
119,115
98,126
94,56
61,3
77,27
96,1
3,98
11,103
145,66
52,89
144,111
118,87
132,76
23,88
106,86
144,47
105,130
19,38
82,137
87,67
134,140
137,26
139,0
61,80
46,52
123,40
117,94
14,40
129,28
139,33
123,24
4,60
92,133
87,37
7,96
98,109
104,100
60,133
132,107
148,34
57,126
96,114
84,12
88,142
122,22
134,100
116,44
84,107
136,123
59,63
66,35
76,114
57,50
22,132
42,42
107,32
118,107
136,47
92,88
148,11
129,89
55,111
37,49
75,69
144,40
140,89
65,65
77,149
102,124
58,96
143,118
137,25
79,2
44,126
4,135
25,85
76,146
11,101
11,1
144,31
100,46
72,36
34,7
122,122
139,34
23,103
145,110
121,34
130,73
111,125
129,63
55,61
43,75
20,5
36,107
56,58
6,33
3,145
76,49
53,11
136,49
24,32
83,46
72,120
89,144
110,126
126,103
56,35
29,78
109,138
144,131
21,30
103,138
55,96
9,93
123,20
46,119
32,139
63,11
27,13
58,128
36,75
149,118
138,2
95,102
36,119
44,44
86,72
134,78
148,66
83,115
45,68
70,104
84,56
128,137
90,138
123,63
5,138
146,107
149,58
100,79
121,57
147,104
50,7
11,87
118,72
68,128
26,84
81,7
37,20
108,105
84,143
49,85
143,99
12,120
23,104
112,140
60,134
58,118
45,108
140,85
128,106
43,145
119,25
143,119
127,21
2,142
20,113
23,34
102,72
22,7
52,63
1,137
60,80
119,89
65,28
48,104
53,82
70,35
105,137
24,130
27,112
66,79
130,75
27,111
110,15
36,87
141,50
73,59
124,147
86,101
60,143
94,13
68,66
22,124
86,93
98,96
56,23
104,118
67,82
117,25
31,41
12,50
31,47
8,135
105,117
78,40
138,75
126,145
33,35
126,138
78,132
118,37
34,53
84,126
143,13
108,46
114,51
13,13
135,96
102,26
76,47
111,2
137,32
145,133
53,1
122,73
140,126
38,55
62,60
139,49
125,133
45,33
88,93
69,82
34,63
17,141
85,67
145,122
76,111
145,28
16,4
32,81
18,56
70,56
102,56
144,25
54,44
116,87
83,94
97,24
90,34
81,16
47,58
89,102
134,30
56,81
77,48
123,117
130,26
124,28
37,127
129,40
82,85
64,80
39,101
108,115
27,101
77,58
22,77
14,89
17,39
4,116
94,136
142,90
17,28
43,3
12,83
62,126
55,84
9,49
95,13
108,87
18,60
71,43
52,66
54,79
135,121
4,73
80,26
37,126
45,122
68,139
146,144
127,141
3,140
123,71
92,26
108,91
136,101
101,48
143,6
148,84
58,141
114,74
32,128
8,62
10,31
83,99
134,59
81,62
26,2
107,88
40,113
84,146
71,4
135,41
2,25
56,25
61,115
61,126
120,88
123,19
41,112
23,53
12,78
49,28
39,73
13,37
72,41
62,40
33,0
15,38
19,38
97,103
36,107
64,138
39,18
110,3
78,81
133,73
51,79
116,133
22,124
87,21
71,17
94,129
73,111
136,133
93,113
32,141
21,122
26,124
136,23
2,59
25,147
131,116
73,96
90,108
3,103
63,31
124,100
28,4
63,137
16,83
84,138
112,149
118,0
114,45
48,72
55,87
51,59
102,59
140,48
39,6
12,12
131,80
32,40
131,143
143,71
57,26
6,42
116,90
50,20
92,127
31,140
117,52
73,13
110,97
130,112
20,99
127,67
102,35
93,142
131,53
41,43
78,12
74,54
135,71
86,91
107,6
110,25
117,112
122,54
117,98
7,118
104,50
45,117
114,52
19,82
39,147
4,31
148,104
72,10
44,120
127,149
136,55
35,111
95,9
45,46
48,21
73,39
116,133
78,16
147,49
66,16
53,106
130,137
39,71
48,87
39,112
123,12
76,99
104,127
125,72
33,29
48,32
121,88
87,16
105,56
15,116
132,121
100,46
82,93
119,101
16,23
132,45
135,55
128,95
70,103
0,95
149,63
107,14
149,61
110,87
87,113
139,39
132,108
114,63
42,83
79,137
78,20
133,8
15,79
138,38
106,74
103,139
117,34
97,9
82,95
33,49
63,13
136,34
24,3
149,131
55,102
18,102
96,139
91,116
99,77
13,116
85,41
3,30
51,65
124,32
82,81
129,73
55,68
97,136
134,112
136,41
105,87
64,7
144,141
77,98
149,32
120,73
25,123
77,116
146,140
33,39
58,17
117,65
94,85
33,89
102,54
114,128
4,49
51,4
50,93
3,86
10,16
65,38
109,15
125,34
42,78
7,85
1,74
32,72
6,105
9,50
47,18
148,68
139,80
105,39
132,49
102,92
135,133
16,24
140,80
9,34
55,96
58,95
12,82
74,70
122,7
8,37
129,122
67,23
99,87
130,15
126,105
142,75
17,32
55,61
37,4
15,70
70,116
57,86
17,80
67,64
107,31
19,77
126,94
54,69
54,54
64,123
76,45
5,141
95,75
44,96
39,51
114,111
32,70
10,104
106,72
130,45
40,44
145,6
130,88
30,104
140,19
89,23
97,42
107,14
91,84
144,113
117,7
147,113
95,50
67,46
49,68
64,98
111,108
50,79
88,64
92,39
123,15
51,115
83,59
82,148
52,116
88,35
9,24
20,30
136,58
57,149
130,79
128,29
149,44
45,136
52,83
81,17
35,24
131,36
41,147
4,122
130,84
134,127
111,76
31,100
136,134
69,130
144,113
12,39
134,87
31,119
146,97
122,60
103,121
95,89
11,116
128,98
13,2
130,115
124,45
78,63
66,81
48,136
63,120
5,61
41,146
145,97
102,105
140,122
12,96
115,64
23,12
28,52
122,71
64,85
10,116
107,147
138,12
124,28
64,54
8,149
96,88
125,122
134,142
37,0
69,79
65,81
122,34
23,59
101,52
147,111
88,138
120,78
15,143
73,148
119,116
28,5
8,8
58,123
120,49
128,11
68,103
19,133
8,29
58,30
72,0
148,26
132,72
52,11
115,94
104,80
117,148
79,75
140,55
100,62
96,11
115,66
103,44
10,117
116,12
141,119
127,119
110,47
115,17
38,98
39,93
85,138
75,101
116,108
71,125
21,8
83,14
23,28
26,16
59,128
36,34
119,23
71,72
21,53
53,75
63,80
94,66
136,91
29,50
44,123
50,40
124,73
39,53
25,123
113,91
79,29
97,72
113,102
66,16
133,16
118,62
118,63
135,44
54,87
80,121
98,140
120,50
121,31
117,137
43,112
89,148
43,90
125,99
61,66
76,145
21,38
125,0
75,91
101,49
132,108
129,121
142,70
111,129
57,140
109,27
124,13
141,88
106,24
22,53
38,78
125,116
78,111
123,95
107,28
113,30
149,95
127,133
13,65
0,23
106,77
141,107
134,81
14,32
5,12
77,15
34,111
104,128
66,18
91,29
109,132
81,79
117,142
128,28
126,33
122,1
110,45
18,88
133,9
73,122
110,6
2,72
46,32
29,102
22,54
86,145
61,105
34,42
95,76
66,129
55,85
13,23
37,29
114,134
66,92
2,50
54,9
105,103
89,20
54,90
110,145
63,26
78,124
96,61
147,107
93,6
104,98
32,126
92,149
107,143
11,11
133,120
15,34
77,75
119,72
106,105
25,19
115,64
137,128
55,34
4,9
73,49
110,138
40,112
109,5
84,146
149,119
19,1
112,41
10,148
71,112
55,90
40,106
99,121
72,4
18,137
135,30
84,59
26,99
139,111
71,123
79,138
116,134
89,26
54,17
12,90
99,66
67,98
123,20
1,103
15,6
41,10
5,15
67,125
59,53
91,120
37,25
114,145
96,78
71,124
33,131
3,2
99,132
26,137
79,0
80,72
145,2
36,11
72,18
140,147
6,50
12,64
58,130
68,69
99,73
81,64
12,95
18,67
13,2
21,88
46,136
48,106
59,100
90,142
132,35
66,147
28,18
76,23
79,110
143,126
102,45
97,25
82,109
37,60
98,28
140,2
46,106
10,72
119,16
126,48
24,127
0,131
57,41
144,7
48,34
79,68
122,102
135,35
115,45
81,122
112,146
113,118
143,70
95,69
78,29
123,26
35,120
24,101
134,66
36,55
15,29
132,125
1,91
147,102
33,119
45,112
132,2
46,113
42,124
33,142
81,45
146,36
122,146
117,143
55,118
124,103
139,83
49,60
104,132
120,97
90,6
113,66
8,128
44,63
12,147
107,0
83,133
64,30
99,123
119,120
145,17
83,71
82,129
62,50
140,130
114,86
49,137
118,35
112,42
49,134
120,133
57,72
38,127
79,57
4,70
47,109
54,33
127,66
13,75
142,10
73,138
122,17
85,68
15,105
25,60
12,50
67,67
53,134
37,63
49,9
85,34
81,63
87,33
80,103
86,75
23,91
70,133
118,13
49,61
96,129
100,34
122,0
33,10
1,75
98,74
62,17
58,136
128,124
34,9
91,4
11,118
16,121
34,9
30,129
67,3
115,1
0,76
67,140
102,14
81,50
102,39
72,96
24,53
129,93
49,98
127,37
113,109
132,131
126,142
113,132
6,35
119,53
124,61
45,8
43,107
32,23
113,66
35,92
50,65
37,28
133,62
97,49
90,8
38,40
12,10
119,35
19,9
89,126
75,140
53,122
80,78
55,61
10,5
44,77
143,7
108,82
37,25
59,28
50,90
47,147
35,114
57,80
50,85
3,9
50,140
20,15
90,2
19,80
126,51
78,102
50,132
50,138
108,30
32,146
23,90
35,48
127,44
61,95
26,116
33,126
56,120
18,126
124,63
30,74
145,9
142,135
123,142
32,118
96,87
81,121
128,28
65,68
125,36
126,128
53,42
21,146
43,97
128,126
44,78
88,62
67,11
106,40
105,35
66,141
66,16
33,48
83,54
86,84
70,12
51,40
70,113
24,41
134,46
120,102
65,25
27,80
114,112
56,17
105,32
77,119
8,80
65,94
128,70
84,88
101,107
99,146
134,86
63,20
2,86
65,68
119,58
124,52
132,85
122,44
49,127
136,68
116,36
114,66
49,47
64,115
133,17
149,96
67,48
123,25
46,123
46,133
100,39
64,29
56,127
125,145
130,26
51,105
88,106
3,132
58,136
142,141
137,81
50,8
112,89
73,91
39,146
132,134
15,138
116,58
132,71
51,46
118,133
72,148
67,116
97,91
142,100
56,104
131,47
41,15
8,95
27,47
80,82
0,84
43,60
43,33
147,1
11,53
81,7
121,116
5,98
141,117
96,126
137,75
125,9
86,18
130,133
144,17
143,146
51,103
106,82
118,10
108,93
103,91
147,136
47,129
89,33
26,69
8,105
87,119
16,87
127,95
10,63
117,22
98,55
69,50
101,116
82,22
64,82
14,120
8,98
43,80
9,1
111,96
44,64
128,16
42,117
94,48
46,60
136,59
10,55
132,147
134,113
108,69
97,45
4,3
73,130
105,139
114,132
40,13
57,74
12,69
43,83
18,70
123,90
6,2
29,130
18,7
147,101
123,50
57,108
31,131
17,137
69,103
32,95
105,135
52,143
36,90
38,105
94,1
41,91
144,73
75,122
136,18
16,40
106,89
136,110
130,24
62,75
61,2
0,149
28,76
125,123
50,89
143,109
104,90
132,129
112,127
132,110
77,27
68,68
125,6
122,4
47,32
8,116
26,140
37,7
83,23
0,100
98,129
127,108
103,32
40,93
88,45
23,80
106,141
0,33
50,13
146,32
120,56
133,88
94,149
27,27
109,119
92,76
47,4
90,143
45,55
130,118
82,148
75,134
56,124
47,70
94,84
48,133
33,26
121,121
144,109
75,13
57,37
29,91
2,108
38,76
93,145
9,146
38,79
88,105
60,52
18,70
72,138
24,1
114,38
147,67
122,72
86,62
12,16
24,114
95,99
69,117
54,122
61,129
24,12
83,20
26,29
51,83
64,97
26,139
123,136
122,90
29,23
112,99
103,145
62,88
148,73
42,85
125,61
77,113
126,133
65,67
25,144
80,11
72,30
20,75
28,18
70,21
107,120
133,1
94,75
93,107
0,146
95,115
38,91
14,124
1,59
134,77
37,34
26,3
118,40
126,71
105,66
7,140
129,145
129,58
100,71
119,21
44,83
36,98
127,60
123,42
94,50
72,91
51,42
114,77
36,45
11,17
18,105
87,25
61,5
143,105
149,144
18,9
35,41
82,67
66,143
144,138
36,112
25,48
137,26
121,0
116,81
111,112
54,7
30,99
46,35
81,52
20,82
116,36
133,68
64,113
59,31
56,83
80,104
16,141
116,3
25,29
30,86
34,107
148,12
88,2
28,138
78,35
32,85
20,24
37,6
37,51
62,52
42,100
9,86
97,8
120,121
26,124
126,27
84,87
79,131
130,53
18,71
122,90
42,79
82,109
66,99
127,29
142,49
43,77
12,30
48,140
124,5
75,121
136,47
111,81
27,133
146,59
76,15
73,60
13,44
94,16
32,26
4,117
12,28
5,123
12,81
61,66
144,149
88,0
78,59
100,117
118,130
110,39
0,146
27,2
74,145
101,12
95,52
77,102
23,80
8,84
9,3
103,31
90,135
41,132
109,114
142,15
63,145
108,133
121,125
38,37
82,62
113,43
3,6
111,12
21,144
108,114
9,133
73,71
113,66
125,120
20,45
15,17
42,5
138,92
142,41
115,74
19,30
128,144
60,122
108,49
47,46
18,19
106,88
60,104
131,145
143,11
60,73
109,114
43,49
128,31
23,109
138,80
127,108
114,77
122,34
139,69
38,112
149,33
32,57
97,142
40,122
14,13
116,81
101,26
82,117
26,32
101,7
102,17
87,53
147,73
49,125
133,17
79,55
10,102
4,54
78,37
116,124
102,48
27,89
67,47
16,25
108,97
19,130
121,114
12,72
59,61
111,28
123,89
38,127
67,74
9,63
125,29
111,132
110,103
39,34
8,87
90,45
130,39
65,21
74,7
40,65
105,127
26,74
86,139
28,61
53,49
54,59
143,135
68,55
32,100
50,4
105,11
12,6
25,96
46,86
117,137
82,101
131,36
8,82
80,30
74,148
34,105
66,95
6,71
96,101
44,23
52,101
66,92
6,134
138,92
79,61
1,12
83,25
77,67
78,22
51,31
18,48
133,139
117,122
51,39
135,120
105,79
25,27
70,41
46,67
68,53
16,84
106,4
1,83
90,17
141,104
24,81
112,7
140,18
120,6
77,148
112,77
5,16
110,122
84,108
0,45
15,144
2,16
37,42
129,102
58,130
142,111
59,103
39,46
93,48
81,140
125,126
129,25
77,44
55,106
30,19
6,108
74,112
56,6
37,5
140,93
114,20
93,10
50,10
143,145
93,80
56,76
4,6
109,119
50,49
44,83
146,29
78,142
130,135
113,34
109,124
100,69
9,71
54,145
98,106
88,61
94,100
40,9
107,16
73,127
29,67
137,24
81,102
1,27
70,58
77,5
24,6
106,118
77,69
104,6
84,51
31,120
37,127
42,5
105,10
11,39
148,1
143,147
46,84
44,105
135,137
140,83
56,38
45,57
146,8
16,8
117,51
24,140
40,21
76,107
2,35
71,11
56,39
79,40
97,38
132,109
111,74
69,114
25,22
90,98
114,112
142,78
83,34
45,54
97,61
90,68
109,118
30,119
112,33
3,146
112,33
93,69
133,132
141,115
131,125
12,19
15,13
98,84
27,94
83,21
67,142
116,55
17,101
66,57
63,15
6,75
51,110
87,146
13,115
119,88
71,119
3,53
69,131
136,137
126,88
49,30
130,84
11,28
101,38
35,138
53,91
58,90
22,63
111,101
0,138
109,71
21,23
99,10
117,17
11,39
40,136
146,44
134,95
17,108
2,50
135,85
1,15
111,138
118,56
77,70
10,122
93,29
117,92
40,30
124,39
97,97
93,143
117,14
21,61
132,129
144,23
146,88
95,79
148,36
56,117
84,51
49,70
29,129
6,53
117,45
129,84
113,145
29,102
119,71
8,35
27,24
129,6
117,98
30,142
108,39
106,146
2,147
61,96
16,58
40,47
97,67
85,141
36,94
81,125
28,108
34,58
124,127
25,28
0,132
68,2
146,113
119,87
37,47
48,5
69,2
146,19
28,9
78,11
137,146
135,65
121,30
135,78
103,97
92,17
2,119
36,106
79,6
122,57
90,31
21,8
69,25
59,73
138,15
30,12
69,8
93,81
141,13
3,71
74,92
83,146
32,57
3,129
27,91
24,52
40,83
19,122
140,46
68,118
61,44
88,69
93,8
118,137
77,60
125,135
42,111
55,78
37,85
36,140
64,40
120,93
3,71
135,117
16,114
80,33
42,34
0,47
38,0
137,123
9,128
120,62
55,130
44,3
84,104
140,127
28,90
125,141
7,50
113,2
40,65
95,16
127,92
42,9
107,116
104,121
71,114
38,79
145,18
139,127
105,97
101,111
23,146
69,130
117,116
89,83
73,34
97,55
85,96
77,107
72,44
127,88
143,134
138,119
92,137
110,56
52,43
139,28
98,39
88,124
140,75
110,106
124,105
75,115
8,141
34,31
45,66
29,112
121,64
63,24
34,123
59,124
77,120
17,1
61,86
121,142
74,140
60,110
74,35
101,37
21,104
115,81
140,79
7,33
28,5
37,99
62,17
10,26
29,145
106,67
5,65
110,95
148,7
88,104
55,78
27,19
69,62
95,67
60,34
29,48
51,1
113,52
38,5
135,26
84,3
88,120
87,139
58,28
98,57
100,29
104,59
34,0
39,89
52,3
38,138
142,95
113,72
96,57
14,29
15,21
0,98
81,78
148,1
93,103
63,70
42,27
102,146
50,31
50,52
93,62
64,91
118,89
103,34
130,32
125,133
41,80
5,41
123,4
19,56
87,142
122,54
81,21
130,28
109,121
71,97
8,41
118,68
45,28
10,25
121,81
113,83
43,148
31,64
65,116
9,112
100,80
5,10
55,10
1,147
33,121
40,64
26,51
51,144
32,0
88,49
64,15
48,59
44,54
23,77
48,4
122,90
77,120
23,45
71,110
60,63
98,86
140,137
35,143
59,61
134,132
126,121
96,93
24,128
73,22
106,123
71,118
26,60
132,78
56,149
115,93
111,43
53,93
35,37
36,36
127,131
94,116
89,119
62,13
3,32
76,111
124,59
34,91
94,29
31,76
40,97
7,24
32,137
96,68
71,70
149,45
8,61
94,3
68,12
133,22
110,34
59,33
55,54
33,121
5,123
52,118
98,4
96,139
49,103
101,11
36,103
129,45
88,47
21,56
118,0
59,111
145,146
77,74
71,81
8,42
91,74
48,40
29,26
112,54
37,144
109,133
5,3
122,143
99,106
77,87
53,102
108,109
45,61
66,41
50,75
42,1
101,89
44,93
37,104
95,53
63,71
5,16
20,98
122,123
75,123
19,123
137,68
74,83
67,8
59,125
66,59
101,100
29,94
80,137
135,57
129,10
137,31
87,134
123,92
129,15
94,11
116,46
81,66
143,48
125,142
40,86
61,70
55,113
148,108
6,5
26,58
144,87
27,121
25,58
114,103
82,79
12,9
71,2
108,99
40,31
127,127
76,43
111,46
110,95
25,111
116,124
39,19
70,121
42,67
58,87
60,56
124,45
27,12
104,123
66,135
46,37
23,81
52,49
76,102
93,57
44,78
126,69
10,27
143,24
93,141
90,29
124,137
83,33
51,86
45,108
91,140
140,12
97,68
99,133
84,98
15,127
19,61
133,38
74,78
51,32
45,13
65,9
47,15
38,132
45,3
88,12
19,4
145,48
94,104
23,62
118,68
23,144
71,20
31,59
103,67
120,24
108,46
140,143
92,11
30,83
60,98
92,107
92,73
100,47
6,136
15,148
77,129
118,49
89,97
48,49
15,135
72,118
110,101
61,48
112,106
6,130
55,0
3,109
57,100
11,105
137,117
0,1
139,102
35,6
66,57
26,113
90,133
119,106
136,120
77,99
113,106
40,85
11,39
89,84
63,23
31,69
26,99
93,135
54,8
20,102
42,89
47,54
20,116
18,125
61,141
119,8
41,67
63,85
18,82
30,125
124,82
83,118
69,40
117,112
107,72
48,13
30,62
116,112
21,124
60,72
63,138
126,101
68,21
42,110
70,71
54,40
97,27
10,121
85,89
133,69
77,46
128,144
106,65
16,8
124,25
133,133
114,80
35,36
104,66
141,24
61,82
7,52
61,37
147,0
134,55
41,127
93,77
137,149
95,116
66,43
145,92
115,3
92,145
128,7
30,105
101,112
44,83
135,73
44,19
1,17
76,49
138,56
19,129
12,22
58,140
25,101
3,0
24,120
141,50
51,126
64,118
90,96
128,4
61,97
102,132
17,35
51,59
52,21
48,76
102,52
32,82
31,104
90,142
119,92
50,50
4,119
54,123
75,143
1,100
119,17
147,67
136,138
34,22
65,137
42,17
120,86
136,20
141,99
45,56
48,13
16,111
59,118
121,11
94,149
77,134
18,45
90,21
95,72
133,69
16,0
56,54
75,109
83,41
75,135
142,50
101,69
8,68
46,17
125,131
79,44
19,89
132,7
103,146
117,63
99,95
32,119
119,27
80,92
46,146
98,64
27,27
27,32
18,84
113,10
72,44
79,34
120,37
1,140
93,115
110,53
16,56
67,84
61,133
87,126
127,145
14,91
146,31
113,115
56,119
22,96
14,124
113,113
36,61
113,24
37,144
47,14
97,54
124,97
41,67
115,129
56,149
19,90
135,81
139,106
110,1
47,11
121,15
90,127
85,9
111,66
125,64
126,119
10,13
13,148
79,25
121,33
79,107
45,66
97,9
35,146
137,97
37,78
67,136
68,32
138,147
69,144
127,76
87,100
148,73
43,46
70,115
71,113
60,33
68,148
124,141
121,142
35,66
47,81
25,86
73,125
44,104
16,25
5,124
112,71
92,127
6,0
113,73
33,112
77,102
80,81
72,115
15,96
140,77
109,124
125,132
69,121
23,67
12,138
94,56
149,125
27,107
3,100
25,98
56,76
12,107
13,3
17,32
81,114
6,66
34,76
23,114
79,35
37,41
125,88
105,94
105,97
92,54
115,108
78,58
69,114
115,100
65,145
61,81
58,132
108,81
35,68
7,12
16,107
101,87
19,86
48,111
80,28
91,96
126,100
39,121
39,140
33,9
99,39
69,141
75,89
53,28
26,2
109,47
70,21
9,37
23,90
6,29
37,25
107,18
80,81
126,144
24,44
140,58
16,36
12,5
13,105
114,79
113,37
35,104
9,111
125,40
14,3
145,26
44,124
138,18
93,131
4,79
75,107
11,127
2,37
71,70
15,91
93,133
4,44
82,14
90,103
34,24
139,52
25,46
46,122
86,124
79,134
128,122
97,12
97,27
12,119
32,65
59,145
114,15
118,91
149,52
109,63
38,102
38,86
76,16
137,25
93,88
132,8
114,24
27,19
37,78
27,28
14,113
40,63
80,108
71,103
133,145
116,126
129,102
74,91
66,30
113,111
138,6
128,139
64,9
18,51
76,50
78,12
32,25
23,127
90,107
85,117
46,141
142,149
36,21
43,2
3,33
84,38
131,83
2,93
72,96
74,20
83,72
79,124
64,70
84,125
134,100
18,31
51,54
25,4
22,113
98,56
22,69
9,82
26,103
6,13
96,89
24,76
140,68
137,72
117,34
41,64
16,89
83,34
58,101
149,56
72,139
5,71
123,103
36,30
68,129
82,62
114,49
124,30
37,22
125,82
43,116
58,139
58,90
5,83
122,68
45,77
2,50
61,88
69,93
107,69
148,88
24,17
66,27
25,144
32,102
94,47
5,40
146,26
100,119
27,46
56,138
124,127
138,11
8,145
85,9
138,105
126,97
74,106
99,70
122,107
72,2
41,141
20,65
82,76
129,137
86,130
60,21
6,130
60,101
64,140
48,18
36,112
96,113
110,9
35,124
31,118
74,146
9,18
149,17
114,77
103,95
78,98
148,30
84,5
52,84
40,62
19,45
149,78
120,79
55,45
144,136
106,149
16,94
108,89
27,30
58,103
149,132
104,34
116,64
80,78
19,64
131,43
119,25
48,24
129,139
79,54
148,2
107,56
87,93
34,93
3,59
35,4
92,51
139,110
9,149
29,83
24,78
99,109
75,129
129,34
110,82
41,6
40,87
24,114
110,18
143,90
103,73
132,65
26,93
37,18
91,47
32,113
55,11
140,92
149,134
112,85
87,32
98,32
38,126
56,80
68,39
137,55
90,52
122,126
10,50
99,35
1,78
33,72
107,63
32,64
84,25
83,1
54,91
100,74
48,12
76,67
122,41
119,116
93,120
140,58
37,46
79,123
105,114
12,25
38,3
4,103
85,122
16,71
77,105
99,126
66,77
3,129
67,136
8,37
106,49
1,86
69,105
43,105
40,52
77,37
41,57
89,24
133,5
101,4
79,9
35,95
50,56
95,143
86,6
38,112
77,18
132,105
126,68
64,85
132,36
36,114
26,62
104,84
118,103
62,141
23,91
105,80
5,57
12,132
21,101
67,128
39,113
35,12
89,36
67,4
109,124
2,84
36,141
32,28
39,129
67,37
95,131
35,90
47,120
120,97
51,94
118,15
108,101
101,102
122,48
130,127
82,104
6,3
94,110
78,22
16,17
138,145
69,56
123,57
131,126
27,132
5,116
106,138
92,55
12,76
86,118
147,131
98,130
42,72
105,4
62,147
53,76
10,125
120,123
6,5
28,108
58,112
42,61
32,65
48,19
33,13
132,86
1,142
63,80
77,47
146,47
45,135
101,57
48,62
6,96
49,19
39,67
65,49
6,87
44,53
77,12
66,15
68,101
41,64
88,90
20,112
93,52
138,90
32,103
38,28
87,87
10,100
131,140
81,36
65,9
71,85
37,118
43,51
17,87
82,0
122,34
42,53
25,37
36,66
138,146
124,55
44,149
76,38
147,101
61,111
17,32
123,37
84,72
1,32
65,121
37,139
92,35
78,113
98,127
11,134
66,110
144,82
142,35
130,131
46,1
83,67
87,3
99,74
67,22
141,80
141,16
28,89
17,46
13,77
134,19
3,23
124,96
131,146
99,140
81,107
129,71
98,96
16,121
131,133
52,53
111,102
111,85
100,87
80,64
136,146
52,144
135,127
95,89
5,54
142,46
135,12
14,37
45,138
122,48
22,45
105,34
36,119
113,106
76,117
134,31
34,125
0,130
102,106
137,115
133,99
42,52
23,126
38,108
80,99
9,122
61,105
57,149
127,126
108,32
97,31
1,119
133,7
87,0
132,57
35,61
60,47
77,5
50,117
108,44
86,116
121,5
10,99
84,134
60,35
84,93
84,27
110,80
30,98
44,100
11,26
51,116
108,19
88,76
95,28
24,41
145,108
70,83
1,35
67,10
20,0
145,137
96,13
66,109
134,25
35,137
32,79
106,54
36,109
145,74
7,61
106,42
127,26
1,145
113,90
124,43
94,30
121,63
10,131
86,27
80,28
82,51
140,126
135,51
76,65
73,49
27,99
104,72
122,142
99,51
130,82
70,135
86,40
143,27
134,101
78,93
32,23
16,48
89,126
34,77
39,87
45,52
143,123
66,34
8,111
72,83
121,8
142,45
26,32
84,71
69,47
140,41
8,72
90,46
22,1
116,72
85,3
61,35
96,131
143,105
4,133
46,13
122,39
14,58
74,43
79,143
23,16
62,81
97,109
111,15
126,23
49,8
32,123
145,131
149,56
75,25
90,52
6,79
9,89
79,126
104,115
14,107
144,143
14,126
149,103
25,76
33,64
43,99
20,40
28,149
14,82
27,138
144,12
44,22
115,64
10,139
127,78
94,68
25,134
25,43
19,34
55,21
78,54
17,25
25,90
120,6
1,106
100,119
51,86
66,17
123,51
95,46
99,68
79,94
94,109
40,71
67,80
40,97
115,38
143,33
51,88
132,76
139,136
95,107
111,103
96,40
37,101
141,15
115,91
39,17
86,139
111,19
19,118
83,103
118,50
108,50
105,130
4,23
37,110
119,118
147,37
94,39
22,58
96,16
86,105
139,48
38,11
120,48
115,44
37,24
134,41
88,98
52,134
24,22
130,136
135,100
47,34
72,69
37,36
118,122
73,117
83,54
36,96
7,144
136,69
117,127
84,142
131,149
135,111
2,21
116,100
79,7
101,38
4,78
46,7
1,20
118,132
64,94
105,50
106,24
85,17
71,104
59,23
73,100
101,149
4,83
70,54
122,24
103,101
63,8
115,14
137,121
109,3
104,4
80,132
95,32
28,116
40,51
13,90
75,9
122,25
64,105
148,140
116,20
93,25
94,24
73,38
36,145
98,70
89,12
19,70
53,9
117,41
61,115
141,36
62,140
67,131
102,35
134,139
61,91
75,56
78,28
106,14
36,83
41,146
55,26
35,113
115,117
134,68
58,38
30,5
47,110
87,72
37,28
146,70
8,100
102,66
55,1
147,113
96,15
16,43
20,93
54,38
115,38
94,44
22,14
85,69
94,88
124,48
59,63
21,81
15,5
30,102
45,66
40,76
10,79
123,40
23,62
6,31
107,95
72,135
17,62
87,110
25,48
27,13
41,41
59,30
30,20
26,12
143,119
32,88
99,67
42,4
103,61
149,43
100,95
82,141
122,30
65,85
134,97
37,146
25,138
71,126
0,145
71,45
51,144
87,103
134,22
75,119
82,106
117,63
29,44
137,1
43,92
133,8
26,6
73,63
29,101
146,87
44,63
66,31
72,9
148,55
72,124
148,146
49,81
49,134
89,37
70,25
146,58
111,106
63,78
144,19
19,77
31,13
14,140
54,79
23,111
102,73
132,102
19,16
21,111
29,107
16,28
49,101
7,68
43,123
121,42
129,120
96,102
123,142
4,124
6,123
57,50
2,88
41,111
6,50
59,72
67,66
112,6
24,16
89,14
123,35
43,27
108,55
125,70
48,131
139,34
101,30
17,75
74,62
70,60
135,0
65,145
44,143
46,126
108,111
104,118
18,22
50,80
84,63
130,70
33,130
127,74
107,41
38,114
66,107
36,126
1,14
31,125
57,49
123,53
13,25
4,55
40,14
6,46
99,59
119,118
102,129
91,41
30,52
96,117
78,30
53,28
50,117
28,14
133,33
76,94
145,38
77,99
27,142
98,29
2,22
5,81
79,85
16,79
91,70
67,9
51,59
92,77
10,95
116,140
116,130
28,148
48,47
12,95
71,74
65,85
64,54
133,2
64,58
11,62
143,21
99,90
107,83
62,114
133,149
88,83
45,28
51,96
128,108
10,59
142,126
23,28
126,108
84,87
24,10
129,69
50,125
108,148
32,101
110,65
129,86
17,7
10,131
61,32
65,11
120,47
71,67
82,57
146,96
0,84
108,56
118,73
100,23
29,92
58,28
1,101
84,134
43,47
92,59
57,87
128,48
85,142
40,53
81,43
115,148
148,89
147,72
90,89
136,131
98,146
149,145
109,21
70,60
106,131
137,21
82,33
139,148
141,149
59,10
119,78
23,63
60,80
131,137
16,97
146,123
57,142
66,36
62,38
70,79
99,63
18,17
40,145
105,27
77,142
58,75
124,112
149,87
20,107
51,69
3,57
124,29
113,97
62,147
64,82
117,98
39,89
6,125
4,96
109,17
52,109
10,45
99,32
51,6
120,16
56,125
22,26
78,144
145,35
44,72
125,46
98,83
105,108
44,24
65,1
143,82
32,118
98,121
29,28
10,127
31,47
87,24
121,41
55,55
106,83
22,25
126,139
58,143
110,115
66,143
15,84
28,108
7,66
143,38
69,114
87,41
149,138
114,71
103,62
137,40
41,149
53,17
139,33
149,141
115,110
82,81
95,14
98,122
74,58
51,109
25,12
89,118
135,28
64,43
91,118
149,77
73,77
59,121
116,125
127,21
1,82
47,134
49,98
65,127
61,119
74,61
29,47
8,125
54,63
56,136
52,15
134,10
98,13
78,137
62,101
15,123
119,124
24,45
138,146
48,136
88,108
110,4
130,123
96,110
6,134
143,5
71,83
83,12
49,130
116,68
8,16
89,79
49,8
129,62
126,28
91,90
37,59
146,68
70,144
49,138
79,39
54,30
98,78
117,112
75,79
16,136
143,87
52,59
112,83
29,71
19,69
5,42
44,2
111,143
101,53
125,136
76,115
96,130
133,117
87,13
139,56
86,74
35,86
106,20
51,126
72,124
142,73
14,46
50,94
73,35
137,75
102,57
42,13
123,84
31,47
114,7
43,91
73,147
62,25
29,53
43,18
25,103
149,98
109,70
82,15
88,121
58,129
74,103
13,44
116,66
96,89
69,143
102,38
51,144
31,109
72,99
93,9
131,10
114,75
74,113
145,102
88,66
126,82
35,57
125,144
38,119
32,44
128,86
48,29
144,8
80,34
60,21
119,109
46,27
73,21
123,100
18,102
102,34
99,28
24,98
103,28
112,69
118,52
63,124
20,124
43,91
103,77
148,106
134,88
144,71
18,114
23,18
60,38
53,48
29,44
92,22
129,22
82,126
62,47
91,85
66,83
41,41
7,68
66,63
141,120
113,38
4,11
134,79
64,111
98,65
21,69
104,23
82,38
51,12
149,97
136,129
95,5
95,102
17,119
34,91
140,96
86,10
44,112
81,134
106,89
36,97
48,148
147,128
100,93
84,51
101,127
36,73
18,75
145,77
138,90
123,39
109,24
108,34
117,71
30,17
12,78
50,9
68,121
63,104
125,22
27,33
23,118
27,105
63,44
66,149
1,4
76,59
58,0
69,58
89,140
100,52
27,46
143,75
109,102
58,144
130,127
62,72
74,79
44,95
99,22
114,104
25,80
145,1
41,88
141,118
48,20
6,76
128,100
139,129
130,130
81,28
65,102
33,90
136,65
24,118
78,135
113,7
67,133
7,70
143,46
81,107
144,122
93,78
63,7
16,132
13,89
8,79
47,116
79,2
6,11
31,85
26,68
63,82
55,104
20,136
83,32
137,28
139,18
33,27
2,55
51,101
90,86
142,17
50,26
27,39
37,111
13,56
133,71
45,68
117,142
34,85
144,103
109,60
52,34
103,9
101,11
47,72
144,11
98,45
18,42
51,90
109,92
107,12
135,48
126,59
54,45
112,41
49,79
26,98
141,120
110,24
34,63
142,80
141,8
92,19
30,130
53,114
25,135
93,16
65,129
30,5
53,16
131,111
124,75
74,133
19,36
4,127
11,142
85,3
93,133
149,96
24,139
31,143
122,107
5,142
26,114
55,147
73,93
106,21
140,93
20,74
127,50
15,37
124,133
133,89
61,88
96,54
13,100
24,52
135,139
146,31
51,38
122,106
106,92
132,125
102,140
92,16
137,63
30,13
56,130
94,26
57,141
144,13
138,149
84,108
36,51
49,16
118,106
125,10
82,124
27,103
0,73
82,133
139,128
9,41
8,116
25,37
92,81
9,70
59,138
139,6
147,95
87,131
110,110
119,50
133,92
16,117
44,7
100,78
5,24
99,141
6,136
131,60
125,38
109,129
141,79
85,15
5,61
28,3
102,112
58,128
10,117
82,5
8,14
28,142
148,141
142,97
113,21
35,22
128,111
1,134
49,114
18,80
136,43
145,125
112,69
9,10
44,24
86,68
6,148
64,48
103,141
17,63
59,74
2,98
14,82
29,74
88,50
86,117
17,113
81,59
10,26
15,74
144,46
30,7
74,121
64,127
103,3
102,6
8,135
39,141
28,105
126,81
94,131
66,19
99,23
2,66
53,134
141,109
5,73
69,46
135,30
102,119
134,20
48,65
132,95
19,3
67,12
32,21
136,95
92,64
132,46
11,8
104,131
9,86
35,133
60,19
148,84
15,88
149,84
102,77
121,78
83,7
40,81
122,79
27,81
69,8
39,67
8,142
88,45
71,127
11,85
4,109
52,39
146,99
86,132
16,148
110,4
128,53
67,144
55,139
136,120
9,95
82,71
40,132
68,127
131,133
84,20
81,132
100,1
1,115
82,120
84,86
29,19
39,88
144,16
34,126
17,127
21,32
1,146
109,66
44,125
131,144
55,19
45,27
92,91
12,55
83,5
31,12
1,117
15,33
125,10
23,84
82,89
54,25
37,60
15,27
68,17
41,79
50,44
12,65
56,143
72,39
61,13
133,112
99,34
118,72
149,138
101,122
53,67
86,19
15,78
96,4
53,58
105,100
136,39
38,43
102,88
10,60
19,105
13,148
88,144
104,83
140,67
57,49
37,27
131,31
102,79
91,102
109,114
97,24
121,20
2,34
15,26
145,95
25,122
90,16
38,59
124,44
57,74
62,75
149,54
130,38
3,85
35,120
54,51
13,68
72,116
82,96
69,105
114,20
74,52
68,69
106,29
133,78
10,126
37,141
95,29
133,91
16,30
56,51
80,9
58,54
46,107
146,83
52,49
74,67
117,123
34,107
18,30
43,147
69,113
70,3
145,147
70,121
88,66
81,22
142,100
18,82
146,79
22,119
142,148
76,38
22,42
67,25
34,107
145,116
29,24
113,107
60,147
50,46
118,15
61,132
111,5
123,93
78,36
1,145
72,24
60,21
24,52
130,110
50,59
72,102
45,96
79,80
135,95
101,129
20,89
117,75
127,127
51,134
100,138
49,35
59,31
136,132
9,128
86,104
54,89
42,38
138,103
93,45
18,21
138,51
133,3
53,90
78,122
66,63
109,86
133,14
90,47
29,77
93,21
38,64
51,42
55,18
98,105
3,140
54,9
55,118
30,14
100,105
1,105
28,15
149,26
98,124
47,81
70,144
128,8
144,136
84,107
116,22
14,115
38,32
140,130
47,24
26,2
30,40
88,122
116,23
117,97
148,70
133,100
146,137
144,84
9,57
13,28
134,61
91,62
16,34
73,24
83,107
80,136
79,64
132,139
56,63
72,39
117,4
96,130
106,80
24,84
78,16
67,21
22,142
35,63
14,60
86,121
109,33
54,15
31,34
137,24
88,105
6,79
39,54
1,115
129,146
10,112
1,23
62,84
71,131
26,14
3,111
128,33
81,124
21,74
57,115
55,146
56,11
71,22
116,71
149,66
7,108
24,21
123,81
22,22
128,114
73,36
8,66
55,91
68,57
69,108
95,78
24,79
119,52
131,148
98,135
98,122
149,4
86,9
44,62
84,131
137,48
9,141
14,82
137,91
55,4
1,99
135,55
126,71
109,93
68,6
80,67
43,65
47,98
145,37
58,37
48,45
36,87
42,115
149,117
139,66
42,97
22,139
94,19
38,102
117,13
45,112
90,117
38,94
14,99
95,99
19,27
133,72
19,37
77,111
0,139
34,12
51,115
121,32
6,92
17,18
82,133
75,62
60,129
22,5
2,48
46,9
113,73
139,39
22,105
31,19
56,26
20,36
65,109
18,71
99,65
123,76
62,21
32,120
119,110
19,65
25,48
138,140
77,70
98,62
141,82
117,120
15,11
106,12
137,147
41,86
90,41
31,126
19,88
46,44
141,42
31,102
134,120
70,148
136,28
109,1
129,52
117,96
92,65
75,71
12,32
90,85
77,38
24,114
101,73
31,4
91,28
80,83
111,112
20,51
45,24
115,22
19,130
125,50
84,121
38,18
3,147
48,56
145,20
48,16
16,149
77,2
145,73
55,36
13,17
124,21
146,76
63,143
116,6
7,51
100,120
47,17
134,145
15,42
101,78
117,67
77,25
6,142
13,128
105,91
94,29
149,20
20,120
117,35
52,108
98,128
80,25
25,97
50,7
10,35
60,129
13,45
84,131
68,72
106,131
86,1
39,83
69,64
43,12
86,106
46,74
37,34
136,80
62,78
101,51
42,134
7,72
9,7
55,94
18,12
39,114
138,99
66,102
17,52
51,102
57,92
70,78
7,90
23,49
92,129
141,41
48,105
19,95
111,27
1,81
149,15
92,19
149,86
120,144
115,101
89,93
127,42
60,97
87,58
94,113
67,41
10,46
119,3
20,121
115,46
136,11
105,37
10,68
143,98
137,82
19,128
57,26
140,130
37,140
34,115
147,13
1,68
84,26
89,63
140,86
60,59
29,63
131,118
28,105
111,83
72,2
54,35
9,112
79,85
108,55
129,91
116,74
87,82
134,107
74,103
99,30
7,84
148,118
109,33
6,119
56,33
22,127
142,30
16,70
144,33
126,102
123,31
81,4
97,103
55,71
61,41
52,68
43,39
96,89
140,148
124,141
49,142
37,37
4,93
23,110
105,17
66,51
11,118
63,132
6,42
72,68
44,47
55,114
62,137
107,61
62,49
48,100
123,14
11,145
15,69
85,100
132,40
19,97
147,107
70,87
40,52
69,122
141,1
67,104
5,9
73,44
140,76
100,49
25,116
58,53
147,13
104,145
2,103
93,147
37,105
73,100
18,65
17,57
106,56
117,43
73,98
77,106
81,46
12,129
28,10
22,15
66,63
27,80
22,121
97,147
4,16
14,110
149,43
29,79
29,97
24,73
148,13
105,20
126,48
55,146
103,42
87,142
22,8
132,53
87,7
54,73
98,48
90,53
137,34
73,96
62,66
37,62
67,0
30,7
116,39
6,55
131,34
113,46
98,44
30,1
37,23
140,131
132,4
19,58
71,65
4,51
51,2
51,69
136,58
30,58
92,132
148,2
1,13
37,86
96,78
138,31
84,127
116,76
133,21
39,83
107,27
55,141
135,53
15,73
35,57
98,33
145,78
22,11
53,46
28,127
112,30
69,41
106,6
36,75
49,83
96,122
140,121
26,45
27,128
120,52
53,137
21,143
108,62
90,112
8,20
55,115
133,64
107,110
25,96
86,99
126,80
29,14
87,127
134,63
72,24
83,138
93,67
149,124
20,23
115,100
48,132
88,139
111,31
46,86
86,139
93,118
54,147
140,74
26,100
103,104
149,111
29,38
121,113
142,75
62,128
38,42
130,36
110,129
78,49
88,61
96,12
147,22
75,2
80,95
7,21
91,49
77,137
126,73
62,43
35,118
117,10
117,40
73,58
24,44
47,70
39,131
131,9
34,103
45,36
50,144
121,38
43,105
103,32
41,44
24,144
97,118
46,0
117,116
90,63
21,47
116,147
120,16
98,130
49,120
131,106
123,61
17,23
143,30
101,123
115,77
53,29
126,74
7,135
97,17
24,64
74,87
117,44
23,73
77,112
5,41
14,138
118,36
15,40
3,31
54,102
35,42
45,18
65,114
109,41
119,114
135,18
100,88
29,54
44,64
78,144
26,38
36,54
131,20
11,102
90,145
4,116
132,22
68,80
72,0
7,143
128,148
27,21
78,56
100,12
7,108
36,87
123,85
27,75
82,46
3,104
0,136
12,148
116,82
85,78
33,119
24,137
19,116
83,80
65,123
47,3
55,50
92,25
114,130
49,51
52,20
19,86
135,52
10,114
126,86
18,82
116,100
123,103
0,60
4,122
42,82
70,124
102,36
93,44
114,103
56,128
109,24
25,49
149,60
129,96
62,60
136,121
8,119
32,56
87,23
143,37
54,54
96,110
29,124
45,129
126,30
35,18
31,6
114,133
121,98
86,100
119,3
20,144
37,3
127,24
108,63
32,72
85,24
7,103
49,98
100,67
94,101
50,58
84,140
136,67
99,123
92,33
8,44
16,136
13,52
138,114
118,16
29,20
116,123
87,10
18,139
42,11
119,96
136,54
131,134
110,146
80,51
72,90
115,132
109,0
28,94
30,45
72,60
145,50
94,47
22,143
126,27
33,79
59,119
130,138
142,128
15,82
31,121
42,121
103,120
100,67
21,148
103,139
76,122
145,113
76,46
101,43
4,22
95,128
28,56
13,108
67,120
39,100
7,131
54,70
97,50
129,62
131,26
49,23
138,15
22,142
145,77
124,67
140,24
75,101
10,130
57,125
76,127
5,143
61,49
82,79
57,130
148,145
60,135
16,133
140,1
146,73
34,125
104,44
121,121
10,92
20,98
134,5
96,46
41,112
115,36
46,107
75,108
113,34
12,84
43,33
71,71
130,67
12,14
34,99
149,136
140,41
38,126
121,139
6,143
81,146
5,122
143,5
75,99
41,143
44,24
136,36
90,65
17,138
7,10
78,53
118,138
35,53
126,25
132,77
10,23
104,129
67,28
141,0
62,66
122,62
104,58
29,10
67,48
92,111
126,106
143,118
120,149
137,13
119,87
52,147
12,101
23,130
70,92
84,56
34,107
117,101
83,119
60,55
145,14
140,37
80,64
16,91
42,4
37,73
70,27
32,30
118,27
102,70
71,124
33,132
70,105
118,63
116,145
125,114
15,83
136,143
27,100
60,128
148,114
116,20
53,88
1,62
124,44
95,86
35,146
31,22
71,78
2,90
110,71
142,2
129,56
98,3
77,15
3,97
131,128
44,122
86,32
66,37
76,33
79,88
11,103
1,135
58,23
2,37
94,53
141,104
133,55
11,144
134,107
110,32
86,28
3,62
52,112
93,83
21,47
20,21
78,47
76,129
100,75
27,37
101,75
62,46
65,128
67,105
55,74
22,131
13,72
79,30
116,25
71,56
120,1
148,132
133,81
32,126
74,123
67,50
122,48
58,45
31,41
114,127
79,102
61,13
80,44
56,35
35,115
58,67
23,92
6,4
43,86
0,137
68,116
49,33
34,93
137,60
65,80
83,29
89,114
64,144
96,51
130,93
69,74
27,20
40,129
84,15
102,138
116,94
16,137
103,19
149,9
113,12
138,61
43,8
85,9
4,118
122,16
32,125
36,137
97,82
59,83
38,144
18,112
79,91
91,137
85,133
57,69
12,86
58,149
113,98
120,34
113,41
140,27
133,140
68,63
130,24
15,94
13,89
92,53
143,4
64,98
137,73
6,128
54,33
89,65
38,89
0,121
24,8
27,7
131,114
100,9
62,24
113,72
148,51
4,44
23,27
144,127
62,53
17,92
110,147
78,100
116,25
124,20
48,146
44,45
92,72
53,39
33,89
146,110
23,50
98,148
47,94
89,17
85,60
97,35
8,45
69,71
24,65
97,133
17,56
99,27
95,44
25,99
8,50
77,19
56,48
78,130
120,42
112,18
30,135
115,77
59,110
40,77
146,142
4,10
98,127
118,34
119,85
137,60
66,20
82,79
48,116
47,130
33,77
79,6
18,102
121,73
139,52
57,9
61,139
18,28
43,11
105,148
113,1
18,15
42,31
57,109
86,41
60,110
28,111
73,103
74,73
2,97
78,93
74,56
96,138
85,47
106,44
20,144
81,39
110,64
69,118
37,11
65,3
70,34
91,18
9,105
100,13
114,71
89,77
30,70
136,51
26,138
34,53
25,68
111,138
77,94
62,95
102,49
62,120
80,22
7,126
100,105
147,21
31,93
96,43
20,126
80,1
4,117
93,40
137,61
97,1
25,26
97,73
39,60
90,65
80,81
41,61
81,133
68,105
31,110
147,6
126,116
41,77
130,76
87,84
50,3
101,18
63,132
135,145
49,49
96,77
10,95
43,21
41,125
138,67
31,65
135,56
2,73
43,37
101,130
101,107
51,67
38,3
100,27
29,115
55,112
62,106
66,38
1,91
102,31
142,103
122,117
122,99
134,44
2,122
143,69
86,10
128,55
149,136
96,17
12,125
51,100
43,9
46,57
102,102
77,3
35,10
142,21
100,132
110,2
102,23
66,106
115,98
1,19
90,50
95,149
58,97
138,4
92,114
96,97
11,79
116,110
99,39
116,24
67,52
109,66
94,96
8,145
78,28
113,79
126,52
127,26
98,68
116,82
118,48
63,94
13,142
120,118
99,4
0,48
93,118
50,46
43,88
127,123
86,32
124,114
12,135
116,13
75,130
3,28
53,137
55,62
19,101
70,148
79,144
3,116
70,86
27,146
90,140
124,135
73,3
143,7
24,118
64,34
70,47
45,3
50,86
103,135
29,141
3,67
44,65
147,118
16,87
40,119
98,15
49,61
55,111
68,136
65,47
109,95
104,117
14,56
113,72
65,91
65,131
63,1
35,27
114,10
148,117
38,68
90,74
43,28
10,62
7,111
113,81
64,0
74,27
1,38
123,66
31,62
14,75
71,76
48,113
5,44
47,18
91,127
114,136
45,78
24,18
9,62
24,44
1,6
46,43
94,136
116,67
102,103
117,1
0,47
116,145
66,36
23,65
68,134
125,42
122,55
4,99
129,23
131,28
2,89
99,93
126,56
105,62
63,141
148,146
37,134
87,10
65,117
104,83
143,127
42,25
68,130
89,7
119,63
106,17
112,124
10,87
41,111
122,47
37,111
121,18
48,87
133,119
59,43
109,12
27,143
109,144
49,31
132,110
33,123
129,76
67,89
47,146
147,91
81,95
27,20
117,82
137,96
59,15
117,126
140,38
109,97
135,3
83,48
57,57
140,126
56,149
51,3
93,88
55,130
109,83
23,21
59,90
106,49
75,2
108,139
51,118
11,112
26,77
59,144
135,63
72,128
14,8
103,116
20,2
23,95
28,87
33,20
62,139
99,36
20,14
125,47
111,91
71,0
149,134
47,70
84,131
66,140
23,81
32,21
36,1
119,21
78,108
3,147
49,142
42,58
113,142
53,85
36,134
38,18
73,101
59,90
147,5
55,52
59,38
25,102
53,123
130,19
47,138
66,148
127,43
109,144
127,103
105,119
147,136
144,32
98,82
115,23
84,30
86,117
45,56
0,0
85,73
11,57
80,73
14,140
14,100
43,102
139,126
90,54
47,43
148,52
32,147
105,105
94,80
41,54
100,80
8,118
70,21
123,100
48,73
126,119
29,122
47,115
49,6
41,110
0,39
121,78
86,103
71,26
71,120
6,40
30,135
139,27
18,81
138,148
149,62
92,50
66,74
105,118
28,80
126,105
119,93
146,129
110,46
58,83
95,10
30,138
107,141
142,56
13,35
92,140
51,33
56,46
69,123
59,144
39,35
7,101
24,87
43,45
130,61
96,43
4,58
34,40
121,144
8,44
98,65
123,93
84,39
81,23
140,91
108,52
9,97
49,75
117,28
66,117
134,139
51,89
110,15
42,24
27,34
100,90
126,37
120,100
51,55
40,19
148,23
59,127
32,106
114,120
2,82
61,84
47,55
51,53
26,63
63,146
63,28
4,111
120,63
108,105
148,38
105,6
97,54
68,49
23,148
129,142
136,88
53,25
54,23
0,122
90,8
26,40
15,1
73,25
123,44
27,78
113,31
39,123
10,129
30,42
119,15
46,35
57,94
69,89
23,61
70,148
88,65
39,27
64,24
101,87
81,93
3,42
86,124
70,62
57,144
138,76
71,93
7,146
64,61
43,143
136,18
82,78
92,101
91,64
9,76
98,85
14,132
137,149
147,87
27,126
81,138
30,7
36,112
78,128
131,26
29,71
88,48
85,135
69,8
75,122
34,56
105,102
133,47
131,87
109,35
3,103
20,19
69,48
124,5
47,74
65,127
38,129
79,41
139,7
123,38
142,32
105,118
106,139
113,33
118,52
97,118
128,31
21,11
114,46
22,143
43,60
116,67
98,71
100,122
31,32
106,71
32,129
46,41
2,103
125,0
84,46
60,8
107,93
70,12
42,71
73,90
138,9
133,131
42,134
89,108
4,92
71,102
49,148
95,48
89,148
47,110
51,56
97,31
2,71
103,103
18,46
127,66
76,32
22,44
94,76
74,37
92,68
70,65
81,122
97,85
121,39
57,147
43,64
31,122
130,133
98,17
88,51
108,38
44,141
58,109
29,97
58,58
18,110
57,23
133,23
56,26
88,35
78,148
54,71
8,33
21,79
112,90
92,8
55,131
97,144
74,34
114,147
97,5
64,3
52,82
39,89
106,6
42,124
62,144
8,130
42,65
24,122
116,137
8,16
141,104
78,5
0,32
51,23
93,38
91,148
9,60
78,18
72,93
23,3
134,27
102,65
53,13
129,33
99,129
47,8
110,11
54,111
26,50
112,41
118,59
87,99
63,84
95,95
21,113
33,48
88,37
131,62
92,38
144,0
139,95
139,138
140,59
28,42
55,84
48,131
68,3
71,50
73,58
14,51
143,147
81,75
101,8
68,100
129,68
94,83
20,127
137,102
37,135
110,21
80,43
83,61
62,98
75,83
75,60
79,93
62,143
91,113
78,70
66,120
118,22
15,4
12,102
85,71
138,132
142,54
87,58
127,137
13,144
127,121
64,123
6,63
61,116
69,105
77,20
73,37
79,12
116,127
2,85
44,31
111,68
88,74
51,120
42,115
126,28
85,125
0,43
45,2
100,17
34,116
141,0
101,149
108,42
60,76
10,56
26,30
98,27
35,99
98,118
92,120
83,118
5,44
108,136
80,54
139,42
132,98
109,108
29,73
15,88
121,49
57,108
47,125
105,135
44,98
44,144
12,117
18,98
61,21
59,110
25,137
138,115
39,147
57,28
110,42
58,148
36,56
13,94
49,81
30,118
2,136
67,143
87,2
57,5
15,5
138,19
112,140
61,57
66,62
46,13
147,84
34,14
40,100
34,83
101,97
70,90
66,0
21,22
83,20
27,22
73,114
60,75
16,63
126,43
25,92
143,0
72,98
29,97
31,70
123,130
13,115
140,29
45,90
11,51
143,61
129,20
29,109
71,21
36,6
129,108
18,77
101,29
38,0
94,81
102,9
143,107
120,20
108,63
63,62
136,66
110,149
143,121
48,56
93,122
22,55
4,81
137,86
97,1
127,9
95,104
8,27
47,98
4,80
64,63
91,1
46,75
108,103
99,86
81,76
30,125
108,60
35,67
14,86
99,129
7,74
142,19
136,9
37,46
73,129
135,99
20,79
126,95
80,133
37,36
51,119
27,76
8,67
41,43
113,110
17,141
57,103
130,122
26,126
111,86
60,144
7,78
141,52
98,27
53,126
47,127
119,127
48,11
52,138
75,143
6,117
67,11
72,63
57,111
9,64
25,148
103,86
101,135
8,52
142,93
86,118
31,114
11,21
125,30
58,142
15,40
121,2
87,8
56,54
126,126
91,4
33,45
117,148
113,0
51,77
63,96
68,11
30,62
99,141
43,147
108,9
107,8
64,87
36,122
41,141
91,130
31,1
101,8
44,93
84,24
49,60
87,132
34,128
24,79
116,47
32,90
8,29
124,54
43,119
68,30
66,148
45,21
39,18
73,56
86,111
93,137
94,134
4,49
95,130
30,129
113,29
73,43
135,38
121,104
3,142
11,100
134,15
19,81
0,72
72,59
26,98
129,95
118,55
85,9
6,134
119,13
1,125
27,22
121,6
134,63
85,126
96,75
85,94
80,132
93,115
48,125
122,134
87,89
134,42
95,98
95,37
57,66
100,120
81,12
41,81
19,117
134,140
112,30
60,100
118,60
64,63
124,110
12,56
95,97
8,97
23,3
64,19
4,72
95,20
63,0
10,40
130,119
127,114
1,135
19,57
59,35
120,110
21,80
99,6
115,66
111,111
107,68
30,6
33,79
48,54
93,49
23,69
91,125
54,44
147,122
23,99
34,45
26,149
38,23
38,2
95,96
74,120
117,82
74,27
142,36
52,65
6,131
149,96
72,51
129,110
107,68
100,22
145,149
76,110
14,41
139,138
45,88
70,75
133,53
83,107
95,123
138,94
144,144
82,8
2,15
145,125
57,5
12,22
6,21
23,144
76,137
37,77
67,32
78,55
52,89
41,145
26,22
69,81
95,74
83,15
20,132
22,2
10,61
65,64
23,134
27,11
88,19
89,62
114,126
90,120
10,55
8,17
86,59
15,69
70,102
75,45
35,24
46,19
9,49
106,141
40,15
51,113
56,116
59,113
69,78
148,92
60,95
20,41
91,1
57,66
107,72
15,48
100,129
44,98
100,123
124,6
146,79
133,39
100,119
122,99
141,49
17,57
0,106
75,30
64,103
36,56
96,98
2,134
27,137
99,81
119,96
62,87
37,76
17,53
42,90
22,36
6,113
126,29
72,126
32,135
117,144
138,147
100,79
111,103
38,24
122,44
21,29
41,109
98,20
127,35
27,144
142,26
92,92
12,41
142,99
36,125
82,109
133,60
104,80
81,35
94,43
107,24
88,90
137,62
47,73
14,54
81,38
13,140
92,40
1,39
87,34
96,22
103,14
71,36
45,18
30,147
110,30
39,89
21,1
123,96
134,18
49,33
11,66
140,78
148,45
90,30
96,44
54,127
9,138
95,97
130,124
135,125
135,9
34,55
62,101
30,93
13,70
86,104
88,9
143,64
133,42
124,121
127,148
127,147
11,24
21,72
148,5
31,57
20,80
71,90
12,7
121,46
138,107
13,113
116,126
97,53
114,132
101,116
137,144
64,75
98,60
8,82
39,70
122,18
100,106
34,13
85,99
70,97
59,10
32,33
14,88
121,115
35,108
80,116
67,99
110,2
34,115
19,142
29,107
68,31
129,139
136,37
143,11
138,117
31,2
44,55
66,17
95,141
68,61
132,62
118,110
111,110
18,34
89,133
13,75
2,86
66,75
126,89
89,4
92,50
49,23
148,45
49,137
49,124
82,38
130,91
35,130
114,79
141,119
148,125
116,140
10,43
55,70
20,71
146,102
83,4
92,40
31,81
127,64
84,8
90,56
63,2
21,66
3,86
11,107
114,122
29,106
78,12
105,44
61,139
80,42
17,0
111,34
123,112
58,91
96,30
16,25
29,18
8,96
13,8
15,102
106,5
144,101
25,94
117,113
111,9
132,12
102,30
89,126
91,91
20,72
113,148
3,82
125,21
126,115
37,133
36,115
119,147
8,118
38,134
149,147
35,26
39,31
62,68
142,127
15,142
24,82
103,115
13,57
140,11
93,98
51,43
53,149
128,127
1,134
117,65
114,74
79,13
23,127
46,57
104,19
20,32
133,21
56,8
58,24
64,139
120,115
96,28
123,40
133,48
23,101
81,120
74,51
107,7
66,74
122,85
62,28
22,101
33,149
144,123
82,129
12,11
10,103
81,92
6,46
115,110
56,42
20,48
11,14
41,141
21,35
136,111
94,63
56,75
143,147
119,27
69,79
92,5
127,96
110,144
50,27
132,132
109,104
109,96
19,44
138,28
19,118
67,31
14,148
103,145
121,0
14,28
33,121
80,149
95,37
102,146
118,70
7,49
95,6
89,23
20,25
141,10
13,123
10,98
57,45
30,85
125,45
68,141
104,51
3,60
18,38
5,60
131,64
0,55
37,97
58,22
32,15
109,125
61,114
25,86
111,37
5,89
52,82
38,24
34,118
114,45
12,38
7,107
37,147
54,55
57,148
148,9
97,23
11,104
128,70
43,78
2,32
0,92
58,21
78,31
148,36
112,77
63,61
65,123
21,26
50,115
4,107
34,120
82,43
45,28
97,115
73,109
128,122
124,87
133,48
15,24
41,105
14,25
92,50
101,123
98,96
31,91
143,37
124,87
23,27
51,24
129,66
2,84
16,95
10,115
11,48
34,127
45,145
104,92
147,137
34,83
124,102
140,140
10,54
54,97
29,68
58,9
15,106
4,109
5,130
114,91
27,118
110,44
6,57
35,3
70,134
92,110
19,112
103,139
0,19
12,11
24,138
89,18
100,0
132,122
35,80
75,54
12,61
30,111
109,59
9,123
16,106
94,19
6,4
52,148
74,96
95,142
133,148
8,42
13,21
58,69
8,66
30,123
147,120
19,39
37,132
60,64
82,121
13,74
86,73
125,15
85,90
142,141
15,127
23,0
15,36
124,90
40,33
37,141
46,141
67,48
93,101
127,10
0,80
119,44
100,70
121,88
67,88
77,21
117,119
70,117
53,88
60,61
46,52
63,103
137,93
139,14
125,18
9,47
114,100
106,111
74,120
102,128
24,85
61,104
47,23
83,138
25,112
13,3
80,102
32,64
83,82
65,85
130,139
60,92
68,71
90,19
6,141
85,11
40,126
48,107
54,128
5,122
0,92
80,107
38,106
39,50
34,103
124,129
127,17
125,53
14,57
120,57
109,26
39,107
101,20
127,50
81,40
78,121
98,65
43,43
1,68
108,92
109,23
147,11
63,13
48,0
51,23
96,108
13,104
76,117
25,74
28,89
18,60
85,96
26,131
130,79
140,77
58,88
22,70
123,81
107,14
4,122
91,67
108,78
68,8
136,103
17,97
118,129
108,141
81,12
130,48
23,70
67,53
131,27
135,96
83,136
18,85
119,24
103,127
76,83
24,1
35,59
16,107
104,45
14,138
113,93
65,64
39,100
71,40
47,117
37,146
32,130
32,138
116,66
121,117
148,108
91,128
71,81
48,86
6,23
58,43
5,124
109,80
22,49
9,18
28,144
70,124
28,91
46,17
140,89
10,73
141,35
55,88
60,107
33,35
40,134
48,142
96,16
78,110
112,147
62,64
115,29
141,30
47,86
122,48
138,97
54,39
76,140
52,3
94,128
124,126
110,115
5,56
71,44
144,62
117,113
141,94
3,77
1,83
75,108
145,89
47,116
60,47
130,74
126,19
4,61
90,117
23,28
5,20
60,123
30,0
93,22
87,47
146,100
66,50
5,117
108,21
48,42
70,35
72,118
128,29
49,7
69,43
108,127
79,77
7,42
117,101
70,11
98,19
24,25
106,17
130,43
81,73
70,122
95,146
66,99
18,79
85,114
27,96
16,73
96,23
113,62
29,100
104,54
6,71
28,42
111,51
113,147
7,134
31,147
40,67
109,13
60,96
46,74
57,45
127,44
21,137
14,144
84,91
132,87
136,147
103,84
23,35
133,63
70,146
6,99
74,24
90,131
149,128
26,103
147,43
149,72
113,30
21,60
68,14
59,139
16,94
77,75
130,14
92,108
69,94
123,80
78,102
9,72
98,71
123,79
62,84
68,143
63,112
81,112
52,2
81,138
53,91
8,13
30,0
70,37
28,65
47,6
29,131
84,122
69,21
38,126
112,120
72,129
131,80
60,148
71,95
108,141
96,24
127,35
84,79
67,75
44,13
9,38
101,14
80,20
75,134
14,56
18,92
13,126
146,22
17,120
53,148
54,144
112,106
56,23
90,91
149,91
40,74
25,57
147,87
1,71
68,143
74,101
26,101
124,148
109,17
61,88
32,144
97,40
135,136
1,146
22,34
124,135
6,105
52,137
135,98
48,1
60,100
68,142
127,31
58,96
15,141
144,6
11,142
28,144
43,78
7,98
68,142
0,129
48,135
131,3
110,112
95,37
5,25
47,104
90,130
17,72
19,124
120,140
88,28
26,63
89,114
75,89
28,26
108,96
59,106
41,23
63,22
70,83
139,3
97,135
54,53
30,29
144,65
143,66
81,33
94,53
9,23
33,43
147,129
13,83
56,93
70,40
141,10
80,106
148,146
140,101
124,75
123,105
58,65
137,1
122,3
142,119
141,14
57,94
40,2
32,87
11,5
109,52
135,45
49,75
115,57
40,52
118,41
134,92
65,122
11,48
66,101
78,100
85,72
115,113
101,92
125,139
145,28
22,25
19,109
93,134
63,52
105,103
138,101
26,57
86,116
16,135
103,55
96,44
81,37
6,137
135,71
82,21
3,11
110,107
132,88
57,113
100,103
50,130
107,8
91,137
123,61
102,18
69,70
108,103
78,137
60,58
83,74
8,41
4,127
30,102
76,39
43,38
22,112
97,50
54,25
55,135
5,59
144,73
129,132
10,59
129,55
101,16
44,130
60,66
92,59
0,99
38,9
35,85
115,33
72,50
13,88
2,78
15,0
35,113
72,117
92,0
52,18
12,30
136,49
88,9
33,61
79,131
87,144
101,119
34,111
61,101
125,48
12,3
52,61
133,89
97,122
55,145
103,14
47,57
8,43
13,22
10,23
96,82
112,104
37,4
35,60
47,97
63,71
94,120
13,53
59,143
0,102
91,65
69,141
117,46
81,28
83,91
75,106
82,118
4,141
42,113
93,108
13,72
110,78
142,67
138,93
6,91
113,148
31,18
141,134
135,85
38,86
63,69
141,136
59,114
14,3
49,37
39,74
121,1
149,53
11,119
54,148
54,90
97,93
51,107
133,47
48,9
84,111
132,0
140,114
148,6
101,30
106,13
141,108
93,132
146,72
30,122
134,29
126,104
28,25
9,34
140,99
149,10
15,45
39,58
30,33
138,79
131,47
122,70
107,68
139,36
91,66
84,140
143,93
81,115
40,128
65,129
100,73
77,128
75,96
30,69
112,13
2,7
103,106
61,113
46,50
52,87
43,145
49,24
84,53
27,27
142,54
96,135
132,8
138,8
62,63
130,13
45,8
41,112
125,88
36,136
74,38
113,67
35,61
51,127
23,14
28,108
48,58
38,66
146,107
48,106
61,108
65,100
87,20
83,48
79,60
102,107
124,39
92,132
144,116
18,56
26,41
31,64
141,16
72,74
48,131
120,122
68,141
35,30
133,23
87,107
54,25
3,143
74,9
14,135
103,35
80,97
68,55
33,126
12,87
62,67
53,102
104,30
92,148
23,5
91,121
79,139
88,71
99,65
37,76
57,58
14,52
70,65
8,120
13,105
81,123
38,76
118,36
2,40
46,14
121,50
42,6
33,30
19,7
145,132
146,76
126,45
83,124
143,10
31,100
38,19
74,95
122,11
46,7
65,121
113,114
17,63
7,110
119,131
59,95
67,111
84,144
22,6
99,76
46,10
6,133
89,47
9,123
140,41
48,65
37,115
98,140
37,103
77,91
140,49
13,89
129,99
1,70
52,75
49,69
111,1
92,127
140,97
18,69
27,47
136,87
39,82
147,59
114,1
20,136
61,66
137,53
50,98
138,44
39,9
70,50
68,69
28,129
60,100
38,104
121,115
64,47
114,23
51,90
14,75
127,23
72,25
72,109
111,14
39,144
135,49
149,104
102,146
117,121
80,146
37,88
57,116
90,53
23,13
48,31
49,81
69,33
4,30
24,132
114,85
131,87
100,70
41,107
123,122
140,104
9,86
99,104
17,62
117,89
124,1
69,77
112,114
4,12
50,87
60,131
83,71
127,103
146,121
59,64
52,12
3,120
2,22
32,129
11,67
98,12
57,62
122,140
109,124
47,111
5,139
73,19
95,110
135,44
13,127
100,104
99,53
78,92
67,19
103,134
131,7
132,69
50,11
46,108
22,88
36,81
117,109
43,51
69,30
146,125
52,108
30,137
146,68
75,106
20,98
133,114
72,77
129,139
125,146
79,101
140,30
140,114
67,76
34,109
122,25
2,15
74,99
49,99
28,5
120,57
127,62
144,13
39,127
79,128
3,21
146,112
21,4
49,18
144,129
84,82
73,96
15,11
87,15
69,107
84,97
114,37
13,125
89,101
33,56
27,59
68,95
13,136
66,45
145,110
56,148
58,114
51,83
47,83
69,90
49,32
83,83
80,18
126,30
0,97
110,68
105,67
133,78
128,20
48,58
104,94
14,104
73,60
96,23
113,64
20,85
87,79
143,87
44,67
16,108
87,77
113,129
6,59
63,42
19,91
44,138
71,140
44,113
11,61
53,84
88,79
1,108
85,90
25,55
73,32
0,111
145,28
99,131
42,17
93,89
25,120
119,68
19,88
7,25
70,19
10,48
141,37
11,1
9,112
102,31
26,71
9,142
17,77
48,26
12,43
96,12
27,11
83,45
52,130
147,134
126,33
82,55
137,0
33,39
35,77
82,138
39,2
61,54
46,135
71,10
15,20
20,104
114,10
122,5
93,80
140,12
89,17
147,86
121,93
8,119
99,91
26,84
13,92
67,129
11,90
136,2
149,31
13,133
36,81
113,37
83,100
122,130
44,75
144,133
64,107
32,64
134,99
91,32
63,19
46,109
34,11
137,41
69,122
81,62
46,76
52,116
115,100
105,21
19,18
70,5
61,18
36,8
133,47
58,41
106,24
4,92
118,142
113,57
128,103
136,40
38,129
69,28
121,26
31,22
96,86
69,83
126,86
110,76
25,23
60,94
26,42
18,41
127,131
7,61
140,85
121,92
104,9
43,71
15,139
59,39
98,126
87,29
80,105
146,148
14,3
113,140
113,146
142,11
84,71
114,74
129,138
56,44
34,129
109,3
69,36
76,107
106,22
15,0
45,29
40,38
23,130
11,37
19,148
106,134
145,118
1,130
5,132
135,81
105,37
2,29
52,149
66,95
18,111
129,94
63,77
23,90
9,115
4,107
12,77
149,26
69,55
20,110
65,48
127,107
58,112
79,70
80,105
141,3
3,90
123,45
54,56
85,67
118,72
120,54
137,94
82,2
60,138
44,30
44,23
139,57
98,93
98,126
82,75
136,39
44,135
34,135
87,101
7,43
4,55
21,90
71,109
78,74
147,25
10,111
119,19
52,77
142,144
10,62
57,35
133,108
114,80
61,63
106,85
136,125
110,53
7,119
60,129
146,61
48,50
105,60
121,61
122,54
97,37
116,32
74,120
100,72
22,10
115,55
5,42
107,72
54,7
93,65
134,44
11,106
11,133
75,109
102,144
53,80
35,17
109,24
72,53
22,114
40,116
75,27
103,29
81,27
102,4
70,14
60,149
96,37
141,14
30,50
69,17
38,108
54,103
35,82
132,30
117,45
105,47
57,103
113,144
58,8
134,51
58,17
50,93
34,66
133,99
21,90
118,118
51,30
126,21
51,24
99,15
61,68
55,147
139,49
109,130
23,99
21,58
65,82
84,123
99,89
22,143
79,66
13,16
1,19
80,101
119,69
125,47
124,40
80,84
117,149
85,22
31,112
34,102
68,145
68,138
113,22
108,118
72,80
44,84
78,76
75,82
45,124
37,103
60,112
71,111
105,33
23,43
17,37
101,51
130,76
12,13
92,111
45,16
1,128
144,99
28,45
82,72
103,100
48,105
79,56
120,0
15,117
6,126
49,89
1,126
142,65
90,103
124,122
16,107
49,49
12,49
129,87
93,87
92,89
91,33
61,95
49,131
7,135
116,22
9,137
63,128
68,87
110,41
69,59
112,46
64,23
76,96
7,61
90,24
117,97
89,63
19,55
141,39
22,103
4,139
148,113
65,16
63,39
128,74
118,64
36,100
19,52
97,110
133,55
86,11
61,88
146,140
44,7
66,43
30,41
45,89
11,38
55,42
93,117
58,104
94,108
35,86
10,117
11,130
145,131
133,52
45,67
51,54
62,110
136,131
126,2
141,37
120,97
114,84
123,11
56,25
84,85
73,1
7,41
114,126
133,80
26,64
8,11
80,56
106,88
11,60
112,99
0,17
45,22
133,144
148,112
67,93
121,41
101,39
4,139
141,90
56,49
72,6
142,25
59,34
78,100
9,53
110,0
94,84
1,71
83,36
78,22
70,75
145,71
90,118
118,78
85,40
101,106
60,56
71,15
0,120
65,33
9,18
145,144
53,74
61,31
88,68
55,134
133,45
29,20
47,28
27,11
139,112
90,3
10,104
120,114
53,50
22,51
127,17
100,67
98,40
38,44
78,51
146,120
13,25
85,60
129,111
34,43
65,129
48,32
60,27
76,117
143,62
10,32
8,39
99,75
48,118
92,5
122,58
77,52
69,90
135,126
41,68
0,64
132,14
78,130
56,5
21,138
129,77
81,46
142,34
144,0
45,105
69,92
114,141
15,123
4,30
13,136
134,133
129,117
130,92
35,13
60,1
75,73
9,98
87,96
56,120
137,59
67,100
132,127
127,82
3,36
139,5
107,96
137,126
105,57
135,6
44,1
82,83
89,77
55,73
142,20
105,96
123,49
79,101
79,146
43,97
2,95
35,118
70,46
67,65
24,42
109,48
11,33
88,67
89,37
13,22
95,93
14,5
39,148
30,125
53,146
132,111
33,56
103,115
149,112
12,98
116,98
111,136
35,126
34,136
93,143
18,128
92,29
112,62
129,92
86,1
123,55
76,136
83,37
72,96
111,90
99,35
17,77
142,2
12,105
148,80
143,118
13,23
47,39
105,96
19,56
42,15
87,135
66,104
131,8
7,54
28,97
133,102
26,137
79,140
38,28
59,148
40,23
103,110
67,50
25,96
0,141
112,52
99,79
79,0
91,48
31,40
8,96
88,98
73,24
7,0
42,108
80,117
31,3
96,48
37,29
148,118
50,127
79,135
74,55
52,105
147,118
22,130
69,136
84,7
2,31
63,73
6,35
142,59
46,134
18,147
55,21
138,4
0,64
149,5
117,33
79,42
87,28
17,79
120,63
130,6
62,15
63,10
45,33
0,89
126,59
31,132
76,134
62,113
85,35
7,40
106,129
142,126
72,83
66,133
129,116
143,92
53,59
44,128
13,55
21,93
48,36
116,104
60,113
58,59
71,124
48,63
105,23
102,30
30,94
70,120
71,124
103,84
108,89
74,132
40,66
125,125
51,104
19,21
85,146
88,38
14,99
32,116
64,85
135,90
24,31
101,132
39,32
55,35
71,130
145,127
25,55
59,104
130,0
27,40
44,140
20,136
19,81
60,54
92,14
40,77
60,50
49,117
9,1
56,79
71,79
23,109
19,133
95,137
37,120
134,92
78,7
95,76
101,106
142,120
1,28
42,141
104,116
31,74
5,21
133,101
43,0
126,15
61,122
146,5
102,139
67,41
0,10
23,128
139,148
42,127
110,33
60,115
146,61
97,147
42,38
99,60
72,43
59,92
46,109
117,77
67,145
136,120
85,130
19,30
76,54
102,23
16,66
129,140
135,81
88,97
8,38
75,126
64,70
40,107
131,41
108,49
26,137
51,129
144,99
61,93
99,39
143,107
93,7
107,9
62,132
40,79
54,15
47,51
89,50
8,67
37,17
51,78
33,31
98,109
0,118
124,101
35,86
103,21
74,131
124,27
84,84
29,13
58,44
66,99
134,128
84,61
97,93
22,34
140,69
97,114
105,78
59,65
60,149
32,90
47,31
145,137
116,21
20,60
27,135
109,100
91,139
92,62
1,140
11,52
11,84
57,22
106,61
0,89
3,60
26,137
93,136
45,89
134,83
142,85
21,76
139,122
54,100
107,34
58,124
140,64
64,109
8,62
45,84
133,81
105,142
149,10
64,17
111,142
5,20
135,77
36,129
60,79
118,60
98,52
116,54
72,116
70,101
68,134
80,77
40,135
134,115
65,122
38,45
45,147
118,22
20,124
61,72
95,63
119,21
1,109
88,23
123,0
92,128
85,59
26,72
98,21
10,96
139,85
25,14
31,8
57,137
106,123
85,32
64,76
37,121
102,96
104,140
84,132
65,107
75,23
95,73
41,5
115,36
92,9
5,44
1,104
119,64
131,99
149,56
0,63
74,51
8,50
26,69
141,21
30,140
17,147
74,54
122,125
20,21
87,120
77,34
137,25
125,67
113,121
122,98
112,139
116,110
77,112
45,22
120,13
102,117
70,129
118,64
99,47
10,93
41,109
4,103
116,101
120,37
138,50
62,128
7,78
147,18
85,49
106,132
52,77
111,38
129,2
113,71
12,71
30,10
25,49
115,26
98,46
75,130
73,37
50,92
148,65
118,69
78,105
112,140
44,86
40,4
139,13
49,8
72,47
49,79
32,96
91,128
138,134
66,76
119,53
138,125
111,111
104,49
59,65
114,0
148,53
99,26
98,40
125,11
135,14
36,107
5,22
139,52
95,52
108,79
136,56
82,10
149,36
15,101
55,44
69,106
71,129
20,51
82,43
141,107
72,48
119,77
86,18
114,9
16,7
1,68
44,61
85,7
68,111
107,15
26,9
65,130
127,114
55,140
68,12
33,137
83,44
44,72
29,147
105,85
25,128
40,92
48,7
108,127
98,39
57,84
79,106
78,115
78,10
144,21
134,143
116,65
25,16
63,65
15,74
80,92
58,136
17,36
13,128
142,42
48,97
87,140
117,96
149,67
61,123
122,36
64,19
83,48
76,19
101,82
43,96
82,11
48,45
38,99
25,73
22,32
11,149
33,46
9,17
145,82
68,61
107,97
68,40
101,55
14,78
9,12
140,127
44,68
24,129
72,144
39,68
55,85
67,115
34,109
118,44
35,128
132,64
148,91
76,129
92,13
39,34
54,138
74,92
42,10
124,114
55,124
20,43
126,61
65,131
120,130
40,46
2,123
31,149
129,6
121,3
129,45
78,7
107,42
68,124
24,47
4,86
10,53
116,5
135,107
130,33
121,77
28,120
6,56
102,105
56,59
5,74
142,100
107,72
85,105
11,29
40,24
95,107
72,88
48,80
139,25
95,16
79,99
26,114
8,95
26,81
66,12
21,118
117,102
26,112
65,41
6,124
132,19
24,75
101,18
109,100
122,45
127,4
62,83
133,126
63,29
140,31
114,74
26,11
91,100
106,0
56,59
5,72
29,143
9,117
16,25
19,122
148,58
75,45
30,63
47,83
81,115
41,43
146,104
108,123
3,68
132,15
121,142
60,143
58,1
76,6
138,24
65,83
106,1
95,99
94,41
136,98
111,94
26,119
20,140
96,93
46,77
133,54
127,13
39,14
74,27
55,108
94,77
87,96
63,11
130,95
32,123
89,99
127,94
85,110
67,114
64,31
103,112
79,98
2,125
107,33
4,56
55,114
36,99
0,62
96,99
70,135
32,24
6,100
33,77
52,81
114,91
63,130
31,13
82,9
88,55
37,98
144,117
90,93
75,87
1,24
28,49
44,94
94,8
22,46
141,130
88,66
70,37
13,116
16,57
28,0
77,111
62,149
53,71
137,146
6,100
46,20
77,117
139,49
22,138
131,113
28,9
67,12
50,32
57,33
1,11
60,107
81,50
90,139
39,85
7,138
117,57
73,57
54,139
117,128
20,148
92,5
15,67
89,144
16,37
123,16
4,120
93,27
110,95
21,60
6,119
68,58
52,147
28,125
14,38
126,83
49,90
47,72
77,54
36,148
50,116
33,12
113,21
61,64
33,71
50,21
21,25
37,44
49,4
20,118
32,20
147,130
105,115
108,61
112,41
107,31
83,46
100,64
32,48
133,73
93,145
89,89
123,105
93,133
119,129
30,10
6,56
146,137
18,83
70,6
56,75
15,5
36,55
28,94
2,116
137,32
43,85
20,30
107,47
130,67
137,4
109,106
37,18
2,129
54,147
92,81
17,43
2,42
38,5
26,61
149,90
2,13
43,126
8,97
99,8
27,148
137,61
32,6
69,124
67,9
90,117
74,54
7,48
143,22
49,49
111,149
98,86
76,17
73,59
5,119
56,124
14,22
143,63
122,92
63,24
111,17
24,137
140,128
128,49
81,90
54,10
5,14
134,44
36,129
140,96
139,103
99,105
30,69
147,142
24,127
148,31
79,81
22,103
133,96
41,148
71,52
91,45
18,33
91,28
33,120
125,56
81,131
77,79
145,21
92,49
128,102
12,16
105,131
110,75
67,22
35,78
149,10
93,118
58,42
139,41
142,15
85,57
28,48
101,146
58,61
2,14
30,14
7,139
0,53
16,141
77,128
5,47
84,39
14,103
127,65
129,44
46,93
16,1
112,51
80,62
122,77
71,78
