orders,lineitem,5639625000.000
customer,partsupp,75000000.000
lineitem,nation,3759750.000
customer,orders,140625000.000
customer,lineitem,563962500.000
partsupp,nation,500000.000
region,5.000
supplier,partsupp,5000000.000
supplier,customer,37386.000
region,partsupp,100000.000
orders,nation,937500.000
orders,27.421
supplier,lineitem,37597500.000
orders,partsupp,750000000.000
customer,10.000
supplier,region,1250.000
supplier,orders,9375000.000
customer,region,18750.000
nation,25.000
region,nation,125.000
partsupp,0.000
supplier,250.000
region,lineitem,751950.000
lineitem,0.000
region,orders,187500.000
customer,nation,93750.000
partsupp,lineitem,3007800000.000
supplier,nation,6250.000
