{
  "conf": {
    "db": "tpc-h-2",
    "query": "extra5.sql",
    "suffix": "balancedgo-01-01",
    "run": 1,
    "decompositionOptions": {
      "algorithm": "BALANCEDGO"
    },
    "queryTimeout": 100,
    "dbSize": 1,
    "parallel": true,
    "skipRows": true,
    "threadCount": 8,
    "booleanQuery": false,
    "useStatistics": true
  },
  "unoptimizedRuntime": 47438,
  "optimizedTotalRuntime": 55841,
  "optimizedQueryRuntime": 55735,
  "optimizedQueryTimeout": false,
  "unoptimizedQueryTimeout": false,
  "optimizedResultCorrect": true,
  "unoptimizedColumns": 4,
  "optimizedColumns": 4,
  "unoptimizedRows": 118780000,
  "optimizedRows": 118780000,
  "hypergraph": {
    "weights": [
      {
        "bag": [
          {
            "name": "orders",
            "nodes": [
              "X8",
              "X36",
              "X2",
              "X3",
              "X4",
              "X5",
              "X18",
              "X6",
              "X7"
            ]
          },
          {
            "name": "lineitem",
            "nodes": [
              "X50",
              "X41",
              "X40",
              "X51",
              "X43",
              "X42",
              "X45",
              "X44",
              "X36",
              "X47",
              "X46",
              "X38",
              "X49",
              "X37",
              "X48",
              "X39"
            ]
          }
        ],
        "weight": 5.639625E9
      },
      {
        "bag": [
          {
            "name": "customer",
            "nodes": [
              "X19",
              "X21",
              "X20",
              "X23",
              "X22",
              "X25",
              "X24",
              "X18"
            ]
          },
          {
            "name": "partsupp",
            "nodes": [
              "X9",
              "X10",
              "X12",
              "X11",
              "X13"
            ]
          }
        ],
        "weight": 7.5E7
      },
      {
        "bag": [
          {
            "name": "lineitem",
            "nodes": [
              "X50",
              "X41",
              "X40",
              "X51",
              "X43",
              "X42",
              "X45",
              "X44",
              "X36",
              "X47",
              "X46",
              "X38",
              "X49",
              "X37",
              "X48",
              "X39"
            ]
          },
          {
            "name": "nation",
            "nodes": [
              "X21",
              "X16",
              "X15",
              "X17"
            ]
          }
        ],
        "weight": 3759750.0
      },
      {
        "bag": [
          {
            "name": "customer",
            "nodes": [
              "X19",
              "X21",
              "X20",
              "X23",
              "X22",
              "X25",
              "X24",
              "X18"
            ]
          },
          {
            "name": "orders",
            "nodes": [
              "X8",
              "X36",
              "X2",
              "X3",
              "X4",
              "X5",
              "X18",
              "X6",
              "X7"
            ]
          }
        ],
        "weight": 1.40625E8
      },
      {
        "bag": [
          {
            "name": "customer",
            "nodes": [
              "X19",
              "X21",
              "X20",
              "X23",
              "X22",
              "X25",
              "X24",
              "X18"
            ]
          },
          {
            "name": "lineitem",
            "nodes": [
              "X50",
              "X41",
              "X40",
              "X51",
              "X43",
              "X42",
              "X45",
              "X44",
              "X36",
              "X47",
              "X46",
              "X38",
              "X49",
              "X37",
              "X48",
              "X39"
            ]
          }
        ],
        "weight": 5.639625E8
      },
      {
        "bag": [
          {
            "name": "partsupp",
            "nodes": [
              "X9",
              "X10",
              "X12",
              "X11",
              "X13"
            ]
          },
          {
            "name": "nation",
            "nodes": [
              "X21",
              "X16",
              "X15",
              "X17"
            ]
          }
        ],
        "weight": 500000.0
      },
      {
        "bag": [
          {
            "name": "region",
            "nodes": [
              "X16",
              "X27",
              "X28"
            ]
          }
        ],
        "weight": 5.0
      },
      {
        "bag": [
          {
            "name": "supplier",
            "nodes": [
              "X30",
              "X21",
              "X31",
              "X34",
              "X33",
              "X35",
              "X38"
            ]
          },
          {
            "name": "partsupp",
            "nodes": [
              "X9",
              "X10",
              "X12",
              "X11",
              "X13"
            ]
          }
        ],
        "weight": 5000000.0
      },
      {
        "bag": [
          {
            "name": "supplier",
            "nodes": [
              "X30",
              "X21",
              "X31",
              "X34",
              "X33",
              "X35",
              "X38"
            ]
          },
          {
            "name": "customer",
            "nodes": [
              "X19",
              "X21",
              "X20",
              "X23",
              "X22",
              "X25",
              "X24",
              "X18"
            ]
          }
        ],
        "weight": 37386.000092081726
      },
      {
        "bag": [
          {
            "name": "region",
            "nodes": [
              "X16",
              "X27",
              "X28"
            ]
          },
          {
            "name": "partsupp",
            "nodes": [
              "X9",
              "X10",
              "X12",
              "X11",
              "X13"
            ]
          }
        ],
        "weight": 100000.0
      },
      {
        "bag": [
          {
            "name": "orders",
            "nodes": [
              "X8",
              "X36",
              "X2",
              "X3",
              "X4",
              "X5",
              "X18",
              "X6",
              "X7"
            ]
          },
          {
            "name": "nation",
            "nodes": [
              "X21",
              "X16",
              "X15",
              "X17"
            ]
          }
        ],
        "weight": 937500.0
      },
      {
        "bag": [
          {
            "name": "orders",
            "nodes": [
              "X8",
              "X36",
              "X2",
              "X3",
              "X4",
              "X5",
              "X18",
              "X6",
              "X7"
            ]
          }
        ],
        "weight": 27.421473109423065
      },
      {
        "bag": [
          {
            "name": "supplier",
            "nodes": [
              "X30",
              "X21",
              "X31",
              "X34",
              "X33",
              "X35",
              "X38"
            ]
          },
          {
            "name": "lineitem",
            "nodes": [
              "X50",
              "X41",
              "X40",
              "X51",
              "X43",
              "X42",
              "X45",
              "X44",
              "X36",
              "X47",
              "X46",
              "X38",
              "X49",
              "X37",
              "X48",
              "X39"
            ]
          }
        ],
        "weight": 3.75975E7
      },
      {
        "bag": [
          {
            "name": "orders",
            "nodes": [
              "X8",
              "X36",
              "X2",
              "X3",
              "X4",
              "X5",
              "X18",
              "X6",
              "X7"
            ]
          },
          {
            "name": "partsupp",
            "nodes": [
              "X9",
              "X10",
              "X12",
              "X11",
              "X13"
            ]
          }
        ],
        "weight": 7.5E8
      },
      {
        "bag": [
          {
            "name": "customer",
            "nodes": [
              "X19",
              "X21",
              "X20",
              "X23",
              "X22",
              "X25",
              "X24",
              "X18"
            ]
          }
        ],
        "weight": 10.000000111176632
      },
      {
        "bag": [
          {
            "name": "supplier",
            "nodes": [
              "X30",
              "X21",
              "X31",
              "X34",
              "X33",
              "X35",
              "X38"
            ]
          },
          {
            "name": "region",
            "nodes": [
              "X16",
              "X27",
              "X28"
            ]
          }
        ],
        "weight": 1250.0
      },
      {
        "bag": [
          {
            "name": "supplier",
            "nodes": [
              "X30",
              "X21",
              "X31",
              "X34",
              "X33",
              "X35",
              "X38"
            ]
          },
          {
            "name": "orders",
            "nodes": [
              "X8",
              "X36",
              "X2",
              "X3",
              "X4",
              "X5",
              "X18",
              "X6",
              "X7"
            ]
          }
        ],
        "weight": 9375000.0
      },
      {
        "bag": [
          {
            "name": "customer",
            "nodes": [
              "X19",
              "X21",
              "X20",
              "X23",
              "X22",
              "X25",
              "X24",
              "X18"
            ]
          },
          {
            "name": "region",
            "nodes": [
              "X16",
              "X27",
              "X28"
            ]
          }
        ],
        "weight": 18750.0
      },
      {
        "bag": [
          {
            "name": "nation",
            "nodes": [
              "X21",
              "X16",
              "X15",
              "X17"
            ]
          }
        ],
        "weight": 25.00000037252903
      },
      {
        "bag": [
          {
            "name": "region",
            "nodes": [
              "X16",
              "X27",
              "X28"
            ]
          },
          {
            "name": "nation",
            "nodes": [
              "X21",
              "X16",
              "X15",
              "X17"
            ]
          }
        ],
        "weight": 125.0
      },
      {
        "bag": [
          {
            "name": "partsupp",
            "nodes": [
              "X9",
              "X10",
              "X12",
              "X11",
              "X13"
            ]
          }
        ],
        "weight": 1.5832320815039106E-5
      },
      {
        "bag": [
          {
            "name": "supplier",
            "nodes": [
              "X30",
              "X21",
              "X31",
              "X34",
              "X33",
              "X35",
              "X38"
            ]
          }
        ],
        "weight": 250.00000093132257
      },
      {
        "bag": [
          {
            "name": "region",
            "nodes": [
              "X16",
              "X27",
              "X28"
            ]
          },
          {
            "name": "lineitem",
            "nodes": [
              "X50",
              "X41",
              "X40",
              "X51",
              "X43",
              "X42",
              "X45",
              "X44",
              "X36",
              "X47",
              "X46",
              "X38",
              "X49",
              "X37",
              "X48",
              "X39"
            ]
          }
        ],
        "weight": 751950.0
      },
      {
        "bag": [
          {
            "name": "lineitem",
            "nodes": [
              "X50",
              "X41",
              "X40",
              "X51",
              "X43",
              "X42",
              "X45",
              "X44",
              "X36",
              "X47",
              "X46",
              "X38",
              "X49",
              "X37",
              "X48",
              "X39"
            ]
          }
        ],
        "weight": 4.687079726679912E-10
      },
      {
        "bag": [
          {
            "name": "region",
            "nodes": [
              "X16",
              "X27",
              "X28"
            ]
          },
          {
            "name": "orders",
            "nodes": [
              "X8",
              "X36",
              "X2",
              "X3",
              "X4",
              "X5",
              "X18",
              "X6",
              "X7"
            ]
          }
        ],
        "weight": 187500.0
      },
      {
        "bag": [
          {
            "name": "customer",
            "nodes": [
              "X19",
              "X21",
              "X20",
              "X23",
              "X22",
              "X25",
              "X24",
              "X18"
            ]
          },
          {
            "name": "nation",
            "nodes": [
              "X21",
              "X16",
              "X15",
              "X17"
            ]
          }
        ],
        "weight": 93750.0
      },
      {
        "bag": [
          {
            "name": "partsupp",
            "nodes": [
              "X9",
              "X10",
              "X12",
              "X11",
              "X13"
            ]
          },
          {
            "name": "lineitem",
            "nodes": [
              "X50",
              "X41",
              "X40",
              "X51",
              "X43",
              "X42",
              "X45",
              "X44",
              "X36",
              "X47",
              "X46",
              "X38",
              "X49",
              "X37",
              "X48",
              "X39"
            ]
          }
        ],
        "weight": 3.0078E9
      },
      {
        "bag": [
          {
            "name": "supplier",
            "nodes": [
              "X30",
              "X21",
              "X31",
              "X34",
              "X33",
              "X35",
              "X38"
            ]
          },
          {
            "name": "nation",
            "nodes": [
              "X21",
              "X16",
              "X15",
              "X17"
            ]
          }
        ],
        "weight": 6250.0
      }
    ],
    "statistics": {
      "lineitem": {
        "rowCount": 150390,
        "mostCommonFrequencies": {
          "l_returnflag": {
            "A": 0.2451999932527542,
            "R": 0.24533332884311676,
            "N": 0.5094666481018066
          },
          "l_receiptdate": {
            "1994-09-01": 7.33333348762244E-4,
            "1996-05-28": 7.33333348762244E-4,
            "1994-10-14": 7.33333348762244E-4,
            "1997-01-18": 7.33333348762244E-4,
            "1996-09-27": 6.99999975040555E-4,
            "1995-12-23": 8.999999845400453E-4,
            "1993-12-08": 7.33333348762244E-4,
            "1994-12-19": 7.33333348762244E-4,
            "1996-01-05": 6.99999975040555E-4,
            "1992-10-28": 6.99999975040555E-4,
            "1993-06-15": 6.99999975040555E-4,
            "1994-01-11": 6.99999975040555E-4,
            "1995-08-30": 8.333333535119891E-4,
            "1994-09-19": 7.666666642762721E-4,
            "1995-05-26": 6.99999975040555E-4,
            "1998-01-29": 8.333333535119891E-4,
            "1994-06-08": 7.33333348762244E-4,
            "1996-08-07": 7.33333348762244E-4,
            "1994-10-02": 6.99999975040555E-4,
            "1994-10-08": 7.33333348762244E-4,
            "1997-03-20": 7.33333348762244E-4,
            "1997-04-16": 6.99999975040555E-4,
            "1997-03-02": 8.333333535119891E-4,
            "1993-07-21": 7.999999797903001E-4,
            "1992-05-06": 7.33333348762244E-4,
            "1992-08-25": 6.99999975040555E-4,
            "1997-10-14": 6.99999975040555E-4,
            "1998-03-31": 7.33333348762244E-4,
            "1998-08-29": 7.999999797903001E-4,
            "1992-06-22": 7.666666642762721E-4,
            "1994-07-06": 6.99999975040555E-4,
            "1998-03-18": 7.33333348762244E-4,
            "1994-03-03": 7.666666642762721E-4,
            "1992-11-01": 6.99999975040555E-4,
            "1997-12-10": 6.99999975040555E-4
          },
          "l_tax": {
            "0.08": 0.10926666855812073,
            "0.06": 0.11286666989326477,
            "0.07": 0.11100000143051147,
            "0.04": 0.11363333463668823,
            "0.05": 0.10863333195447922,
            "0.02": 0.1103999987244606,
            "0.03": 0.11219999939203262,
            "0.00": 0.11163333058357239,
            "0.01": 0.11036666482686996
          },
          "l_shipmode": {
            "RAIL      ": 0.14259999990463257,
            "FOB       ": 0.14100000262260437,
            "MAIL      ": 0.14380000531673431,
            "TRUCK     ": 0.14273333549499512,
            "AIR       ": 0.14403332769870758,
            "SHIP      ": 0.14293333888053894,
            "REG AIR   ": 0.1429000049829483
          },
          "l_suppkey": {
            "121": 0.004800000227987766,
            "1": 0.004833333194255829,
            "145": 0.0049333334900438786,
            "135": 0.004800000227987766,
            "69": 0.0047333333641290665,
            "203": 0.004999999888241291,
            "214": 0.004900000058114529,
            "38": 0.004833333194255829,
            "190": 0.005033333320170641
          },
          "l_shipdate": {
            "1995-08-04": 7.666666642762721E-4,
            "1995-09-19": 6.99999975040555E-4,
            "1997-04-07": 6.99999975040555E-4,
            "1994-10-13": 7.999999797903001E-4,
            "1996-03-26": 6.99999975040555E-4,
            "1994-07-25": 7.33333348762244E-4,
            "1996-09-06": 6.99999975040555E-4,
            "1994-04-11": 6.99999975040555E-4,
            "1995-06-08": 6.99999975040555E-4,
            "1994-10-31": 7.33333348762244E-4,
            "1997-06-04": 7.999999797903001E-4,
            "1997-04-27": 6.99999975040555E-4,
            "1996-03-06": 7.666666642762721E-4,
            "1994-10-17": 7.33333348762244E-4,
            "1992-05-23": 7.666666642762721E-4,
            "1997-07-20": 7.33333348762244E-4,
            "1993-05-09": 6.99999975040555E-4,
            "1998-04-15": 6.99999975040555E-4,
            "1993-11-29": 7.33333348762244E-4,
            "1998-07-05": 7.33333348762244E-4,
            "1996-11-22": 8.333333535119891E-4,
            "1998-03-05": 7.666666642762721E-4,
            "1994-08-06": 7.666666642762721E-4,
            "1995-01-23": 7.666666642762721E-4,
            "1996-12-16": 6.99999975040555E-4,
            "1996-03-31": 7.33333348762244E-4,
            "1994-04-21": 6.99999975040555E-4,
            "1995-11-29": 6.99999975040555E-4,
            "1996-06-02": 6.99999975040555E-4,
            "1992-05-08": 6.99999975040555E-4,
            "1997-09-07": 6.99999975040555E-4,
            "1997-06-11": 7.999999797903001E-4,
            "1997-09-06": 8.333333535119891E-4,
            "1993-08-11": 6.99999975040555E-4,
            "1997-08-16": 6.99999975040555E-4,
            "1994-10-06": 7.33333348762244E-4,
            "1993-03-20": 6.99999975040555E-4,
            "1992-06-01": 6.99999975040555E-4,
            "1997-08-22": 6.99999975040555E-4,
            "1997-10-17": 7.999999797903001E-4,
            "1998-02-25": 7.999999797903001E-4,
            "1996-06-30": 6.99999975040555E-4,
            "1995-08-20": 7.999999797903001E-4,
            "1992-11-26": 7.33333348762244E-4,
            "1995-01-30": 6.99999975040555E-4,
            "1994-03-29": 7.33333348762244E-4
          },
          "l_commitdate": {
            "1997-02-04": 6.99999975040555E-4,
            "1994-12-11": 6.99999975040555E-4,
            "1997-01-18": 6.99999975040555E-4,
            "1995-10-29": 6.99999975040555E-4,
            "1996-01-08": 7.666666642762721E-4,
            "1997-07-12": 7.33333348762244E-4,
            "1998-07-31": 7.33333348762244E-4,
            "1997-02-25": 6.99999975040555E-4,
            "1994-10-17": 7.666666642762721E-4,
            "1992-09-28": 7.999999797903001E-4,
            "1992-09-24": 6.99999975040555E-4,
            "1996-11-22": 7.33333348762244E-4,
            "1992-11-13": 7.999999797903001E-4,
            "1994-08-28": 6.99999975040555E-4,
            "1996-06-20": 7.33333348762244E-4,
            "1995-02-14": 6.99999975040555E-4,
            "1994-03-16": 6.99999975040555E-4,
            "1995-07-01": 6.99999975040555E-4,
            "1994-10-23": 7.666666642762721E-4,
            "1994-07-10": 7.33333348762244E-4,
            "1996-06-04": 8.333333535119891E-4,
            "1993-05-01": 7.666666642762721E-4,
            "1992-05-26": 6.99999975040555E-4,
            "1997-05-23": 6.99999975040555E-4,
            "1995-12-11": 7.33333348762244E-4,
            "1997-11-05": 8.333333535119891E-4,
            "1992-04-24": 6.99999975040555E-4,
            "1998-01-31": 7.666666642762721E-4,
            "1998-02-22": 6.99999975040555E-4,
            "1996-10-22": 7.666666642762721E-4,
            "1996-11-16": 7.33333348762244E-4,
            "1994-06-14": 6.99999975040555E-4,
            "1997-11-22": 6.99999975040555E-4
          },
          "l_partkey": {
            "4671": 4.333333345130086E-4,
            "3981": 5.000000237487257E-4,
            "4850": 4.333333345130086E-4,
            "2076": 5.000000237487257E-4,
            "392": 4.333333345130086E-4,
            "196": 4.666666791308671E-4,
            "374": 5.000000237487257E-4,
            "4948": 4.333333345130086E-4,
            "893": 4.333333345130086E-4,
            "2623": 4.333333345130086E-4,
            "795": 5.000000237487257E-4,
            "411": 4.333333345130086E-4,
            "2367": 5.666666547767818E-4,
            "115": 4.333333345130086E-4,
            "1695": 4.333333345130086E-4,
            "4644": 4.666666791308671E-4,
            "3755": 4.333333345130086E-4,
            "3635": 4.333333345130086E-4,
            "4527": 4.333333345130086E-4,
            "4726": 4.333333345130086E-4,
            "4260": 4.333333345130086E-4,
            "56": 4.333333345130086E-4,
            "3670": 4.333333345130086E-4,
            "4046": 4.333333345130086E-4,
            "4343": 4.333333345130086E-4,
            "1330": 5.333333392627537E-4,
            "3332": 5.000000237487257E-4,
            "1176": 4.333333345130086E-4,
            "1670": 4.333333345130086E-4,
            "2681": 5.000000237487257E-4,
            "1251": 4.333333345130086E-4,
            "1372": 4.333333345130086E-4,
            "3096": 5.000000237487257E-4,
            "560": 4.666666791308671E-4,
            "4838": 4.333333345130086E-4,
            "2358": 4.333333345130086E-4,
            "785": 4.666666791308671E-4,
            "2796": 5.000000237487257E-4,
            "566": 4.333333345130086E-4,
            "1465": 4.333333345130086E-4,
            "3048": 4.333333345130086E-4,
            "867": 5.000000237487257E-4,
            "548": 4.666666791308671E-4,
            "1727": 4.333333345130086E-4,
            "3408": 4.333333345130086E-4,
            "4835": 4.333333345130086E-4
          },
          "l_orderkey": {
            "121925": 1.9999999494757503E-4
          },
          "l_quantity": {
            "42.00": 0.020866665989160538,
            "17.00": 0.019466666504740715,
            "13.00": 0.02083333395421505,
            "32.00": 0.020600000396370888,
            "36.00": 0.019966667518019676,
            "3.00": 0.019899999722838402,
            "7.00": 0.018799999728798866,
            "27.00": 0.019633334130048752,
            "23.00": 0.02033333294093609,
            "46.00": 0.01886666752398014,
            "6.00": 0.019899999722838402,
            "16.00": 0.019999999552965164,
            "37.00": 0.01940000057220459,
            "12.00": 0.02019999921321869,
            "33.00": 0.01979999989271164,
            "2.00": 0.020400000736117363,
            "50.00": 0.021033333614468575,
            "26.00": 0.020999999716877937,
            "22.00": 0.0210999995470047,
            "43.00": 0.019733333960175514,
            "47.00": 0.02106666751205921,
            "5.00": 0.01889999955892563,
            "38.00": 0.018833333626389503,
            "40.00": 0.018533334136009216,
            "15.00": 0.01836666651070118,
            "11.00": 0.020733334124088287,
            "34.00": 0.020633332431316376,
            "19.00": 0.02106666751205921,
            "1.00": 0.019500000402331352,
            "9.00": 0.019166667014360428,
            "25.00": 0.0215000007301569,
            "30.00": 0.019766665995121002,
            "21.00": 0.020999999716877937,
            "44.00": 0.020099999383091927,
            "48.00": 0.021666666492819786,
            "29.00": 0.019366666674613953,
            "39.00": 0.020933333784341812,
            "14.00": 0.01876666583120823,
            "41.00": 0.020733334124088287,
            "4.00": 0.019466666504740715,
            "10.00": 0.020099999383091927,
            "20.00": 0.0203000009059906,
            "18.00": 0.020533332601189613,
            "35.00": 0.019899999722838402,
            "8.00": 0.018333332613110542,
            "28.00": 0.020500000566244125,
            "24.00": 0.01993333362042904,
            "31.00": 0.019200000911951065,
            "45.00": 0.018400000408291817,
            "49.00": 0.020866665989160538
          },
          "l_linestatus": {
            "F": 0.49666666984558105,
            "O": 0.503333330154419
          },
          "l_comment": {
            "furiously ": 1.6666666488163173E-4,
            "ly regular ": 1.9999999494757503E-4,
            " carefully ": 2.3333333956543356E-4,
            " theodolite": 1.9999999494757503E-4
          },
          "l_extendedprice": {},
          "l_linenumber": {
            "1": 0.24899999797344208,
            "2": 0.21336667239665985,
            "3": 0.17653332650661469,
            "4": 0.14606666564941406,
            "5": 0.10676666349172592,
            "6": 0.07123333215713501,
            "7": 0.037033334374427795
          },
          "l_discount": {
            "0.08": 0.08910000324249268,
            "0.09": 0.09109999984502792,
            "0.06": 0.0911666676402092,
            "0.07": 0.09046666324138641,
            "0.04": 0.09093333035707474,
            "0.05": 0.09313333034515381,
            "0.02": 0.09189999848604202,
            "0.03": 0.09113333374261856,
            "0.00": 0.08943333476781845,
            "0.01": 0.08986666798591614,
            "0.10": 0.09176667034626007
          },
          "l_shipinstruct": {
            "COLLECT COD              ": 0.25049999356269836,
            "DELIVER IN PERSON        ": 0.2478666603565216,
            "NONE                     ": 0.24690000712871552,
            "TAKE BACK RETURN         ": 0.2547333240509033
          }
        }
      },
      "partsupp": {
        "rowCount": 20000,
        "mostCommonFrequencies": {
          "ps_suppkey": {
            "88": 0.004000000189989805,
            "89": 0.004000000189989805,
            "90": 0.004000000189989805,
            "91": 0.004000000189989805,
            "92": 0.004000000189989805,
            "93": 0.004000000189989805,
            "94": 0.004000000189989805,
            "95": 0.004000000189989805,
            "96": 0.004000000189989805,
            "97": 0.004000000189989805,
            "10": 0.004000000189989805,
            "98": 0.004000000189989805,
            "11": 0.004000000189989805,
            "99": 0.004000000189989805,
            "12": 0.004000000189989805,
            "13": 0.004000000189989805,
            "14": 0.004000000189989805,
            "15": 0.004000000189989805,
            "16": 0.004000000189989805,
            "17": 0.004000000189989805,
            "18": 0.004000000189989805,
            "19": 0.004000000189989805,
            "1": 0.004000000189989805,
            "2": 0.004000000189989805,
            "3": 0.004000000189989805,
            "4": 0.004000000189989805,
            "5": 0.004000000189989805,
            "6": 0.004000000189989805,
            "7": 0.004000000189989805,
            "8": 0.004000000189989805,
            "9": 0.004000000189989805,
            "20": 0.004000000189989805,
            "21": 0.004000000189989805,
            "22": 0.004000000189989805,
            "23": 0.004000000189989805,
            "24": 0.004000000189989805,
            "25": 0.004000000189989805,
            "26": 0.004000000189989805,
            "27": 0.004000000189989805,
            "28": 0.004000000189989805,
            "29": 0.004000000189989805,
            "30": 0.004000000189989805,
            "31": 0.004000000189989805,
            "32": 0.004000000189989805,
            "33": 0.004000000189989805,
            "34": 0.004000000189989805,
            "35": 0.004000000189989805,
            "36": 0.004000000189989805,
            "37": 0.004000000189989805,
            "38": 0.004000000189989805,
            "39": 0.004000000189989805,
            "40": 0.004000000189989805,
            "41": 0.004000000189989805,
            "42": 0.004000000189989805,
            "43": 0.004000000189989805,
            "44": 0.004000000189989805,
            "45": 0.004000000189989805,
            "46": 0.004000000189989805,
            "47": 0.004000000189989805,
            "48": 0.004000000189989805,
            "49": 0.004000000189989805,
            "50": 0.004000000189989805,
            "51": 0.004000000189989805,
            "52": 0.004000000189989805,
            "53": 0.004000000189989805,
            "54": 0.004000000189989805,
            "55": 0.004000000189989805,
            "56": 0.004000000189989805,
            "57": 0.004000000189989805,
            "58": 0.004000000189989805,
            "59": 0.004000000189989805,
            "60": 0.004000000189989805,
            "61": 0.004000000189989805,
            "62": 0.004000000189989805,
            "63": 0.004000000189989805,
            "64": 0.004000000189989805,
            "65": 0.004000000189989805,
            "66": 0.004000000189989805,
            "67": 0.004000000189989805,
            "68": 0.004000000189989805,
            "69": 0.004000000189989805,
            "70": 0.004000000189989805,
            "71": 0.004000000189989805,
            "72": 0.004000000189989805,
            "73": 0.004000000189989805,
            "74": 0.004000000189989805,
            "75": 0.004000000189989805,
            "76": 0.004000000189989805,
            "77": 0.004000000189989805,
            "78": 0.004000000189989805,
            "79": 0.004000000189989805,
            "100": 0.004000000189989805,
            "80": 0.004000000189989805,
            "81": 0.004000000189989805,
            "82": 0.004000000189989805,
            "83": 0.004000000189989805,
            "84": 0.004000000189989805,
            "85": 0.004000000189989805,
            "86": 0.004000000189989805,
            "87": 0.004000000189989805
          },
          "ps_availqty": {
            "8770": 3.499999875202775E-4,
            "4055": 3.000000142492354E-4,
            "3362": 3.499999875202775E-4,
            "7160": 3.9999998989515007E-4,
            "4050": 3.000000142492354E-4,
            "2669": 3.000000142492354E-4,
            "353": 3.000000142492354E-4,
            "2789": 3.000000142492354E-4,
            "2545": 3.000000142492354E-4,
            "115": 3.499999875202775E-4,
            "3235": 3.000000142492354E-4,
            "90": 3.000000142492354E-4,
            "91": 3.000000142492354E-4,
            "3754": 3.000000142492354E-4,
            "2825": 3.499999875202775E-4,
            "2946": 3.000000142492354E-4,
            "13": 3.499999875202775E-4,
            "9232": 3.499999875202775E-4,
            "5311": 3.499999875202775E-4,
            "4069": 3.499999875202775E-4,
            "1471": 3.000000142492354E-4,
            "9470": 3.499999875202775E-4,
            "365": 3.000000142492354E-4,
            "762": 3.000000142492354E-4,
            "2952": 3.000000142492354E-4,
            "1344": 3.000000142492354E-4,
            "2036": 3.000000142492354E-4,
            "3641": 3.000000142492354E-4,
            "3768": 3.000000142492354E-4,
            "809": 3.000000142492354E-4,
            "8550": 3.9999998989515007E-4,
            "7463": 3.499999875202775E-4,
            "4474": 3.9999998989515007E-4,
            "4353": 3.499999875202775E-4,
            "4476": 3.000000142492354E-4,
            "3386": 3.000000142492354E-4,
            "3020": 3.000000142492354E-4,
            "2205": 3.000000142492354E-4,
            "894": 3.000000142492354E-4,
            "2721": 3.000000142492354E-4,
            "3655": 3.000000142492354E-4,
            "2847": 3.000000142492354E-4,
            "7996": 3.499999875202775E-4,
            "4641": 3.499999875202775E-4,
            "1492": 3.000000142492354E-4,
            "9099": 3.499999875202775E-4,
            "2337": 3.000000142492354E-4,
            "1401": 3.000000142492354E-4,
            "785": 3.499999875202775E-4,
            "3424": 3.000000142492354E-4,
            "1124": 3.000000142492354E-4,
            "3941": 3.000000142492354E-4,
            "4119": 3.000000142492354E-4,
            "3309": 3.9999998989515007E-4,
            "1801": 3.000000142492354E-4,
            "9420": 3.499999875202775E-4,
            "3682": 4.4999999227002263E-4,
            "5739": 3.9999998989515007E-4,
            "396": 3.000000142492354E-4,
            "7917": 3.499999875202775E-4,
            "1931": 3.000000142492354E-4,
            "2104": 3.000000142492354E-4,
            "6788": 3.499999875202775E-4,
            "4006": 3.000000142492354E-4,
            "52": 3.499999875202775E-4,
            "4803": 3.499999875202775E-4,
            "3956": 3.000000142492354E-4,
            "9673": 3.9999998989515007E-4,
            "58": 3.000000142492354E-4,
            "9558": 3.9999998989515007E-4,
            "4265": 3.000000142492354E-4,
            "2121": 3.000000142492354E-4,
            "2484": 3.000000142492354E-4,
            "1547": 3.000000142492354E-4,
            "1941": 3.000000142492354E-4,
            "3324": 3.000000142492354E-4,
            "2113": 3.000000142492354E-4,
            "846": 3.000000142492354E-4,
            "606": 3.000000142492354E-4,
            "4272": 3.499999875202775E-4,
            "8110": 3.499999875202775E-4,
            "3100": 3.499999875202775E-4,
            "2373": 3.499999875202775E-4,
            "2369": 3.000000142492354E-4,
            "1034": 3.000000142492354E-4,
            "3058": 3.000000142492354E-4,
            "4664": 3.000000142492354E-4,
            "5515": 3.499999875202775E-4,
            "2409": 3.000000142492354E-4,
            "7153": 3.499999875202775E-4,
            "6344": 3.499999875202775E-4,
            "7434": 3.9999998989515007E-4,
            "3350": 3.000000142492354E-4,
            "341": 3.000000142492354E-4,
            "1567": 3.499999875202775E-4,
            "7822": 3.499999875202775E-4,
            "3862": 3.499999875202775E-4,
            "5644": 3.499999875202775E-4,
            "3984": 3.499999875202775E-4,
            "1328": 3.000000142492354E-4
          },
          "ps_comment": {
            "courts lose above the furiously even theodolites. slyly final courts breach slyly beneath the carefully pending instructions. slyly special escapades sleep above the slyly i": 9.999999747378752E-5,
            " slyly ruthless waters mold blithely theodolites. instructions ": 9.999999747378752E-5
          },
          "ps_partkey": {
            "88": 1.9999999494757503E-4,
            "89": 1.9999999494757503E-4,
            "90": 1.9999999494757503E-4,
            "91": 1.9999999494757503E-4,
            "92": 1.9999999494757503E-4,
            "93": 1.9999999494757503E-4,
            "94": 1.9999999494757503E-4,
            "95": 1.9999999494757503E-4,
            "96": 1.9999999494757503E-4,
            "97": 1.9999999494757503E-4,
            "10": 1.9999999494757503E-4,
            "98": 1.9999999494757503E-4,
            "11": 1.9999999494757503E-4,
            "99": 1.9999999494757503E-4,
            "12": 1.9999999494757503E-4,
            "13": 1.9999999494757503E-4,
            "14": 1.9999999494757503E-4,
            "15": 1.9999999494757503E-4,
            "16": 1.9999999494757503E-4,
            "17": 1.9999999494757503E-4,
            "18": 1.9999999494757503E-4,
            "19": 1.9999999494757503E-4,
            "1": 1.9999999494757503E-4,
            "2": 1.9999999494757503E-4,
            "3": 1.9999999494757503E-4,
            "4": 1.9999999494757503E-4,
            "5": 1.9999999494757503E-4,
            "6": 1.9999999494757503E-4,
            "7": 1.9999999494757503E-4,
            "8": 1.9999999494757503E-4,
            "9": 1.9999999494757503E-4,
            "20": 1.9999999494757503E-4,
            "21": 1.9999999494757503E-4,
            "22": 1.9999999494757503E-4,
            "23": 1.9999999494757503E-4,
            "24": 1.9999999494757503E-4,
            "25": 1.9999999494757503E-4,
            "26": 1.9999999494757503E-4,
            "27": 1.9999999494757503E-4,
            "28": 1.9999999494757503E-4,
            "29": 1.9999999494757503E-4,
            "30": 1.9999999494757503E-4,
            "31": 1.9999999494757503E-4,
            "32": 1.9999999494757503E-4,
            "33": 1.9999999494757503E-4,
            "34": 1.9999999494757503E-4,
            "35": 1.9999999494757503E-4,
            "36": 1.9999999494757503E-4,
            "37": 1.9999999494757503E-4,
            "38": 1.9999999494757503E-4,
            "39": 1.9999999494757503E-4,
            "40": 1.9999999494757503E-4,
            "41": 1.9999999494757503E-4,
            "42": 1.9999999494757503E-4,
            "43": 1.9999999494757503E-4,
            "44": 1.9999999494757503E-4,
            "45": 1.9999999494757503E-4,
            "46": 1.9999999494757503E-4,
            "47": 1.9999999494757503E-4,
            "48": 1.9999999494757503E-4,
            "49": 1.9999999494757503E-4,
            "50": 1.9999999494757503E-4,
            "51": 1.9999999494757503E-4,
            "52": 1.9999999494757503E-4,
            "53": 1.9999999494757503E-4,
            "54": 1.9999999494757503E-4,
            "55": 1.9999999494757503E-4,
            "56": 1.9999999494757503E-4,
            "57": 1.9999999494757503E-4,
            "58": 1.9999999494757503E-4,
            "59": 1.9999999494757503E-4,
            "60": 1.9999999494757503E-4,
            "61": 1.9999999494757503E-4,
            "62": 1.9999999494757503E-4,
            "63": 1.9999999494757503E-4,
            "64": 1.9999999494757503E-4,
            "65": 1.9999999494757503E-4,
            "66": 1.9999999494757503E-4,
            "67": 1.9999999494757503E-4,
            "68": 1.9999999494757503E-4,
            "69": 1.9999999494757503E-4,
            "70": 1.9999999494757503E-4,
            "71": 1.9999999494757503E-4,
            "72": 1.9999999494757503E-4,
            "73": 1.9999999494757503E-4,
            "74": 1.9999999494757503E-4,
            "75": 1.9999999494757503E-4,
            "76": 1.9999999494757503E-4,
            "77": 1.9999999494757503E-4,
            "78": 1.9999999494757503E-4,
            "79": 1.9999999494757503E-4,
            "100": 1.9999999494757503E-4,
            "80": 1.9999999494757503E-4,
            "81": 1.9999999494757503E-4,
            "82": 1.9999999494757503E-4,
            "83": 1.9999999494757503E-4,
            "84": 1.9999999494757503E-4,
            "85": 1.9999999494757503E-4,
            "86": 1.9999999494757503E-4,
            "87": 1.9999999494757503E-4
          },
          "ps_supplycost": {
            "128.34": 1.500000071246177E-4,
            "324.09": 1.500000071246177E-4,
            "608.64": 1.500000071246177E-4,
            "310.87": 1.500000071246177E-4,
            "777.88": 1.500000071246177E-4,
            "738.40": 1.500000071246177E-4,
            "550.31": 1.500000071246177E-4,
            "187.11": 1.500000071246177E-4,
            "651.14": 1.9999999494757503E-4,
            "638.37": 1.500000071246177E-4,
            "739.19": 1.500000071246177E-4,
            "502.77": 1.500000071246177E-4,
            "84.00": 1.500000071246177E-4,
            "234.30": 1.500000071246177E-4,
            "613.88": 1.500000071246177E-4,
            "167.74": 1.500000071246177E-4,
            "482.06": 1.500000071246177E-4,
            "335.16": 1.9999999494757503E-4,
            "754.90": 1.500000071246177E-4,
            "766.68": 1.500000071246177E-4,
            "24.69": 1.500000071246177E-4,
            "599.94": 1.500000071246177E-4,
            "194.66": 1.500000071246177E-4,
            "92.40": 1.500000071246177E-4,
            "607.75": 1.500000071246177E-4,
            "406.03": 1.500000071246177E-4,
            "760.73": 1.9999999494757503E-4,
            "324.79": 1.500000071246177E-4,
            "498.13": 1.500000071246177E-4,
            "449.45": 1.500000071246177E-4,
            "513.95": 1.500000071246177E-4,
            "515.32": 1.500000071246177E-4,
            "214.60": 1.500000071246177E-4,
            "517.55": 1.500000071246177E-4,
            "413.31": 1.500000071246177E-4,
            "150.27": 1.500000071246177E-4,
            "397.68": 1.500000071246177E-4,
            "866.18": 1.9999999494757503E-4,
            "581.79": 1.500000071246177E-4,
            "338.60": 1.500000071246177E-4,
            "56.90": 1.500000071246177E-4,
            "620.24": 1.500000071246177E-4,
            "374.26": 1.500000071246177E-4,
            "21.23": 1.500000071246177E-4,
            "779.68": 1.500000071246177E-4,
            "202.06": 1.500000071246177E-4,
            "422.33": 1.500000071246177E-4,
            "100.60": 1.500000071246177E-4,
            "546.98": 1.500000071246177E-4,
            "785.75": 1.500000071246177E-4,
            "335.68": 1.500000071246177E-4,
            "124.27": 1.500000071246177E-4,
            "355.79": 1.500000071246177E-4,
            "380.24": 1.500000071246177E-4,
            "437.14": 1.500000071246177E-4,
            "403.67": 1.500000071246177E-4,
            "753.88": 1.500000071246177E-4,
            "85.82": 1.500000071246177E-4,
            "686.46": 1.500000071246177E-4,
            "254.21": 1.500000071246177E-4,
            "236.90": 1.500000071246177E-4,
            "1.74": 1.500000071246177E-4,
            "361.81": 1.500000071246177E-4,
            "642.63": 1.500000071246177E-4,
            "570.94": 1.500000071246177E-4,
            "280.06": 1.500000071246177E-4,
            "165.92": 1.500000071246177E-4,
            "80.78": 1.500000071246177E-4,
            "786.53": 1.500000071246177E-4,
            "344.34": 1.500000071246177E-4,
            "472.73": 1.500000071246177E-4,
            "498.68": 1.500000071246177E-4,
            "295.13": 1.500000071246177E-4,
            "484.60": 1.500000071246177E-4,
            "675.85": 1.500000071246177E-4,
            "405.70": 1.500000071246177E-4,
            "342.06": 1.500000071246177E-4,
            "469.64": 1.500000071246177E-4,
            "619.97": 1.500000071246177E-4,
            "88.24": 1.500000071246177E-4,
            "150.54": 1.500000071246177E-4,
            "396.42": 1.500000071246177E-4,
            "63.99": 1.500000071246177E-4,
            "38.78": 1.500000071246177E-4,
            "808.23": 1.500000071246177E-4,
            "586.56": 1.500000071246177E-4,
            "770.65": 1.500000071246177E-4,
            "551.90": 1.500000071246177E-4,
            "557.72": 1.500000071246177E-4,
            "729.13": 1.500000071246177E-4,
            "311.85": 1.500000071246177E-4,
            "515.76": 1.500000071246177E-4,
            "433.62": 1.500000071246177E-4,
            "698.75": 1.500000071246177E-4,
            "659.65": 1.500000071246177E-4,
            "331.70": 1.500000071246177E-4,
            "695.86": 1.500000071246177E-4,
            "636.84": 1.500000071246177E-4,
            "783.87": 1.500000071246177E-4,
            "459.39": 1.500000071246177E-4
          }
        }
      },
      "nation": {
        "rowCount": 25,
        "mostCommonFrequencies": {
          "n_comment": {},
          "n_nationkey": {},
          "n_regionkey": {
            "0": 0.20000000298023224,
            "1": 0.20000000298023224,
            "2": 0.20000000298023224,
            "3": 0.20000000298023224,
            "4": 0.20000000298023224
          },
          "n_name": {}
        }
      },
      "supplier": {
        "rowCount": 250,
        "mostCommonFrequencies": {
          "s_comment": {},
          "s_phone": {},
          "s_nationkey": {
            "22": 0.052000001072883606,
            "23": 0.04399999976158142,
            "24": 0.04399999976158142,
            "10": 0.035999998450279236,
            "11": 0.02800000086426735,
            "12": 0.04399999976158142,
            "13": 0.019999999552965164,
            "14": 0.0560000017285347,
            "15": 0.035999998450279236,
            "16": 0.04800000041723251,
            "17": 0.019999999552965164,
            "18": 0.06400000303983688,
            "19": 0.03999999910593033,
            "0": 0.024000000208616257,
            "1": 0.035999998450279236,
            "2": 0.03999999910593033,
            "3": 0.02800000086426735,
            "4": 0.0560000017285347,
            "5": 0.035999998450279236,
            "6": 0.04399999976158142,
            "7": 0.052000001072883606,
            "8": 0.04800000041723251,
            "9": 0.052000001072883606,
            "20": 0.019999999552965164,
            "21": 0.03200000151991844
          },
          "s_name": {},
          "s_address": {},
          "s_acctbal": {},
          "s_suppkey": {}
        }
      },
      "orders": {
        "rowCount": 37500,
        "mostCommonFrequencies": {
          "o_orderstatus": {
            "P": 0.025466667488217354,
            "F": 0.48500001430511475,
            "O": 0.48953333497047424
          },
          "o_clerk": {
            "Clerk#000000996": 0.0012666666880249977,
            "Clerk#000000359": 0.0013000000035390258,
            "Clerk#000000877": 0.0013000000035390258,
            "Clerk#000000878": 0.0013333333190530539,
            "Clerk#000000637": 0.001466666697524488,
            "Clerk#000000759": 0.0013333333190530539,
            "Clerk#000000350": 0.00139999995008111,
            "Clerk#000000473": 0.00139999995008111,
            "Clerk#000000231": 0.0013000000035390258,
            "Clerk#000000871": 0.001366666634567082,
            "Clerk#000000475": 0.0013333333190530539,
            "Clerk#000000355": 0.001366666634567082,
            "Clerk#000000236": 0.0012666666880249977,
            "Clerk#000000919": 0.001366666634567082,
            "Clerk#000000644": 0.0013000000035390258,
            "Clerk#000000404": 0.00143333338201046,
            "Clerk#000000925": 0.00143333338201046,
            "Clerk#000000409": 0.001466666697524488,
            "Clerk#000000120": 0.0013000000035390258,
            "Clerk#000000242": 0.0012666666880249977,
            "Clerk#000000125": 0.0012666666880249977,
            "Clerk#000000489": 0.0013000000035390258,
            "Clerk#000000643": 0.0013000000035390258,
            "Clerk#000000093": 0.001500000013038516,
            "Clerk#000000491": 0.001466666697524488,
            "Clerk#000000370": 0.0012666666880249977,
            "Clerk#000000732": 0.001466666697524488,
            "Clerk#000000975": 0.001366666634567082,
            "Clerk#000000612": 0.0013000000035390258,
            "Clerk#000000218": 0.0012666666880249977,
            "Clerk#000000616": 0.0013000000035390258,
            "Clerk#000000295": 0.001366666634567082,
            "Clerk#000000570": 0.0013000000035390258,
            "Clerk#000000053": 0.0012333333725109696,
            "Clerk#000000176": 0.0013000000035390258,
            "Clerk#000000331": 0.001366666634567082,
            "Clerk#000000575": 0.00143333338201046,
            "Clerk#000000730": 0.0012666666880249977,
            "Clerk#000000852": 0.0012666666880249977,
            "Clerk#000000184": 0.0012333333725109696,
            "Clerk#000000105": 0.0012333333725109696,
            "Clerk#000000348": 0.0013000000035390258,
            "Clerk#000000349": 0.00139999995008111,
            "Clerk#000000504": 0.001366666634567082,
            "Clerk#000000867": 0.0013000000035390258,
            "Clerk#000000626": 0.0013000000035390258,
            "Clerk#000000902": 0.0013333333190530539,
            "Clerk#000000186": 0.0012333333725109696,
            "Clerk#000000100": 0.0012666666880249977,
            "Clerk#000000189": 0.0013333333190530539,
            "Clerk#000000223": 0.0012666666880249977,
            "Clerk#000000344": 0.0012666666880249977,
            "Clerk#000000467": 0.0013333333190530539,
            "Clerk#000000346": 0.0013000000035390258,
            "Clerk#000000833": 0.0013000000035390258,
            "Clerk#000000954": 0.0012666666880249977,
            "Clerk#000000439": 0.00139999995008111,
            "Clerk#000000838": 0.0013000000035390258,
            "Clerk#000000394": 0.0015333333285525441,
            "Clerk#000000430": 0.0012666666880249977,
            "Clerk#000000431": 0.001500000013038516,
            "Clerk#000000157": 0.001366666634567082,
            "Clerk#000000278": 0.0013333333190530539,
            "Clerk#000000036": 0.0012666666880249977,
            "Clerk#000000279": 0.0013000000035390258,
            "Clerk#000000312": 0.0012666666880249977,
            "Clerk#000000830": 0.00139999995008111,
            "Clerk#000000567": 0.00139999995008111,
            "Clerk#000000963": 0.0012666666880249977,
            "Clerk#000000207": 0.001366666634567082,
            "Clerk#000000607": 0.0013000000035390258,
            "Clerk#000000046": 0.0012666666880249977,
            "Clerk#000000167": 0.0012666666880249977,
            "Clerk#000000962": 0.0012666666880249977,
            "Clerk#000000294": 0.0013333333190530539,
            "Clerk#000000655": 0.0013000000035390258,
            "Clerk#000000933": 0.0013333333190530539,
            "Clerk#000000659": 0.0013333333190530539,
            "Clerk#000000418": 0.00139999995008111,
            "Clerk#000000814": 0.0013333333190530539,
            "Clerk#000000815": 0.0013333333190530539,
            "Clerk#000000890": 0.0013000000035390258,
            "Clerk#000000771": 0.001366666634567082,
            "Clerk#000000134": 0.0012333333725109696,
            "Clerk#000000256": 0.0013000000035390258,
            "Clerk#000000015": 0.001466666697524488,
            "Clerk#000000532": 0.0013000000035390258,
            "Clerk#000000380": 0.0015666666440665722,
            "Clerk#000000381": 0.0015666666440665722,
            "Clerk#000000941": 0.00139999995008111,
            "Clerk#000000425": 0.001366666634567082,
            "Clerk#000000700": 0.0013000000035390258,
            "Clerk#000000426": 0.0012666666880249977,
            "Clerk#000000547": 0.0012666666880249977,
            "Clerk#000000549": 0.0013333333190530539,
            "Clerk#000000703": 0.0012666666880249977,
            "Clerk#000000024": 0.0012333333725109696,
            "Clerk#000000423": 0.0013000000035390258,
            "Clerk#000000786": 0.0012666666880249977,
            "Clerk#000000269": 0.0012333333725109696
          },
          "o_orderdate": {
            "1995-09-16": 7.33333348762244E-4,
            "1994-11-01": 6.333333440124989E-4,
            "1993-12-02": 6.99999975040555E-4,
            "1993-05-31": 6.333333440124989E-4,
            "1994-02-07": 7.33333348762244E-4,
            "1998-03-23": 6.666666595265269E-4,
            "1995-03-27": 6.333333440124989E-4,
            "1998-01-07": 6.666666595265269E-4,
            "1995-09-05": 7.666666642762721E-4,
            "1995-12-16": 7.666666642762721E-4,
            "1995-12-17": 7.666666642762721E-4,
            "1997-07-08": 6.99999975040555E-4,
            "1994-11-17": 6.333333440124989E-4,
            "1998-06-22": 6.666666595265269E-4,
            "1993-06-05": 6.333333440124989E-4,
            "1997-10-16": 8.333333535119891E-4,
            "1992-01-10": 6.666666595265269E-4,
            "1994-01-22": 6.333333440124989E-4,
            "1994-04-13": 7.33333348762244E-4,
            "1996-06-10": 6.666666595265269E-4,
            "1998-04-05": 7.666666642762721E-4,
            "1995-09-10": 6.99999975040555E-4,
            "1998-01-16": 6.666666595265269E-4,
            "1998-01-17": 6.666666595265269E-4,
            "1995-06-22": 6.99999975040555E-4,
            "1995-06-23": 6.99999975040555E-4,
            "1994-08-10": 7.666666642762721E-4,
            "1993-02-20": 6.99999975040555E-4,
            "1993-02-21": 6.666666595265269E-4,
            "1992-06-13": 6.333333440124989E-4,
            "1993-05-05": 6.666666595265269E-4,
            "1993-02-11": 6.666666595265269E-4,
            "1993-05-08": 6.666666595265269E-4,
            "1998-03-05": 6.99999975040555E-4,
            "1996-12-15": 7.33333348762244E-4,
            "1994-02-28": 7.33333348762244E-4,
            "1996-01-12": 6.99999975040555E-4,
            "1996-06-25": 7.999999797903001E-4,
            "1997-06-17": 6.666666595265269E-4,
            "1995-12-30": 6.666666595265269E-4,
            "1997-06-12": 6.99999975040555E-4,
            "1997-09-06": 6.666666595265269E-4,
            "1992-03-03": 6.333333440124989E-4,
            "1993-05-22": 6.333333440124989E-4,
            "1995-10-10": 6.666666595265269E-4,
            "1997-09-13": 7.33333348762244E-4,
            "1992-08-23": 6.666666595265269E-4,
            "1993-02-28": 6.333333440124989E-4,
            "1995-02-07": 6.333333440124989E-4,
            "1998-03-16": 7.33333348762244E-4,
            "1996-07-01": 6.99999975040555E-4,
            "1994-05-08": 8.333333535119891E-4,
            "1994-12-11": 6.333333440124989E-4,
            "1997-06-09": 6.666666595265269E-4,
            "1996-04-13": 6.99999975040555E-4,
            "1994-03-20": 6.666666595265269E-4,
            "1993-04-13": 6.333333440124989E-4,
            "1993-01-23": 6.666666595265269E-4,
            "1996-10-10": 6.99999975040555E-4,
            "1995-11-08": 6.666666595265269E-4,
            "1992-02-19": 6.333333440124989E-4,
            "1993-07-22": 6.99999975040555E-4,
            "1994-12-29": 6.333333440124989E-4,
            "1992-08-05": 7.33333348762244E-4,
            "1994-06-30": 6.666666595265269E-4,
            "1994-11-26": 6.666666595265269E-4,
            "1996-05-03": 6.666666595265269E-4,
            "1993-12-27": 7.33333348762244E-4,
            "1994-04-11": 6.666666595265269E-4,
            "1993-06-20": 6.99999975040555E-4,
            "1996-05-09": 6.666666595265269E-4,
            "1997-08-10": 7.33333348762244E-4,
            "1992-10-28": 6.333333440124989E-4,
            "1997-11-15": 7.999999797903001E-4,
            "1998-04-15": 6.666666595265269E-4,
            "1996-11-04": 7.666666642762721E-4,
            "1993-01-09": 6.666666595265269E-4,
            "1994-04-07": 6.99999975040555E-4,
            "1997-02-18": 6.99999975040555E-4,
            "1997-02-15": 6.666666595265269E-4,
            "1994-09-13": 6.333333440124989E-4,
            "1992-04-18": 6.666666595265269E-4,
            "1993-09-27": 6.333333440124989E-4,
            "1992-04-15": 6.333333440124989E-4,
            "1994-12-07": 7.666666642762721E-4,
            "1998-04-21": 6.99999975040555E-4,
            "1992-10-19": 7.33333348762244E-4,
            "1993-06-26": 7.33333348762244E-4,
            "1993-01-12": 6.333333440124989E-4,
            "1993-01-15": 6.333333440124989E-4,
            "1992-01-31": 6.99999975040555E-4,
            "1993-09-18": 6.333333440124989E-4,
            "1992-10-10": 6.333333440124989E-4,
            "1993-01-18": 6.333333440124989E-4,
            "1996-08-11": 6.99999975040555E-4,
            "1994-06-14": 6.666666595265269E-4,
            "1995-08-21": 6.666666595265269E-4,
            "1994-01-07": 7.666666642762721E-4,
            "1994-03-28": 7.33333348762244E-4,
            "1995-08-25": 6.99999975040555E-4
          },
          "o_shippriority": {
            "0": 1.0
          },
          "o_custkey": {
            "907": 8.666666690260172E-4,
            "193": 7.33333348762244E-4,
            "592": 7.666666642762721E-4,
            "352": 7.999999797903001E-4,
            "871": 7.666666642762721E-4,
            "3514": 7.666666642762721E-4,
            "2425": 7.33333348762244E-4,
            "1852": 8.333333535119891E-4,
            "1453": 7.666666642762721E-4,
            "514": 8.666666690260172E-4,
            "910": 8.333333535119891E-4,
            "637": 7.999999797903001E-4,
            "1339": 9.333333582617342E-4,
            "3013": 8.333333535119891E-4,
            "1471": 7.666666642762721E-4,
            "244": 7.33333348762244E-4,
            "2677": 7.999999797903001E-4,
            "7": 8.333333535119891E-4,
            "3646": 7.999999797903001E-4,
            "22": 7.33333348762244E-4,
            "3145": 8.333333535119891E-4,
            "1363": 7.33333348762244E-4,
            "2572": 7.666666642762721E-4,
            "1483": 7.33333348762244E-4,
            "3142": 7.666666642762721E-4,
            "133": 7.999999797903001E-4,
            "2965": 7.999999797903001E-4,
            "3019": 8.666666690260172E-4,
            "2722": 7.999999797903001E-4,
            "532": 7.33333348762244E-4,
            "895": 7.33333348762244E-4,
            "259": 7.999999797903001E-4,
            "898": 8.333333535119891E-4,
            "2200": 7.999999797903001E-4,
            "1879": 7.999999797903001E-4,
            "1891": 8.999999845400453E-4,
            "1096": 7.666666642762721E-4,
            "3394": 8.333333535119891E-4,
            "3031": 7.666666642762721E-4,
            "2977": 7.999999797903001E-4,
            "2338": 7.666666642762721E-4,
            "3547": 8.666666690260172E-4,
            "3304": 7.666666642762721E-4,
            "301": 7.33333348762244E-4,
            "1003": 8.333333535119891E-4,
            "544": 7.999999797903001E-4,
            "787": 7.33333348762244E-4,
            "3421": 8.666666690260172E-4,
            "667": 7.33333348762244E-4,
            "2593": 7.999999797903001E-4,
            "1141": 7.33333348762244E-4,
            "2350": 7.999999797903001E-4,
            "3715": 8.999999845400453E-4,
            "3439": 8.333333535119891E-4,
            "154": 7.666666642762721E-4,
            "1777": 7.33333348762244E-4,
            "673": 7.666666642762721E-4,
            "1258": 7.666666642762721E-4,
            "2467": 7.33333348762244E-4,
            "556": 7.33333348762244E-4,
            "1771": 7.999999797903001E-4,
            "2860": 7.999999797903001E-4,
            "2908": 7.666666642762721E-4,
            "559": 8.666666690260172E-4,
            "1813": 8.666666690260172E-4,
            "2080": 7.666666642762721E-4,
            "1033": 7.666666642762721E-4,
            "1153": 9.666666737757623E-4,
            "2086": 7.33333348762244E-4,
            "1270": 7.999999797903001E-4,
            "3052": 7.999999797903001E-4,
            "2998": 8.333333535119891E-4,
            "1303": 7.666666642762721E-4,
            "322": 7.33333348762244E-4,
            "169": 7.666666642762721E-4,
            "1147": 7.33333348762244E-4,
            "2356": 7.666666642762721E-4,
            "1024": 7.33333348762244E-4,
            "1708": 7.999999797903001E-4,
            "2092": 8.333333535119891E-4,
            "1561": 7.999999797903001E-4,
            "1285": 7.666666642762721E-4,
            "2404": 8.666666690260172E-4,
            "1159": 7.666666642762721E-4,
            "697": 7.999999797903001E-4,
            "2125": 8.333333535119891E-4,
            "457": 0.0010333333630114794,
            "1552": 7.33333348762244E-4,
            "856": 8.666666690260172E-4,
            "3232": 7.666666642762721E-4,
            "1051": 7.33333348762244E-4,
            "1600": 7.666666642762721E-4,
            "1201": 9.666666737757623E-4,
            "589": 7.33333348762244E-4,
            "2497": 8.333333535119891E-4,
            "502": 7.999999797903001E-4,
            "1849": 9.333333582617342E-4,
            "748": 8.999999845400453E-4,
            "628": 7.33333348762244E-4,
            "1966": 7.999999797903001E-4
          },
          "o_totalprice": {},
          "o_orderkey": {},
          "o_comment": {},
          "o_orderpriority": {
            "4-NOT SPECIFIED": 0.19983333349227905,
            "3-MEDIUM       ": 0.19466666877269745,
            "2-HIGH         ": 0.20440000295639038,
            "5-LOW          ": 0.20026665925979614,
            "1-URGENT       ": 0.20083333551883698
          }
        }
      },
      "region": {
        "rowCount": 5,
        "mostCommonFrequencies": {
          "r_regionkey": {},
          "r_comment": {},
          "r_name": {}
        }
      },
      "customer": {
        "rowCount": 3750,
        "mostCommonFrequencies": {
          "c_custkey": {},
          "c_phone": {},
          "c_acctbal": {
            "-411.15": 5.333333392627537E-4,
            "0.97": 5.333333392627537E-4,
            "4088.65": 5.333333392627537E-4,
            "5640.41": 5.333333392627537E-4,
            "1240.90": 5.333333392627537E-4
          },
          "c_mktsegment": {
            "FURNITURE ": 0.19120000302791595,
            "MACHINERY ": 0.19439999759197235,
            "HOUSEHOLD ": 0.19493333995342255,
            "AUTOMOBILE": 0.20319999754428864,
            "BUILDING  ": 0.2162666618824005
          },
          "c_address": {},
          "c_nationkey": {
            "22": 0.03893333300948143,
            "23": 0.03893333300948143,
            "24": 0.041333332657814026,
            "10": 0.04346666485071182,
            "11": 0.036533333361148834,
            "12": 0.03999999910593033,
            "13": 0.03840000182390213,
            "14": 0.03413333371281624,
            "15": 0.04213333502411842,
            "16": 0.04213333502411842,
            "17": 0.041333332657814026,
            "18": 0.04026666656136513,
            "19": 0.03786666691303253,
            "0": 0.04560000076889992,
            "1": 0.03973333165049553,
            "2": 0.04479999840259552,
            "3": 0.04266666620969772,
            "4": 0.04106666520237923,
            "5": 0.04213333502411842,
            "6": 0.03253333270549774,
            "7": 0.03946666792035103,
            "8": 0.04026666656136513,
            "9": 0.04053333401679993,
            "20": 0.036533333361148834,
            "21": 0.03920000046491623
          },
          "c_name": {},
          "c_comment": {}
        }
      }
    },
    "orderedEdges": [
      {
        "name": "supplier",
        "nodes": [
          "X30",
          "X21",
          "X31",
          "X34",
          "X33",
          "X35",
          "X38"
        ]
      },
      {
        "name": "customer",
        "nodes": [
          "X19",
          "X21",
          "X20",
          "X23",
          "X22",
          "X25",
          "X24",
          "X18"
        ]
      },
      {
        "name": "region",
        "nodes": [
          "X16",
          "X27",
          "X28"
        ]
      },
      {
        "name": "orders",
        "nodes": [
          "X8",
          "X36",
          "X2",
          "X3",
          "X4",
          "X5",
          "X18",
          "X6",
          "X7"
        ]
      },
      {
        "name": "partsupp",
        "nodes": [
          "X9",
          "X10",
          "X12",
          "X11",
          "X13"
        ]
      },
      {
        "name": "lineitem",
        "nodes": [
          "X50",
          "X41",
          "X40",
          "X51",
          "X43",
          "X42",
          "X45",
          "X44",
          "X36",
          "X47",
          "X46",
          "X38",
          "X49",
          "X37",
          "X48",
          "X39"
        ]
      },
      {
        "name": "nation",
        "nodes": [
          "X21",
          "X16",
          "X15",
          "X17"
        ]
      }
    ],
    "edges": [
      {
        "name": "supplier",
        "nodes": [
          "X30",
          "X21",
          "X31",
          "X34",
          "X33",
          "X35",
          "X38"
        ]
      },
      {
        "name": "customer",
        "nodes": [
          "X19",
          "X21",
          "X20",
          "X23",
          "X22",
          "X25",
          "X24",
          "X18"
        ]
      },
      {
        "name": "region",
        "nodes": [
          "X16",
          "X27",
          "X28"
        ]
      },
      {
        "name": "orders",
        "nodes": [
          "X8",
          "X36",
          "X2",
          "X3",
          "X4",
          "X5",
          "X18",
          "X6",
          "X7"
        ]
      },
      {
        "name": "partsupp",
        "nodes": [
          "X9",
          "X10",
          "X12",
          "X11",
          "X13"
        ]
      },
      {
        "name": "lineitem",
        "nodes": [
          "X50",
          "X41",
          "X40",
          "X51",
          "X43",
          "X42",
          "X45",
          "X44",
          "X36",
          "X47",
          "X46",
          "X38",
          "X49",
          "X37",
          "X48",
          "X39"
        ]
      },
      {
        "name": "nation",
        "nodes": [
          "X21",
          "X16",
          "X15",
          "X17"
        ]
      }
    ],
    "nodes": [
      "X19",
      "X41",
      "X40",
      "X21",
      "X43",
      "X20",
      "X42",
      "X23",
      "X45",
      "X22",
      "X44",
      "X25",
      "X47",
      "X2",
      "X24",
      "X46",
      "X3",
      "X27",
      "X49",
      "X4",
      "X48",
      "X5",
      "X6",
      "X28",
      "X7",
      "X8",
      "X9",
      "X50",
      "X30",
      "X51",
      "X10",
      "X31",
      "X12",
      "X34",
      "X11",
      "X33",
      "X36",
      "X13",
      "X35",
      "X16",
      "X38",
      "X37",
      "X15",
      "X18",
      "X39",
      "X17"
    ],
    "edgesByName": {
      "partsupp": {
        "name": "partsupp",
        "nodes": [
          "X9",
          "X10",
          "X12",
          "X11",
          "X13"
        ]
      },
      "lineitem": {
        "name": "lineitem",
        "nodes": [
          "X50",
          "X41",
          "X40",
          "X51",
          "X43",
          "X42",
          "X45",
          "X44",
          "X36",
          "X47",
          "X46",
          "X38",
          "X49",
          "X37",
          "X48",
          "X39"
        ]
      },
      "nation": {
        "name": "nation",
        "nodes": [
          "X21",
          "X16",
          "X15",
          "X17"
        ]
      },
      "supplier": {
        "name": "supplier",
        "nodes": [
          "X30",
          "X21",
          "X31",
          "X34",
          "X33",
          "X35",
          "X38"
        ]
      },
      "orders": {
        "name": "orders",
        "nodes": [
          "X8",
          "X36",
          "X2",
          "X3",
          "X4",
          "X5",
          "X18",
          "X6",
          "X7"
        ]
      },
      "region": {
        "name": "region",
        "nodes": [
          "X16",
          "X27",
          "X28"
        ]
      },
      "customer": {
        "name": "customer",
        "nodes": [
          "X19",
          "X21",
          "X20",
          "X23",
          "X22",
          "X25",
          "X24",
          "X18"
        ]
      }
    },
    "columnToVariableMapping": {
      "customer.c_phone": "X22",
      "nation.n_name": "X15",
      "nation.n_comment": "X17",
      "lineitem.l_receiptdate": "X48",
      "lineitem.l_orderkey": "X36",
      "lineitem.l_extendedprice": "X41",
      "nation.n_nationkey": "X21",
      "orders.o_orderkey": "X36",
      "customer.c_custkey": "X18",
      "lineitem.l_suppkey": "X38",
      "lineitem.l_commitdate": "X47",
      "lineitem.l_linestatus": "X45",
      "supplier.s_acctbal": "X34",
      "region.r_name": "X27",
      "partsupp.ps_supplycost": "X12",
      "orders.o_orderpriority": "X5",
      "supplier.s_comment": "X35",
      "lineitem.l_discount": "X42",
      "lineitem.l_quantity": "X40",
      "lineitem.l_partkey": "X37",
      "customer.c_comment": "X25",
      "orders.o_orderdate": "X4",
      "region.r_comment": "X28",
      "supplier.s_phone": "X33",
      "customer.c_address": "X20",
      "partsupp.ps_suppkey": "X10",
      "lineitem.l_linenumber": "X39",
      "partsupp.ps_partkey": "X9",
      "supplier.s_nationkey": "X21",
      "lineitem.l_shipinstruct": "X49",
      "supplier.s_address": "X31",
      "nation.n_regionkey": "X16",
      "lineitem.l_tax": "X43",
      "orders.o_orderstatus": "X2",
      "customer.c_mktsegment": "X24",
      "partsupp.ps_availqty": "X11",
      "orders.o_totalprice": "X3",
      "supplier.s_name": "X30",
      "orders.o_custkey": "X18",
      "orders.o_clerk": "X6",
      "customer.c_acctbal": "X23",
      "lineitem.l_returnflag": "X44",
      "lineitem.l_shipmode": "X50",
      "lineitem.l_shipdate": "X46",
      "supplier.s_suppkey": "X38",
      "orders.o_shippriority": "X7",
      "partsupp.ps_comment": "X13",
      "lineitem.l_comment": "X51",
      "customer.c_nationkey": "X21",
      "region.r_regionkey": "X16",
      "orders.o_comment": "X8",
      "customer.c_name": "X19"
    },
    "inverseEquivalenceMapping": {
      "X19": {
        "customer": [
          "c_name"
        ]
      },
      "X41": {
        "lineitem": [
          "l_extendedprice"
        ]
      },
      "X40": {
        "lineitem": [
          "l_quantity"
        ]
      },
      "X21": {
        "nation": [
          "n_nationkey"
        ],
        "supplier": [
          "s_nationkey"
        ],
        "customer": [
          "c_nationkey"
        ]
      },
      "X43": {
        "lineitem": [
          "l_tax"
        ]
      },
      "X20": {
        "customer": [
          "c_address"
        ]
      },
      "X42": {
        "lineitem": [
          "l_discount"
        ]
      },
      "X23": {
        "customer": [
          "c_acctbal"
        ]
      },
      "X45": {
        "lineitem": [
          "l_linestatus"
        ]
      },
      "X22": {
        "customer": [
          "c_phone"
        ]
      },
      "X44": {
        "lineitem": [
          "l_returnflag"
        ]
      },
      "X25": {
        "customer": [
          "c_comment"
        ]
      },
      "X47": {
        "lineitem": [
          "l_commitdate"
        ]
      },
      "X2": {
        "orders": [
          "o_orderstatus"
        ]
      },
      "X24": {
        "customer": [
          "c_mktsegment"
        ]
      },
      "X3": {
        "orders": [
          "o_totalprice"
        ]
      },
      "X46": {
        "lineitem": [
          "l_shipdate"
        ]
      },
      "X27": {
        "region": [
          "r_name"
        ]
      },
      "X4": {
        "orders": [
          "o_orderdate"
        ]
      },
      "X49": {
        "lineitem": [
          "l_shipinstruct"
        ]
      },
      "X48": {
        "lineitem": [
          "l_receiptdate"
        ]
      },
      "X5": {
        "orders": [
          "o_orderpriority"
        ]
      },
      "X6": {
        "orders": [
          "o_clerk"
        ]
      },
      "X28": {
        "region": [
          "r_comment"
        ]
      },
      "X7": {
        "orders": [
          "o_shippriority"
        ]
      },
      "X8": {
        "orders": [
          "o_comment"
        ]
      },
      "X9": {
        "partsupp": [
          "ps_partkey"
        ]
      },
      "X50": {
        "lineitem": [
          "l_shipmode"
        ]
      },
      "X30": {
        "supplier": [
          "s_name"
        ]
      },
      "X51": {
        "lineitem": [
          "l_comment"
        ]
      },
      "X10": {
        "partsupp": [
          "ps_suppkey"
        ]
      },
      "X31": {
        "supplier": [
          "s_address"
        ]
      },
      "X34": {
        "supplier": [
          "s_acctbal"
        ]
      },
      "X12": {
        "partsupp": [
          "ps_supplycost"
        ]
      },
      "X33": {
        "supplier": [
          "s_phone"
        ]
      },
      "X11": {
        "partsupp": [
          "ps_availqty"
        ]
      },
      "X36": {
        "lineitem": [
          "l_orderkey"
        ],
        "orders": [
          "o_orderkey"
        ]
      },
      "X35": {
        "supplier": [
          "s_comment"
        ]
      },
      "X13": {
        "partsupp": [
          "ps_comment"
        ]
      },
      "X38": {
        "lineitem": [
          "l_suppkey"
        ],
        "supplier": [
          "s_suppkey"
        ]
      },
      "X16": {
        "nation": [
          "n_regionkey"
        ],
        "region": [
          "r_regionkey"
        ]
      },
      "X37": {
        "lineitem": [
          "l_partkey"
        ]
      },
      "X15": {
        "nation": [
          "n_name"
        ]
      },
      "X18": {
        "orders": [
          "o_custkey"
        ],
        "customer": [
          "c_custkey"
        ]
      },
      "X39": {
        "lineitem": [
          "l_linenumber"
        ]
      },
      "X17": {
        "nation": [
          "n_comment"
        ]
      }
    },
    "variableToColumnMapping": {
      "X19": [
        "customer.c_name"
      ],
      "X41": [
        "lineitem.l_extendedprice"
      ],
      "X40": [
        "lineitem.l_quantity"
      ],
      "X21": [
        "nation.n_nationkey",
        "supplier.s_nationkey",
        "customer.c_nationkey"
      ],
      "X43": [
        "lineitem.l_tax"
      ],
      "X20": [
        "customer.c_address"
      ],
      "X42": [
        "lineitem.l_discount"
      ],
      "X23": [
        "customer.c_acctbal"
      ],
      "X45": [
        "lineitem.l_linestatus"
      ],
      "X22": [
        "customer.c_phone"
      ],
      "X44": [
        "lineitem.l_returnflag"
      ],
      "X25": [
        "customer.c_comment"
      ],
      "X47": [
        "lineitem.l_commitdate"
      ],
      "X2": [
        "orders.o_orderstatus"
      ],
      "X24": [
        "customer.c_mktsegment"
      ],
      "X3": [
        "orders.o_totalprice"
      ],
      "X46": [
        "lineitem.l_shipdate"
      ],
      "X27": [
        "region.r_name"
      ],
      "X4": [
        "orders.o_orderdate"
      ],
      "X49": [
        "lineitem.l_shipinstruct"
      ],
      "X48": [
        "lineitem.l_receiptdate"
      ],
      "X5": [
        "orders.o_orderpriority"
      ],
      "X6": [
        "orders.o_clerk"
      ],
      "X28": [
        "region.r_comment"
      ],
      "X7": [
        "orders.o_shippriority"
      ],
      "X8": [
        "orders.o_comment"
      ],
      "X9": [
        "partsupp.ps_partkey"
      ],
      "X50": [
        "lineitem.l_shipmode"
      ],
      "X30": [
        "supplier.s_name"
      ],
      "X51": [
        "lineitem.l_comment"
      ],
      "X10": [
        "partsupp.ps_suppkey"
      ],
      "X31": [
        "supplier.s_address"
      ],
      "X34": [
        "supplier.s_acctbal"
      ],
      "X12": [
        "partsupp.ps_supplycost"
      ],
      "X33": [
        "supplier.s_phone"
      ],
      "X11": [
        "partsupp.ps_availqty"
      ],
      "X36": [
        "lineitem.l_orderkey",
        "orders.o_orderkey"
      ],
      "X35": [
        "supplier.s_comment"
      ],
      "X13": [
        "partsupp.ps_comment"
      ],
      "X38": [
        "lineitem.l_suppkey",
        "supplier.s_suppkey"
      ],
      "X16": [
        "nation.n_regionkey",
        "region.r_regionkey"
      ],
      "X37": [
        "lineitem.l_partkey"
      ],
      "X15": [
        "nation.n_name"
      ],
      "X18": [
        "customer.c_custkey",
        "orders.o_custkey"
      ],
      "X39": [
        "lineitem.l_linenumber"
      ],
      "X17": [
        "nation.n_comment"
      ]
    },
    "decompositionTree": {}
  },
  "joinTree": {
    "successors": [
      {
        "successors": [],
        "tables": [
          "partsupp"
        ],
        "attributes": [
          "X12"
        ]
      },
      {
        "successors": [],
        "tables": [
          "nation"
        ],
        "attributes": [
          "X21",
          "X16",
          "X15"
        ]
      },
      {
        "successors": [
          {
            "successors": [],
            "tables": [
              "orders",
              "lineitem"
            ],
            "attributes": [
              "X41",
              "X42",
              "X36",
              "X38",
              "X18"
            ]
          }
        ],
        "tables": [
          "supplier",
          "customer"
        ],
        "attributes": [
          "X30",
          "X21",
          "X31",
          "X34",
          "X33",
          "X35",
          "X38",
          "X18"
        ]
      }
    ],
    "tables": [
      "supplier",
      "region"
    ],
    "attributes": [
      "X30",
      "X21",
      "X31",
      "X34",
      "X33",
      "X35",
      "X38",
      "X16"
    ]
  },
  "query": "-- $ID$\n-- TPC-H/TPC-R Local Supplier Volume Query (Q5)\n-- Functional Query Definition\n-- Approved February 1998\nselect nation.n_name, lineitem.l_extendedprice, lineitem.l_discount, partsupp.ps_supplycost\nfrom\n    customer,\n    orders,\n    lineitem,\n    supplier,\n    nation,\n    region,\n    partsupp\nwhere c_custkey \u003d o_custkey\n  and l_orderkey \u003d o_orderkey\n  and l_suppkey \u003d s_suppkey\n  and c_nationkey \u003d s_nationkey\n  and s_nationkey \u003d n_nationkey\n  and n_regionkey \u003d r_regionkey;"
}