supplier,250.000
supplier,lineitem,37597500.000
supplier,partsupp,5000000.000
nation,orders,937500.000
orders,26.874
customer,nation,93750.000
nation,25.000
partsupp,lineitem,3007800000.000
orders,lineitem,5639625000.000
customer,part,18750000.000
supplier,nation,6250.000
region,partsupp,100000.000
customer,lineitem,563962500.000
customer,10.000
region,customer,18750.000
region,5.000
partsupp,nation,500000.000
customer,orders,140625000.000
region,supplier,1250.000
region,orders,187500.000
part,partsupp,100000000.000
part,18.168
supplier,orders,9375000.000
part,orders,187500000.000
partsupp,0.000
region,part,25000.000
supplier,part,1250000.000
part,lineitem,751950000.000
part,nation,125000.000
region,lineitem,751950.000
nation,lineitem,3759750.000
supplier,customer,37386.000
customer,partsupp,75000000.000
partsupp,orders,750000000.000
region,nation,125.000
lineitem,0.000
