{
  "conf": {
    "db": "db6",
    "query": "query1.sql",
    "suffix": "balancedgo-80-01",
    "run": 1,
    "decompositionOptions": {
      "algorithm": "BALANCEDGO"
    },
    "queryTimeout": 100,
    "dbSize": 80,
    "parallel": true,
    "skipRows": true,
    "threadCount": 8,
    "booleanQuery": false,
    "useStatistics": true
  },
  "unoptimizedRuntime": 308,
  "optimizedTotalRuntime": 199,
  "optimizedQueryRuntime": 70,
  "optimizedQueryTimeout": false,
  "unoptimizedQueryTimeout": false,
  "optimizedResultCorrect": true,
  "unoptimizedColumns": 4,
  "optimizedColumns": 4,
  "unoptimizedRows": 2048,
  "optimizedRows": 2048,
  "hypergraph": {
    "weights": [
      {
        "bag": [
          {
            "name": "c5b",
            "nodes": [
              "X21",
              "X2",
              "X3"
            ]
          },
          {
            "name": "c1b",
            "nodes": [
              "X45",
              "X27",
              "X29"
            ]
          }
        ],
        "weight": 2313441.0
      },
      {
        "bag": [
          {
            "name": "c6b",
            "nodes": [
              "X23",
              "X24",
              "X18"
            ]
          }
        ],
        "weight": 1520.0001028776192
      },
      {
        "bag": [
          {
            "name": "c3b",
            "nodes": [
              "X9",
              "X38",
              "X39"
            ]
          },
          {
            "name": "c3a",
            "nodes": [
              "X9",
              "X51",
              "X11"
            ]
          }
        ],
        "weight": 1215.0000316835942
      },
      {
        "bag": [
          {
            "name": "c5a",
            "nodes": [
              "X21",
              "X23",
              "X15"
            ]
          },
          {
            "name": "c1a",
            "nodes": [
              "X45",
              "X33",
              "X47"
            ]
          }
        ],
        "weight": 2313441.0
      },
      {
        "bag": [
          {
            "name": "c4c",
            "nodes": [
              "X42",
              "X12",
              "X44"
            ]
          },
          {
            "name": "c4b",
            "nodes": [
              "X12",
              "X0",
              "X11"
            ]
          }
        ],
        "weight": 2430.0000633671884
      },
      {
        "bag": [
          {
            "name": "c1a",
            "nodes": [
              "X45",
              "X33",
              "X47"
            ]
          },
          {
            "name": "c6b",
            "nodes": [
              "X23",
              "X24",
              "X18"
            ]
          }
        ],
        "weight": 2313441.0
      },
      {
        "bag": [
          {
            "name": "c6c",
            "nodes": [
              "X2",
              "X24",
              "X6"
            ]
          },
          {
            "name": "c1b",
            "nodes": [
              "X45",
              "X27",
              "X29"
            ]
          }
        ],
        "weight": 2313441.0
      },
      {
        "bag": [
          {
            "name": "c3c",
            "nodes": [
              "X51",
              "X53",
              "X39"
            ]
          },
          {
            "name": "c1b",
            "nodes": [
              "X45",
              "X27",
              "X29"
            ]
          }
        ],
        "weight": 2313441.0
      },
      {
        "bag": [
          {
            "name": "c6a",
            "nodes": [
              "X20",
              "X18",
              "X6"
            ]
          },
          {
            "name": "c1b",
            "nodes": [
              "X45",
              "X27",
              "X29"
            ]
          }
        ],
        "weight": 2313441.0
      },
      {
        "bag": [
          {
            "name": "c4b",
            "nodes": [
              "X12",
              "X0",
              "X11"
            ]
          }
        ],
        "weight": 1520.0001028776192
      },
      {
        "bag": [
          {
            "name": "c1c",
            "nodes": [
              "X33",
              "X35",
              "X27"
            ]
          },
          {
            "name": "c3c",
            "nodes": [
              "X51",
              "X53",
              "X39"
            ]
          }
        ],
        "weight": 2313441.0
      },
      {
        "bag": [
          {
            "name": "c3b",
            "nodes": [
              "X9",
              "X38",
              "X39"
            ]
          },
          {
            "name": "c1c",
            "nodes": [
              "X33",
              "X35",
              "X27"
            ]
          }
        ],
        "weight": 2313441.0
      },
      {
        "bag": [
          {
            "name": "c1c",
            "nodes": [
              "X33",
              "X35",
              "X27"
            ]
          },
          {
            "name": "c2a",
            "nodes": [
              "X30",
              "X36",
              "X38"
            ]
          }
        ],
        "weight": 2313441.0
      },
      {
        "bag": [
          {
            "name": "c6c",
            "nodes": [
              "X2",
              "X24",
              "X6"
            ]
          },
          {
            "name": "c6a",
            "nodes": [
              "X20",
              "X18",
              "X6"
            ]
          }
        ],
        "weight": 1268.9999820962544
      },
      {
        "bag": [
          {
            "name": "c2a",
            "nodes": [
              "X30",
              "X36",
              "X38"
            ]
          },
          {
            "name": "c1b",
            "nodes": [
              "X45",
              "X27",
              "X29"
            ]
          }
        ],
        "weight": 2313441.0
      },
      {
        "bag": [
          {
            "name": "c1c",
            "nodes": [
              "X33",
              "X35",
              "X27"
            ]
          },
          {
            "name": "c4a",
            "nodes": [
              "X42",
              "X0",
              "X2"
            ]
          }
        ],
        "weight": 2313441.0
      },
      {
        "bag": [
          {
            "name": "c3a",
            "nodes": [
              "X9",
              "X51",
              "X11"
            ]
          },
          {
            "name": "c1b",
            "nodes": [
              "X45",
              "X27",
              "X29"
            ]
          }
        ],
        "weight": 2313441.0
      },
      {
        "bag": [
          {
            "name": "c2a",
            "nodes": [
              "X30",
              "X36",
              "X38"
            ]
          },
          {
            "name": "c6b",
            "nodes": [
              "X23",
              "X24",
              "X18"
            ]
          }
        ],
        "weight": 2313441.0
      },
      {
        "bag": [
          {
            "name": "c3c",
            "nodes": [
              "X51",
              "X53",
              "X39"
            ]
          },
          {
            "name": "c1a",
            "nodes": [
              "X45",
              "X33",
              "X47"
            ]
          }
        ],
        "weight": 2313441.0
      },
      {
        "bag": [
          {
            "name": "c5c",
            "nodes": [
              "X3",
              "X15",
              "X17"
            ]
          },
          {
            "name": "c1b",
            "nodes": [
              "X45",
              "X27",
              "X29"
            ]
          }
        ],
        "weight": 2313441.0
      },
      {
        "bag": [
          {
            "name": "c3b",
            "nodes": [
              "X9",
              "X38",
              "X39"
            ]
          },
          {
            "name": "c3c",
            "nodes": [
              "X51",
              "X53",
              "X39"
            ]
          }
        ],
        "weight": 2430.0000633671884
      },
      {
        "bag": [
          {
            "name": "c5a",
            "nodes": [
              "X21",
              "X23",
              "X15"
            ]
          }
        ],
        "weight": 1520.0001028776192
      },
      {
        "bag": [
          {
            "name": "c2c",
            "nodes": [
              "X30",
              "X32",
              "X48"
            ]
          },
          {
            "name": "c1b",
            "nodes": [
              "X45",
              "X27",
              "X29"
            ]
          }
        ],
        "weight": 2313441.0
      },
      {
        "bag": [
          {
            "name": "c4c",
            "nodes": [
              "X42",
              "X12",
              "X44"
            ]
          },
          {
            "name": "c1a",
            "nodes": [
              "X45",
              "X33",
              "X47"
            ]
          }
        ],
        "weight": 2313441.0
      },
      {
        "bag": [
          {
            "name": "c4c",
            "nodes": [
              "X42",
              "X12",
              "X44"
            ]
          },
          {
            "name": "c6c",
            "nodes": [
              "X2",
              "X24",
              "X6"
            ]
          }
        ],
        "weight": 2313441.0
      },
      {
        "bag": [
          {
            "name": "c4c",
            "nodes": [
              "X42",
              "X12",
              "X44"
            ]
          },
          {
            "name": "c2a",
            "nodes": [
              "X30",
              "X36",
              "X38"
            ]
          }
        ],
        "weight": 2313441.0
      },
      {
        "bag": [
          {
            "name": "c6a",
            "nodes": [
              "X20",
              "X18",
              "X6"
            ]
          },
          {
            "name": "c5b",
            "nodes": [
              "X21",
              "X2",
              "X3"
            ]
          }
        ],
        "weight": 2313441.0
      },
      {
        "bag": [
          {
            "name": "c2b",
            "nodes": [
              "X36",
              "X47",
              "X48"
            ]
          }
        ],
        "weight": 1520.0001028776192
      },
      {
        "bag": [
          {
            "name": "c2a",
            "nodes": [
              "X30",
              "X36",
              "X38"
            ]
          },
          {
            "name": "c5b",
            "nodes": [
              "X21",
              "X2",
              "X3"
            ]
          }
        ],
        "weight": 2313441.0
      },
      {
        "bag": [
          {
            "name": "c2a",
            "nodes": [
              "X30",
              "X36",
              "X38"
            ]
          },
          {
            "name": "c3a",
            "nodes": [
              "X9",
              "X51",
              "X11"
            ]
          }
        ],
        "weight": 2313441.0
      },
      {
        "bag": [
          {
            "name": "c3a",
            "nodes": [
              "X9",
              "X51",
              "X11"
            ]
          },
          {
            "name": "c1a",
            "nodes": [
              "X45",
              "X33",
              "X47"
            ]
          }
        ],
        "weight": 2313441.0
      },
      {
        "bag": [
          {
            "name": "c2a",
            "nodes": [
              "X30",
              "X36",
              "X38"
            ]
          },
          {
            "name": "c1a",
            "nodes": [
              "X45",
              "X33",
              "X47"
            ]
          }
        ],
        "weight": 2313441.0
      },
      {
        "bag": [
          {
            "name": "c5c",
            "nodes": [
              "X3",
              "X15",
              "X17"
            ]
          }
        ],
        "weight": 1520.0000264346595
      },
      {
        "bag": [
          {
            "name": "c2c",
            "nodes": [
              "X30",
              "X32",
              "X48"
            ]
          }
        ],
        "weight": 1520.0000264346595
      },
      {
        "bag": [
          {
            "name": "c2b",
            "nodes": [
              "X36",
              "X47",
              "X48"
            ]
          },
          {
            "name": "c2c",
            "nodes": [
              "X30",
              "X32",
              "X48"
            ]
          }
        ],
        "weight": 2430.0000633671884
      },
      {
        "bag": [
          {
            "name": "c3b",
            "nodes": [
              "X9",
              "X38",
              "X39"
            ]
          },
          {
            "name": "c2c",
            "nodes": [
              "X30",
              "X32",
              "X48"
            ]
          }
        ],
        "weight": 2313441.0
      },
      {
        "bag": [
          {
            "name": "c4b",
            "nodes": [
              "X12",
              "X0",
              "X11"
            ]
          },
          {
            "name": "c3a",
            "nodes": [
              "X9",
              "X51",
              "X11"
            ]
          }
        ],
        "weight": 2310400.1061821
      },
      {
        "bag": [
          {
            "name": "c3b",
            "nodes": [
              "X9",
              "X38",
              "X39"
            ]
          },
          {
            "name": "c2b",
            "nodes": [
              "X36",
              "X47",
              "X48"
            ]
          }
        ],
        "weight": 2313441.0
      },
      {
        "bag": [
          {
            "name": "c5c",
            "nodes": [
              "X3",
              "X15",
              "X17"
            ]
          },
          {
            "name": "c1a",
            "nodes": [
              "X45",
              "X33",
              "X47"
            ]
          }
        ],
        "weight": 2313441.0
      },
      {
        "bag": [
          {
            "name": "c5c",
            "nodes": [
              "X3",
              "X15",
              "X17"
            ]
          },
          {
            "name": "c4b",
            "nodes": [
              "X12",
              "X0",
              "X11"
            ]
          }
        ],
        "weight": 2313441.0
      },
      {
        "bag": [
          {
            "name": "c6a",
            "nodes": [
              "X20",
              "X18",
              "X6"
            ]
          },
          {
            "name": "c6b",
            "nodes": [
              "X23",
              "X24",
              "X18"
            ]
          }
        ],
        "weight": 1215.0000316835942
      },
      {
        "bag": [
          {
            "name": "c2c",
            "nodes": [
              "X30",
              "X32",
              "X48"
            ]
          },
          {
            "name": "c3c",
            "nodes": [
              "X51",
              "X53",
              "X39"
            ]
          }
        ],
        "weight": 2313441.0
      },
      {
        "bag": [
          {
            "name": "c5c",
            "nodes": [
              "X3",
              "X15",
              "X17"
            ]
          },
          {
            "name": "c5b",
            "nodes": [
              "X21",
              "X2",
              "X3"
            ]
          }
        ],
        "weight": 2430.0000633671884
      },
      {
        "bag": [
          {
            "name": "c4b",
            "nodes": [
              "X12",
              "X0",
              "X11"
            ]
          },
          {
            "name": "c5a",
            "nodes": [
              "X21",
              "X23",
              "X15"
            ]
          }
        ],
        "weight": 2313441.0
      },
      {
        "bag": [
          {
            "name": "c5c",
            "nodes": [
              "X3",
              "X15",
              "X17"
            ]
          },
          {
            "name": "c6a",
            "nodes": [
              "X20",
              "X18",
              "X6"
            ]
          }
        ],
        "weight": 2313441.0
      },
      {
        "bag": [
          {
            "name": "c5b",
            "nodes": [
              "X21",
              "X2",
              "X3"
            ]
          }
        ],
        "weight": 1520.0001028776192
      },
      {
        "bag": [
          {
            "name": "c1c",
            "nodes": [
              "X33",
              "X35",
              "X27"
            ]
          },
          {
            "name": "c5a",
            "nodes": [
              "X21",
              "X23",
              "X15"
            ]
          }
        ],
        "weight": 2313441.0
      },
      {
        "bag": [
          {
            "name": "c3a",
            "nodes": [
              "X9",
              "X51",
              "X11"
            ]
          },
          {
            "name": "c6b",
            "nodes": [
              "X23",
              "X24",
              "X18"
            ]
          }
        ],
        "weight": 2313441.0
      },
      {
        "bag": [
          {
            "name": "c4b",
            "nodes": [
              "X12",
              "X0",
              "X11"
            ]
          },
          {
            "name": "c4a",
            "nodes": [
              "X42",
              "X0",
              "X2"
            ]
          }
        ],
        "weight": 1215.0000316835942
      },
      {
        "bag": [
          {
            "name": "c2a",
            "nodes": [
              "X30",
              "X36",
              "X38"
            ]
          }
        ],
        "weight": 1520.0001028776192
      },
      {
        "bag": [
          {
            "name": "c2a",
            "nodes": [
              "X30",
              "X36",
              "X38"
            ]
          },
          {
            "name": "c4a",
            "nodes": [
              "X42",
              "X0",
              "X2"
            ]
          }
        ],
        "weight": 2313441.0
      },
      {
        "bag": [
          {
            "name": "c1c",
            "nodes": [
              "X33",
              "X35",
              "X27"
            ]
          },
          {
            "name": "c2b",
            "nodes": [
              "X36",
              "X47",
              "X48"
            ]
          }
        ],
        "weight": 2313441.0
      },
      {
        "bag": [
          {
            "name": "c4c",
            "nodes": [
              "X42",
              "X12",
              "X44"
            ]
          },
          {
            "name": "c4a",
            "nodes": [
              "X42",
              "X0",
              "X2"
            ]
          }
        ],
        "weight": 1268.9999820962544
      },
      {
        "bag": [
          {
            "name": "c4c",
            "nodes": [
              "X42",
              "X12",
              "X44"
            ]
          },
          {
            "name": "c3a",
            "nodes": [
              "X9",
              "X51",
              "X11"
            ]
          }
        ],
        "weight": 2313441.0
      },
      {
        "bag": [
          {
            "name": "c6c",
            "nodes": [
              "X2",
              "X24",
              "X6"
            ]
          },
          {
            "name": "c6b",
            "nodes": [
              "X23",
              "X24",
              "X18"
            ]
          }
        ],
        "weight": 2430.0000633671884
      },
      {
        "bag": [
          {
            "name": "c5a",
            "nodes": [
              "X21",
              "X23",
              "X15"
            ]
          },
          {
            "name": "c4a",
            "nodes": [
              "X42",
              "X0",
              "X2"
            ]
          }
        ],
        "weight": 2313441.0
      },
      {
        "bag": [
          {
            "name": "c1a",
            "nodes": [
              "X45",
              "X33",
              "X47"
            ]
          },
          {
            "name": "c1b",
            "nodes": [
              "X45",
              "X27",
              "X29"
            ]
          }
        ],
        "weight": 1215.0000316835942
      },
      {
        "bag": [
          {
            "name": "c2c",
            "nodes": [
              "X30",
              "X32",
              "X48"
            ]
          },
          {
            "name": "c5b",
            "nodes": [
              "X21",
              "X2",
              "X3"
            ]
          }
        ],
        "weight": 2313441.0
      },
      {
        "bag": [
          {
            "name": "c2a",
            "nodes": [
              "X30",
              "X36",
              "X38"
            ]
          },
          {
            "name": "c5a",
            "nodes": [
              "X21",
              "X23",
              "X15"
            ]
          }
        ],
        "weight": 2313441.0
      },
      {
        "bag": [
          {
            "name": "c6c",
            "nodes": [
              "X2",
              "X24",
              "X6"
            ]
          },
          {
            "name": "c3a",
            "nodes": [
              "X9",
              "X51",
              "X11"
            ]
          }
        ],
        "weight": 2313441.0
      },
      {
        "bag": [
          {
            "name": "c5c",
            "nodes": [
              "X3",
              "X15",
              "X17"
            ]
          },
          {
            "name": "c4a",
            "nodes": [
              "X42",
              "X0",
              "X2"
            ]
          }
        ],
        "weight": 2313441.0
      },
      {
        "bag": [
          {
            "name": "c1c",
            "nodes": [
              "X33",
              "X35",
              "X27"
            ]
          },
          {
            "name": "c2c",
            "nodes": [
              "X30",
              "X32",
              "X48"
            ]
          }
        ],
        "weight": 2313441.0
      },
      {
        "bag": [
          {
            "name": "c5b",
            "nodes": [
              "X21",
              "X2",
              "X3"
            ]
          },
          {
            "name": "c6b",
            "nodes": [
              "X23",
              "X24",
              "X18"
            ]
          }
        ],
        "weight": 2313441.0
      },
      {
        "bag": [
          {
            "name": "c3b",
            "nodes": [
              "X9",
              "X38",
              "X39"
            ]
          },
          {
            "name": "c6b",
            "nodes": [
              "X23",
              "X24",
              "X18"
            ]
          }
        ],
        "weight": 2313441.0
      },
      {
        "bag": [
          {
            "name": "c1c",
            "nodes": [
              "X33",
              "X35",
              "X27"
            ]
          },
          {
            "name": "c6b",
            "nodes": [
              "X23",
              "X24",
              "X18"
            ]
          }
        ],
        "weight": 2313441.0
      },
      {
        "bag": [
          {
            "name": "c6a",
            "nodes": [
              "X20",
              "X18",
              "X6"
            ]
          },
          {
            "name": "c4a",
            "nodes": [
              "X42",
              "X0",
              "X2"
            ]
          }
        ],
        "weight": 2313441.0
      },
      {
        "bag": [
          {
            "name": "c5b",
            "nodes": [
              "X21",
              "X2",
              "X3"
            ]
          },
          {
            "name": "c1a",
            "nodes": [
              "X45",
              "X33",
              "X47"
            ]
          }
        ],
        "weight": 2313441.0
      },
      {
        "bag": [
          {
            "name": "c2b",
            "nodes": [
              "X36",
              "X47",
              "X48"
            ]
          },
          {
            "name": "c5a",
            "nodes": [
              "X21",
              "X23",
              "X15"
            ]
          }
        ],
        "weight": 2313441.0
      },
      {
        "bag": [
          {
            "name": "c5c",
            "nodes": [
              "X3",
              "X15",
              "X17"
            ]
          },
          {
            "name": "c6b",
            "nodes": [
              "X23",
              "X24",
              "X18"
            ]
          }
        ],
        "weight": 2313441.0
      },
      {
        "bag": [
          {
            "name": "c6c",
            "nodes": [
              "X2",
              "X24",
              "X6"
            ]
          },
          {
            "name": "c5a",
            "nodes": [
              "X21",
              "X23",
              "X15"
            ]
          }
        ],
        "weight": 2313441.0
      },
      {
        "bag": [
          {
            "name": "c6c",
            "nodes": [
              "X2",
              "X24",
              "X6"
            ]
          }
        ],
        "weight": 1520.0000264346595
      },
      {
        "bag": [
          {
            "name": "c5c",
            "nodes": [
              "X3",
              "X15",
              "X17"
            ]
          },
          {
            "name": "c2b",
            "nodes": [
              "X36",
              "X47",
              "X48"
            ]
          }
        ],
        "weight": 2313441.0
      },
      {
        "bag": [
          {
            "name": "c3b",
            "nodes": [
              "X9",
              "X38",
              "X39"
            ]
          },
          {
            "name": "c1a",
            "nodes": [
              "X45",
              "X33",
              "X47"
            ]
          }
        ],
        "weight": 2313441.0
      },
      {
        "bag": [
          {
            "name": "c3b",
            "nodes": [
              "X9",
              "X38",
              "X39"
            ]
          },
          {
            "name": "c5a",
            "nodes": [
              "X21",
              "X23",
              "X15"
            ]
          }
        ],
        "weight": 2313441.0
      },
      {
        "bag": [
          {
            "name": "c1c",
            "nodes": [
              "X33",
              "X35",
              "X27"
            ]
          },
          {
            "name": "c6a",
            "nodes": [
              "X20",
              "X18",
              "X6"
            ]
          }
        ],
        "weight": 2313441.0
      },
      {
        "bag": [
          {
            "name": "c2c",
            "nodes": [
              "X30",
              "X32",
              "X48"
            ]
          },
          {
            "name": "c5a",
            "nodes": [
              "X21",
              "X23",
              "X15"
            ]
          }
        ],
        "weight": 2313441.0
      },
      {
        "bag": [
          {
            "name": "c1a",
            "nodes": [
              "X45",
              "X33",
              "X47"
            ]
          },
          {
            "name": "c4a",
            "nodes": [
              "X42",
              "X0",
              "X2"
            ]
          }
        ],
        "weight": 2313441.0
      },
      {
        "bag": [
          {
            "name": "c2b",
            "nodes": [
              "X36",
              "X47",
              "X48"
            ]
          },
          {
            "name": "c5b",
            "nodes": [
              "X21",
              "X2",
              "X3"
            ]
          }
        ],
        "weight": 2313441.0
      },
      {
        "bag": [
          {
            "name": "c2a",
            "nodes": [
              "X30",
              "X36",
              "X38"
            ]
          },
          {
            "name": "c2c",
            "nodes": [
              "X30",
              "X32",
              "X48"
            ]
          }
        ],
        "weight": 1268.9999820962544
      },
      {
        "bag": [
          {
            "name": "c2b",
            "nodes": [
              "X36",
              "X47",
              "X48"
            ]
          },
          {
            "name": "c6a",
            "nodes": [
              "X20",
              "X18",
              "X6"
            ]
          }
        ],
        "weight": 2313441.0
      },
      {
        "bag": [
          {
            "name": "c5a",
            "nodes": [
              "X21",
              "X23",
              "X15"
            ]
          },
          {
            "name": "c6a",
            "nodes": [
              "X20",
              "X18",
              "X6"
            ]
          }
        ],
        "weight": 2313441.0
      },
      {
        "bag": [
          {
            "name": "c3b",
            "nodes": [
              "X9",
              "X38",
              "X39"
            ]
          },
          {
            "name": "c6c",
            "nodes": [
              "X2",
              "X24",
              "X6"
            ]
          }
        ],
        "weight": 2313441.0
      },
      {
        "bag": [
          {
            "name": "c3b",
            "nodes": [
              "X9",
              "X38",
              "X39"
            ]
          }
        ],
        "weight": 1520.0001028776192
      },
      {
        "bag": [
          {
            "name": "c5a",
            "nodes": [
              "X21",
              "X23",
              "X15"
            ]
          },
          {
            "name": "c3a",
            "nodes": [
              "X9",
              "X51",
              "X11"
            ]
          }
        ],
        "weight": 2313441.0
      },
      {
        "bag": [
          {
            "name": "c2c",
            "nodes": [
              "X30",
              "X32",
              "X48"
            ]
          },
          {
            "name": "c3a",
            "nodes": [
              "X9",
              "X51",
              "X11"
            ]
          }
        ],
        "weight": 2313441.0
      },
      {
        "bag": [
          {
            "name": "c4c",
            "nodes": [
              "X42",
              "X12",
              "X44"
            ]
          },
          {
            "name": "c3b",
            "nodes": [
              "X9",
              "X38",
              "X39"
            ]
          }
        ],
        "weight": 2313441.0
      },
      {
        "bag": [
          {
            "name": "c6a",
            "nodes": [
              "X20",
              "X18",
              "X6"
            ]
          },
          {
            "name": "c3a",
            "nodes": [
              "X9",
              "X51",
              "X11"
            ]
          }
        ],
        "weight": 2313441.0
      },
      {
        "bag": [
          {
            "name": "c6b",
            "nodes": [
              "X23",
              "X24",
              "X18"
            ]
          },
          {
            "name": "c1b",
            "nodes": [
              "X45",
              "X27",
              "X29"
            ]
          }
        ],
        "weight": 2313441.0
      },
      {
        "bag": [
          {
            "name": "c5c",
            "nodes": [
              "X3",
              "X15",
              "X17"
            ]
          },
          {
            "name": "c5a",
            "nodes": [
              "X21",
              "X23",
              "X15"
            ]
          }
        ],
        "weight": 1268.9999820962544
      },
      {
        "bag": [
          {
            "name": "c3b",
            "nodes": [
              "X9",
              "X38",
              "X39"
            ]
          },
          {
            "name": "c4a",
            "nodes": [
              "X42",
              "X0",
              "X2"
            ]
          }
        ],
        "weight": 2313441.0
      },
      {
        "bag": [
          {
            "name": "c4b",
            "nodes": [
              "X12",
              "X0",
              "X11"
            ]
          },
          {
            "name": "c5b",
            "nodes": [
              "X21",
              "X2",
              "X3"
            ]
          }
        ],
        "weight": 2313441.0
      },
      {
        "bag": [
          {
            "name": "c4a",
            "nodes": [
              "X42",
              "X0",
              "X2"
            ]
          }
        ],
        "weight": 1520.0001028776192
      },
      {
        "bag": [
          {
            "name": "c4c",
            "nodes": [
              "X42",
              "X12",
              "X44"
            ]
          },
          {
            "name": "c2b",
            "nodes": [
              "X36",
              "X47",
              "X48"
            ]
          }
        ],
        "weight": 2313441.0
      },
      {
        "bag": [
          {
            "name": "c4c",
            "nodes": [
              "X42",
              "X12",
              "X44"
            ]
          },
          {
            "name": "c6b",
            "nodes": [
              "X23",
              "X24",
              "X18"
            ]
          }
        ],
        "weight": 2313441.0
      },
      {
        "bag": [
          {
            "name": "c4c",
            "nodes": [
              "X42",
              "X12",
              "X44"
            ]
          },
          {
            "name": "c1c",
            "nodes": [
              "X33",
              "X35",
              "X27"
            ]
          }
        ],
        "weight": 2313441.0
      },
      {
        "bag": [
          {
            "name": "c2a",
            "nodes": [
              "X30",
              "X36",
              "X38"
            ]
          },
          {
            "name": "c2b",
            "nodes": [
              "X36",
              "X47",
              "X48"
            ]
          }
        ],
        "weight": 1215.0000316835942
      },
      {
        "bag": [
          {
            "name": "c1b",
            "nodes": [
              "X45",
              "X27",
              "X29"
            ]
          },
          {
            "name": "c4a",
            "nodes": [
              "X42",
              "X0",
              "X2"
            ]
          }
        ],
        "weight": 2313441.0
      },
      {
        "bag": [
          {
            "name": "c3c",
            "nodes": [
              "X51",
              "X53",
              "X39"
            ]
          },
          {
            "name": "c4a",
            "nodes": [
              "X42",
              "X0",
              "X2"
            ]
          }
        ],
        "weight": 2313441.0
      },
      {
        "bag": [
          {
            "name": "c6c",
            "nodes": [
              "X2",
              "X24",
              "X6"
            ]
          },
          {
            "name": "c4b",
            "nodes": [
              "X12",
              "X0",
              "X11"
            ]
          }
        ],
        "weight": 2313441.0
      },
      {
        "bag": [
          {
            "name": "c2b",
            "nodes": [
              "X36",
              "X47",
              "X48"
            ]
          },
          {
            "name": "c3a",
            "nodes": [
              "X9",
              "X51",
              "X11"
            ]
          }
        ],
        "weight": 2313441.0
      },
      {
        "bag": [
          {
            "name": "c2a",
            "nodes": [
              "X30",
              "X36",
              "X38"
            ]
          },
          {
            "name": "c6c",
            "nodes": [
              "X2",
              "X24",
              "X6"
            ]
          }
        ],
        "weight": 2313441.0
      },
      {
        "bag": [
          {
            "name": "c5b",
            "nodes": [
              "X21",
              "X2",
              "X3"
            ]
          },
          {
            "name": "c3c",
            "nodes": [
              "X51",
              "X53",
              "X39"
            ]
          }
        ],
        "weight": 2313441.0
      },
      {
        "bag": [
          {
            "name": "c1c",
            "nodes": [
              "X33",
              "X35",
              "X27"
            ]
          },
          {
            "name": "c5b",
            "nodes": [
              "X21",
              "X2",
              "X3"
            ]
          }
        ],
        "weight": 2313441.0
      },
      {
        "bag": [
          {
            "name": "c5a",
            "nodes": [
              "X21",
              "X23",
              "X15"
            ]
          },
          {
            "name": "c5b",
            "nodes": [
              "X21",
              "X2",
              "X3"
            ]
          }
        ],
        "weight": 1215.0000316835942
      },
      {
        "bag": [
          {
            "name": "c6c",
            "nodes": [
              "X2",
              "X24",
              "X6"
            ]
          },
          {
            "name": "c2c",
            "nodes": [
              "X30",
              "X32",
              "X48"
            ]
          }
        ],
        "weight": 2313441.0
      },
      {
        "bag": [
          {
            "name": "c6a",
            "nodes": [
              "X20",
              "X18",
              "X6"
            ]
          },
          {
            "name": "c3c",
            "nodes": [
              "X51",
              "X53",
              "X39"
            ]
          }
        ],
        "weight": 2313441.0
      },
      {
        "bag": [
          {
            "name": "c3b",
            "nodes": [
              "X9",
              "X38",
              "X39"
            ]
          },
          {
            "name": "c5b",
            "nodes": [
              "X21",
              "X2",
              "X3"
            ]
          }
        ],
        "weight": 2313441.0
      },
      {
        "bag": [
          {
            "name": "c3b",
            "nodes": [
              "X9",
              "X38",
              "X39"
            ]
          },
          {
            "name": "c4b",
            "nodes": [
              "X12",
              "X0",
              "X11"
            ]
          }
        ],
        "weight": 2313441.0
      },
      {
        "bag": [
          {
            "name": "c6c",
            "nodes": [
              "X2",
              "X24",
              "X6"
            ]
          },
          {
            "name": "c5c",
            "nodes": [
              "X3",
              "X15",
              "X17"
            ]
          }
        ],
        "weight": 2313441.0
      },
      {
        "bag": [
          {
            "name": "c2c",
            "nodes": [
              "X30",
              "X32",
              "X48"
            ]
          },
          {
            "name": "c6a",
            "nodes": [
              "X20",
              "X18",
              "X6"
            ]
          }
        ],
        "weight": 2313441.0
      },
      {
        "bag": [
          {
            "name": "c1c",
            "nodes": [
              "X33",
              "X35",
              "X27"
            ]
          },
          {
            "name": "c6c",
            "nodes": [
              "X2",
              "X24",
              "X6"
            ]
          }
        ],
        "weight": 2313441.0
      },
      {
        "bag": [
          {
            "name": "c2b",
            "nodes": [
              "X36",
              "X47",
              "X48"
            ]
          },
          {
            "name": "c4b",
            "nodes": [
              "X12",
              "X0",
              "X11"
            ]
          }
        ],
        "weight": 2313441.0
      },
      {
        "bag": [
          {
            "name": "c3a",
            "nodes": [
              "X9",
              "X51",
              "X11"
            ]
          },
          {
            "name": "c3c",
            "nodes": [
              "X51",
              "X53",
              "X39"
            ]
          }
        ],
        "weight": 1268.9999820962544
      },
      {
        "bag": [
          {
            "name": "c2a",
            "nodes": [
              "X30",
              "X36",
              "X38"
            ]
          },
          {
            "name": "c5c",
            "nodes": [
              "X3",
              "X15",
              "X17"
            ]
          }
        ],
        "weight": 2313441.0
      },
      {
        "bag": [
          {
            "name": "c5b",
            "nodes": [
              "X21",
              "X2",
              "X3"
            ]
          },
          {
            "name": "c4a",
            "nodes": [
              "X42",
              "X0",
              "X2"
            ]
          }
        ],
        "weight": 2310400.1061821
      },
      {
        "bag": [
          {
            "name": "c6b",
            "nodes": [
              "X23",
              "X24",
              "X18"
            ]
          },
          {
            "name": "c4a",
            "nodes": [
              "X42",
              "X0",
              "X2"
            ]
          }
        ],
        "weight": 2313441.0
      },
      {
        "bag": [
          {
            "name": "c1a",
            "nodes": [
              "X45",
              "X33",
              "X47"
            ]
          }
        ],
        "weight": 1520.0001028776192
      },
      {
        "bag": [
          {
            "name": "c6a",
            "nodes": [
              "X20",
              "X18",
              "X6"
            ]
          }
        ],
        "weight": 1520.0001028776192
      },
      {
        "bag": [
          {
            "name": "c5c",
            "nodes": [
              "X3",
              "X15",
              "X17"
            ]
          },
          {
            "name": "c2c",
            "nodes": [
              "X30",
              "X32",
              "X48"
            ]
          }
        ],
        "weight": 2313441.0
      },
      {
        "bag": [
          {
            "name": "c4b",
            "nodes": [
              "X12",
              "X0",
              "X11"
            ]
          },
          {
            "name": "c1a",
            "nodes": [
              "X45",
              "X33",
              "X47"
            ]
          }
        ],
        "weight": 2313441.0
      },
      {
        "bag": [
          {
            "name": "c5a",
            "nodes": [
              "X21",
              "X23",
              "X15"
            ]
          },
          {
            "name": "c3c",
            "nodes": [
              "X51",
              "X53",
              "X39"
            ]
          }
        ],
        "weight": 2313441.0
      },
      {
        "bag": [
          {
            "name": "c1c",
            "nodes": [
              "X33",
              "X35",
              "X27"
            ]
          },
          {
            "name": "c1a",
            "nodes": [
              "X45",
              "X33",
              "X47"
            ]
          }
        ],
        "weight": 1268.9999820962544
      },
      {
        "bag": [
          {
            "name": "c4b",
            "nodes": [
              "X12",
              "X0",
              "X11"
            ]
          },
          {
            "name": "c3c",
            "nodes": [
              "X51",
              "X53",
              "X39"
            ]
          }
        ],
        "weight": 2313441.0
      },
      {
        "bag": [
          {
            "name": "c2c",
            "nodes": [
              "X30",
              "X32",
              "X48"
            ]
          },
          {
            "name": "c4a",
            "nodes": [
              "X42",
              "X0",
              "X2"
            ]
          }
        ],
        "weight": 2313441.0
      },
      {
        "bag": [
          {
            "name": "c3b",
            "nodes": [
              "X9",
              "X38",
              "X39"
            ]
          },
          {
            "name": "c6a",
            "nodes": [
              "X20",
              "X18",
              "X6"
            ]
          }
        ],
        "weight": 2313441.0
      },
      {
        "bag": [
          {
            "name": "c5a",
            "nodes": [
              "X21",
              "X23",
              "X15"
            ]
          },
          {
            "name": "c6b",
            "nodes": [
              "X23",
              "X24",
              "X18"
            ]
          }
        ],
        "weight": 2310400.1061821
      },
      {
        "bag": [
          {
            "name": "c6c",
            "nodes": [
              "X2",
              "X24",
              "X6"
            ]
          },
          {
            "name": "c3c",
            "nodes": [
              "X51",
              "X53",
              "X39"
            ]
          }
        ],
        "weight": 2313441.0
      },
      {
        "bag": [
          {
            "name": "c2b",
            "nodes": [
              "X36",
              "X47",
              "X48"
            ]
          },
          {
            "name": "c6b",
            "nodes": [
              "X23",
              "X24",
              "X18"
            ]
          }
        ],
        "weight": 2313441.0
      },
      {
        "bag": [
          {
            "name": "c6c",
            "nodes": [
              "X2",
              "X24",
              "X6"
            ]
          },
          {
            "name": "c1a",
            "nodes": [
              "X45",
              "X33",
              "X47"
            ]
          }
        ],
        "weight": 2313441.0
      },
      {
        "bag": [
          {
            "name": "c2c",
            "nodes": [
              "X30",
              "X32",
              "X48"
            ]
          },
          {
            "name": "c1a",
            "nodes": [
              "X45",
              "X33",
              "X47"
            ]
          }
        ],
        "weight": 2313441.0
      },
      {
        "bag": [
          {
            "name": "c3b",
            "nodes": [
              "X9",
              "X38",
              "X39"
            ]
          },
          {
            "name": "c1b",
            "nodes": [
              "X45",
              "X27",
              "X29"
            ]
          }
        ],
        "weight": 2313441.0
      },
      {
        "bag": [
          {
            "name": "c6c",
            "nodes": [
              "X2",
              "X24",
              "X6"
            ]
          },
          {
            "name": "c4a",
            "nodes": [
              "X42",
              "X0",
              "X2"
            ]
          }
        ],
        "weight": 2313441.0
      },
      {
        "bag": [
          {
            "name": "c4c",
            "nodes": [
              "X42",
              "X12",
              "X44"
            ]
          },
          {
            "name": "c1b",
            "nodes": [
              "X45",
              "X27",
              "X29"
            ]
          }
        ],
        "weight": 2313441.0
      },
      {
        "bag": [
          {
            "name": "c2b",
            "nodes": [
              "X36",
              "X47",
              "X48"
            ]
          },
          {
            "name": "c1a",
            "nodes": [
              "X45",
              "X33",
              "X47"
            ]
          }
        ],
        "weight": 2310400.1061821
      },
      {
        "bag": [
          {
            "name": "c1c",
            "nodes": [
              "X33",
              "X35",
              "X27"
            ]
          },
          {
            "name": "c3a",
            "nodes": [
              "X9",
              "X51",
              "X11"
            ]
          }
        ],
        "weight": 2313441.0
      },
      {
        "bag": [
          {
            "name": "c4b",
            "nodes": [
              "X12",
              "X0",
              "X11"
            ]
          },
          {
            "name": "c6b",
            "nodes": [
              "X23",
              "X24",
              "X18"
            ]
          }
        ],
        "weight": 2313441.0
      },
      {
        "bag": [
          {
            "name": "c4b",
            "nodes": [
              "X12",
              "X0",
              "X11"
            ]
          },
          {
            "name": "c6a",
            "nodes": [
              "X20",
              "X18",
              "X6"
            ]
          }
        ],
        "weight": 2313441.0
      },
      {
        "bag": [
          {
            "name": "c6a",
            "nodes": [
              "X20",
              "X18",
              "X6"
            ]
          },
          {
            "name": "c1a",
            "nodes": [
              "X45",
              "X33",
              "X47"
            ]
          }
        ],
        "weight": 2313441.0
      },
      {
        "bag": [
          {
            "name": "c1b",
            "nodes": [
              "X45",
              "X27",
              "X29"
            ]
          }
        ],
        "weight": 1520.0001028776192
      },
      {
        "bag": [
          {
            "name": "c4c",
            "nodes": [
              "X42",
              "X12",
              "X44"
            ]
          },
          {
            "name": "c3c",
            "nodes": [
              "X51",
              "X53",
              "X39"
            ]
          }
        ],
        "weight": 2313441.0
      },
      {
        "bag": [
          {
            "name": "c2b",
            "nodes": [
              "X36",
              "X47",
              "X48"
            ]
          },
          {
            "name": "c4a",
            "nodes": [
              "X42",
              "X0",
              "X2"
            ]
          }
        ],
        "weight": 2313441.0
      },
      {
        "bag": [
          {
            "name": "c3a",
            "nodes": [
              "X9",
              "X51",
              "X11"
            ]
          }
        ],
        "weight": 1520.0001028776192
      },
      {
        "bag": [
          {
            "name": "c3a",
            "nodes": [
              "X9",
              "X51",
              "X11"
            ]
          },
          {
            "name": "c4a",
            "nodes": [
              "X42",
              "X0",
              "X2"
            ]
          }
        ],
        "weight": 2313441.0
      },
      {
        "bag": [
          {
            "name": "c5a",
            "nodes": [
              "X21",
              "X23",
              "X15"
            ]
          },
          {
            "name": "c1b",
            "nodes": [
              "X45",
              "X27",
              "X29"
            ]
          }
        ],
        "weight": 2313441.0
      },
      {
        "bag": [
          {
            "name": "c2a",
            "nodes": [
              "X30",
              "X36",
              "X38"
            ]
          },
          {
            "name": "c6a",
            "nodes": [
              "X20",
              "X18",
              "X6"
            ]
          }
        ],
        "weight": 2313441.0
      },
      {
        "bag": [
          {
            "name": "c1c",
            "nodes": [
              "X33",
              "X35",
              "X27"
            ]
          }
        ],
        "weight": 1520.0000264346595
      },
      {
        "bag": [
          {
            "name": "c4c",
            "nodes": [
              "X42",
              "X12",
              "X44"
            ]
          }
        ],
        "weight": 1520.0000264346595
      },
      {
        "bag": [
          {
            "name": "c2b",
            "nodes": [
              "X36",
              "X47",
              "X48"
            ]
          },
          {
            "name": "c3c",
            "nodes": [
              "X51",
              "X53",
              "X39"
            ]
          }
        ],
        "weight": 2313441.0
      },
      {
        "bag": [
          {
            "name": "c4c",
            "nodes": [
              "X42",
              "X12",
              "X44"
            ]
          },
          {
            "name": "c2c",
            "nodes": [
              "X30",
              "X32",
              "X48"
            ]
          }
        ],
        "weight": 2313441.0
      },
      {
        "bag": [
          {
            "name": "c2a",
            "nodes": [
              "X30",
              "X36",
              "X38"
            ]
          },
          {
            "name": "c3c",
            "nodes": [
              "X51",
              "X53",
              "X39"
            ]
          }
        ],
        "weight": 2313441.0
      },
      {
        "bag": [
          {
            "name": "c4c",
            "nodes": [
              "X42",
              "X12",
              "X44"
            ]
          },
          {
            "name": "c5a",
            "nodes": [
              "X21",
              "X23",
              "X15"
            ]
          }
        ],
        "weight": 2313441.0
      },
      {
        "bag": [
          {
            "name": "c3c",
            "nodes": [
              "X51",
              "X53",
              "X39"
            ]
          },
          {
            "name": "c6b",
            "nodes": [
              "X23",
              "X24",
              "X18"
            ]
          }
        ],
        "weight": 2313441.0
      },
      {
        "bag": [
          {
            "name": "c4c",
            "nodes": [
              "X42",
              "X12",
              "X44"
            ]
          },
          {
            "name": "c6a",
            "nodes": [
              "X20",
              "X18",
              "X6"
            ]
          }
        ],
        "weight": 2313441.0
      },
      {
        "bag": [
          {
            "name": "c4b",
            "nodes": [
              "X12",
              "X0",
              "X11"
            ]
          },
          {
            "name": "c2c",
            "nodes": [
              "X30",
              "X32",
              "X48"
            ]
          }
        ],
        "weight": 2313441.0
      },
      {
        "bag": [
          {
            "name": "c5c",
            "nodes": [
              "X3",
              "X15",
              "X17"
            ]
          },
          {
            "name": "c3a",
            "nodes": [
              "X9",
              "X51",
              "X11"
            ]
          }
        ],
        "weight": 2313441.0
      },
      {
        "bag": [
          {
            "name": "c1c",
            "nodes": [
              "X33",
              "X35",
              "X27"
            ]
          },
          {
            "name": "c5c",
            "nodes": [
              "X3",
              "X15",
              "X17"
            ]
          }
        ],
        "weight": 2313441.0
      },
      {
        "bag": [
          {
            "name": "c6c",
            "nodes": [
              "X2",
              "X24",
              "X6"
            ]
          },
          {
            "name": "c2b",
            "nodes": [
              "X36",
              "X47",
              "X48"
            ]
          }
        ],
        "weight": 2313441.0
      },
      {
        "bag": [
          {
            "name": "c2a",
            "nodes": [
              "X30",
              "X36",
              "X38"
            ]
          },
          {
            "name": "c4b",
            "nodes": [
              "X12",
              "X0",
              "X11"
            ]
          }
        ],
        "weight": 2313441.0
      },
      {
        "bag": [
          {
            "name": "c5b",
            "nodes": [
              "X21",
              "X2",
              "X3"
            ]
          },
          {
            "name": "c3a",
            "nodes": [
              "X9",
              "X51",
              "X11"
            ]
          }
        ],
        "weight": 2313441.0
      },
      {
        "bag": [
          {
            "name": "c1c",
            "nodes": [
              "X33",
              "X35",
              "X27"
            ]
          },
          {
            "name": "c1b",
            "nodes": [
              "X45",
              "X27",
              "X29"
            ]
          }
        ],
        "weight": 2430.0000633671884
      },
      {
        "bag": [
          {
            "name": "c3b",
            "nodes": [
              "X9",
              "X38",
              "X39"
            ]
          },
          {
            "name": "c5c",
            "nodes": [
              "X3",
              "X15",
              "X17"
            ]
          }
        ],
        "weight": 2313441.0
      },
      {
        "bag": [
          {
            "name": "c3c",
            "nodes": [
              "X51",
              "X53",
              "X39"
            ]
          }
        ],
        "weight": 1520.0000264346595
      },
      {
        "bag": [
          {
            "name": "c4c",
            "nodes": [
              "X42",
              "X12",
              "X44"
            ]
          },
          {
            "name": "c5c",
            "nodes": [
              "X3",
              "X15",
              "X17"
            ]
          }
        ],
        "weight": 2313441.0
      },
      {
        "bag": [
          {
            "name": "c6c",
            "nodes": [
              "X2",
              "X24",
              "X6"
            ]
          },
          {
            "name": "c5b",
            "nodes": [
              "X21",
              "X2",
              "X3"
            ]
          }
        ],
        "weight": 2313441.0
      },
      {
        "bag": [
          {
            "name": "c2c",
            "nodes": [
              "X30",
              "X32",
              "X48"
            ]
          },
          {
            "name": "c6b",
            "nodes": [
              "X23",
              "X24",
              "X18"
            ]
          }
        ],
        "weight": 2313441.0
      },
      {
        "bag": [
          {
            "name": "c3b",
            "nodes": [
              "X9",
              "X38",
              "X39"
            ]
          },
          {
            "name": "c2a",
            "nodes": [
              "X30",
              "X36",
              "X38"
            ]
          }
        ],
        "weight": 2310400.1061821
      },
      {
        "bag": [
          {
            "name": "c5c",
            "nodes": [
              "X3",
              "X15",
              "X17"
            ]
          },
          {
            "name": "c3c",
            "nodes": [
              "X51",
              "X53",
              "X39"
            ]
          }
        ],
        "weight": 2313441.0
      },
      {
        "bag": [
          {
            "name": "c1c",
            "nodes": [
              "X33",
              "X35",
              "X27"
            ]
          },
          {
            "name": "c4b",
            "nodes": [
              "X12",
              "X0",
              "X11"
            ]
          }
        ],
        "weight": 2313441.0
      },
      {
        "bag": [
          {
            "name": "c4c",
            "nodes": [
              "X42",
              "X12",
              "X44"
            ]
          },
          {
            "name": "c5b",
            "nodes": [
              "X21",
              "X2",
              "X3"
            ]
          }
        ],
        "weight": 2313441.0
      },
      {
        "bag": [
          {
            "name": "c4b",
            "nodes": [
              "X12",
              "X0",
              "X11"
            ]
          },
          {
            "name": "c1b",
            "nodes": [
              "X45",
              "X27",
              "X29"
            ]
          }
        ],
        "weight": 2313441.0
      },
      {
        "bag": [
          {
            "name": "c2b",
            "nodes": [
              "X36",
              "X47",
              "X48"
            ]
          },
          {
            "name": "c1b",
            "nodes": [
              "X45",
              "X27",
              "X29"
            ]
          }
        ],
        "weight": 2313441.0
      }
    ],
    "statistics": {
      "c5a": {
        "rowCount": 1521,
        "mostCommonFrequencies": {
          "x": {
            "0": 0.02958579920232296,
            "1": 0.9704142212867737
          },
          "y": {
            "0": 0.017751479521393776,
            "2": 0.9822485446929932
          },
          "z": {
            "1": 0.9993425607681274
          }
        }
      },
      "c6b": {
        "rowCount": 1521,
        "mostCommonFrequencies": {
          "x": {
            "0": 0.02958579920232296,
            "1": 0.9704142212867737
          },
          "y": {
            "0": 0.017751479521393776,
            "2": 0.9822485446929932
          },
          "z": {
            "1": 0.9993425607681274
          }
        }
      },
      "c6a": {
        "rowCount": 1521,
        "mostCommonFrequencies": {
          "x": {
            "0": 0.02958579920232296,
            "1": 0.9704142212867737
          },
          "y": {
            "0": 0.017751479521393776,
            "2": 0.9822485446929932
          },
          "z": {
            "1": 0.9993425607681274
          }
        }
      },
      "c3a": {
        "rowCount": 1521,
        "mostCommonFrequencies": {
          "x": {
            "0": 0.02958579920232296,
            "1": 0.9704142212867737
          },
          "y": {
            "0": 0.017751479521393776,
            "2": 0.9822485446929932
          },
          "z": {
            "1": 0.9993425607681274
          }
        }
      },
      "c4b": {
        "rowCount": 1521,
        "mostCommonFrequencies": {
          "x": {
            "0": 0.02958579920232296,
            "1": 0.9704142212867737
          },
          "y": {
            "0": 0.017751479521393776,
            "2": 0.9822485446929932
          },
          "z": {
            "1": 0.9993425607681274
          }
        }
      },
      "c5c": {
        "rowCount": 1521,
        "mostCommonFrequencies": {
          "x": {
            "0": 0.03090072236955166,
            "3": 0.9690992832183838
          },
          "y": {
            "0": 0.03550295904278755,
            "4": 0.9644970297813416
          },
          "z": {
            "2": 0.9993425607681274
          }
        }
      },
      "c4a": {
        "rowCount": 1521,
        "mostCommonFrequencies": {
          "x": {
            "0": 0.02958579920232296,
            "1": 0.9704142212867737
          },
          "y": {
            "0": 0.017751479521393776,
            "2": 0.9822485446929932
          },
          "z": {
            "1": 0.9993425607681274
          }
        }
      },
      "c5b": {
        "rowCount": 1521,
        "mostCommonFrequencies": {
          "x": {
            "0": 0.02958579920232296,
            "1": 0.9704142212867737
          },
          "y": {
            "0": 0.017751479521393776,
            "2": 0.9822485446929932
          },
          "z": {
            "1": 0.9993425607681274
          }
        }
      },
      "c6c": {
        "rowCount": 1521,
        "mostCommonFrequencies": {
          "x": {
            "0": 0.03090072236955166,
            "3": 0.9690992832183838
          },
          "y": {
            "0": 0.03550295904278755,
            "4": 0.9644970297813416
          },
          "z": {
            "2": 0.9993425607681274
          }
        }
      },
      "c1a": {
        "rowCount": 1521,
        "mostCommonFrequencies": {
          "x": {
            "0": 0.02958579920232296,
            "1": 0.9704142212867737
          },
          "y": {
            "0": 0.017751479521393776,
            "2": 0.9822485446929932
          },
          "z": {
            "1": 0.9993425607681274
          }
        }
      },
      "c2b": {
        "rowCount": 1521,
        "mostCommonFrequencies": {
          "x": {
            "0": 0.02958579920232296,
            "1": 0.9704142212867737
          },
          "y": {
            "0": 0.017751479521393776,
            "2": 0.9822485446929932
          },
          "z": {
            "1": 0.9993425607681274
          }
        }
      },
      "c3c": {
        "rowCount": 1521,
        "mostCommonFrequencies": {
          "x": {
            "0": 0.03090072236955166,
            "3": 0.9690992832183838
          },
          "y": {
            "0": 0.03550295904278755,
            "4": 0.9644970297813416
          },
          "z": {
            "2": 0.9993425607681274
          }
        }
      },
      "c2a": {
        "rowCount": 1521,
        "mostCommonFrequencies": {
          "x": {
            "0": 0.02958579920232296,
            "1": 0.9704142212867737
          },
          "y": {
            "0": 0.017751479521393776,
            "2": 0.9822485446929932
          },
          "z": {
            "1": 0.9993425607681274
          }
        }
      },
      "c3b": {
        "rowCount": 1521,
        "mostCommonFrequencies": {
          "x": {
            "0": 0.02958579920232296,
            "1": 0.9704142212867737
          },
          "y": {
            "0": 0.017751479521393776,
            "2": 0.9822485446929932
          },
          "z": {
            "1": 0.9993425607681274
          }
        }
      },
      "c4c": {
        "rowCount": 1521,
        "mostCommonFrequencies": {
          "x": {
            "0": 0.03090072236955166,
            "3": 0.9690992832183838
          },
          "y": {
            "0": 0.03550295904278755,
            "4": 0.9644970297813416
          },
          "z": {
            "2": 0.9993425607681274
          }
        }
      },
      "c1c": {
        "rowCount": 1521,
        "mostCommonFrequencies": {
          "x": {
            "0": 0.03090072236955166,
            "3": 0.9690992832183838
          },
          "y": {
            "0": 0.03550295904278755,
            "4": 0.9644970297813416
          },
          "z": {
            "2": 0.9993425607681274
          }
        }
      },
      "c1b": {
        "rowCount": 1521,
        "mostCommonFrequencies": {
          "x": {
            "0": 0.02958579920232296,
            "1": 0.9704142212867737
          },
          "y": {
            "0": 0.017751479521393776,
            "2": 0.9822485446929932
          },
          "z": {
            "1": 0.9993425607681274
          }
        }
      },
      "c2c": {
        "rowCount": 1521,
        "mostCommonFrequencies": {
          "x": {
            "0": 0.03090072236955166,
            "3": 0.9690992832183838
          },
          "y": {
            "0": 0.03550295904278755,
            "4": 0.9644970297813416
          },
          "z": {
            "2": 0.9993425607681274
          }
        }
      }
    },
    "orderedEdges": [
      {
        "name": "c4c",
        "nodes": [
          "X42",
          "X12",
          "X44"
        ]
      },
      {
        "name": "c6c",
        "nodes": [
          "X2",
          "X24",
          "X6"
        ]
      },
      {
        "name": "c2b",
        "nodes": [
          "X36",
          "X47",
          "X48"
        ]
      },
      {
        "name": "c2c",
        "nodes": [
          "X30",
          "X32",
          "X48"
        ]
      },
      {
        "name": "c3a",
        "nodes": [
          "X9",
          "X51",
          "X11"
        ]
      },
      {
        "name": "c3c",
        "nodes": [
          "X51",
          "X53",
          "X39"
        ]
      },
      {
        "name": "c6b",
        "nodes": [
          "X23",
          "X24",
          "X18"
        ]
      },
      {
        "name": "c4a",
        "nodes": [
          "X42",
          "X0",
          "X2"
        ]
      },
      {
        "name": "c3b",
        "nodes": [
          "X9",
          "X38",
          "X39"
        ]
      },
      {
        "name": "c1c",
        "nodes": [
          "X33",
          "X35",
          "X27"
        ]
      },
      {
        "name": "c2a",
        "nodes": [
          "X30",
          "X36",
          "X38"
        ]
      },
      {
        "name": "c5c",
        "nodes": [
          "X3",
          "X15",
          "X17"
        ]
      },
      {
        "name": "c4b",
        "nodes": [
          "X12",
          "X0",
          "X11"
        ]
      },
      {
        "name": "c5a",
        "nodes": [
          "X21",
          "X23",
          "X15"
        ]
      },
      {
        "name": "c6a",
        "nodes": [
          "X20",
          "X18",
          "X6"
        ]
      },
      {
        "name": "c5b",
        "nodes": [
          "X21",
          "X2",
          "X3"
        ]
      },
      {
        "name": "c1a",
        "nodes": [
          "X45",
          "X33",
          "X47"
        ]
      },
      {
        "name": "c1b",
        "nodes": [
          "X45",
          "X27",
          "X29"
        ]
      }
    ],
    "edges": [
      {
        "name": "c4c",
        "nodes": [
          "X42",
          "X12",
          "X44"
        ]
      },
      {
        "name": "c6c",
        "nodes": [
          "X2",
          "X24",
          "X6"
        ]
      },
      {
        "name": "c2b",
        "nodes": [
          "X36",
          "X47",
          "X48"
        ]
      },
      {
        "name": "c2c",
        "nodes": [
          "X30",
          "X32",
          "X48"
        ]
      },
      {
        "name": "c3a",
        "nodes": [
          "X9",
          "X51",
          "X11"
        ]
      },
      {
        "name": "c3c",
        "nodes": [
          "X51",
          "X53",
          "X39"
        ]
      },
      {
        "name": "c6b",
        "nodes": [
          "X23",
          "X24",
          "X18"
        ]
      },
      {
        "name": "c4a",
        "nodes": [
          "X42",
          "X0",
          "X2"
        ]
      },
      {
        "name": "c3b",
        "nodes": [
          "X9",
          "X38",
          "X39"
        ]
      },
      {
        "name": "c1c",
        "nodes": [
          "X33",
          "X35",
          "X27"
        ]
      },
      {
        "name": "c2a",
        "nodes": [
          "X30",
          "X36",
          "X38"
        ]
      },
      {
        "name": "c5c",
        "nodes": [
          "X3",
          "X15",
          "X17"
        ]
      },
      {
        "name": "c4b",
        "nodes": [
          "X12",
          "X0",
          "X11"
        ]
      },
      {
        "name": "c5a",
        "nodes": [
          "X21",
          "X23",
          "X15"
        ]
      },
      {
        "name": "c6a",
        "nodes": [
          "X20",
          "X18",
          "X6"
        ]
      },
      {
        "name": "c5b",
        "nodes": [
          "X21",
          "X2",
          "X3"
        ]
      },
      {
        "name": "c1a",
        "nodes": [
          "X45",
          "X33",
          "X47"
        ]
      },
      {
        "name": "c1b",
        "nodes": [
          "X45",
          "X27",
          "X29"
        ]
      }
    ],
    "nodes": [
      "X21",
      "X42",
      "X20",
      "X0",
      "X23",
      "X45",
      "X44",
      "X2",
      "X47",
      "X24",
      "X3",
      "X27",
      "X48",
      "X6",
      "X29",
      "X9",
      "X30",
      "X51",
      "X32",
      "X53",
      "X12",
      "X11",
      "X33",
      "X36",
      "X35",
      "X38",
      "X15",
      "X18",
      "X39",
      "X17"
    ],
    "edgesByName": {
      "c6b": {
        "name": "c6b",
        "nodes": [
          "X23",
          "X24",
          "X18"
        ]
      },
      "c5a": {
        "name": "c5a",
        "nodes": [
          "X21",
          "X23",
          "X15"
        ]
      },
      "c6a": {
        "name": "c6a",
        "nodes": [
          "X20",
          "X18",
          "X6"
        ]
      },
      "c3a": {
        "name": "c3a",
        "nodes": [
          "X9",
          "X51",
          "X11"
        ]
      },
      "c5c": {
        "name": "c5c",
        "nodes": [
          "X3",
          "X15",
          "X17"
        ]
      },
      "c4b": {
        "name": "c4b",
        "nodes": [
          "X12",
          "X0",
          "X11"
        ]
      },
      "c6c": {
        "name": "c6c",
        "nodes": [
          "X2",
          "X24",
          "X6"
        ]
      },
      "c4a": {
        "name": "c4a",
        "nodes": [
          "X42",
          "X0",
          "X2"
        ]
      },
      "c5b": {
        "name": "c5b",
        "nodes": [
          "X21",
          "X2",
          "X3"
        ]
      },
      "c2b": {
        "name": "c2b",
        "nodes": [
          "X36",
          "X47",
          "X48"
        ]
      },
      "c3c": {
        "name": "c3c",
        "nodes": [
          "X51",
          "X53",
          "X39"
        ]
      },
      "c1a": {
        "name": "c1a",
        "nodes": [
          "X45",
          "X33",
          "X47"
        ]
      },
      "c4c": {
        "name": "c4c",
        "nodes": [
          "X42",
          "X12",
          "X44"
        ]
      },
      "c3b": {
        "name": "c3b",
        "nodes": [
          "X9",
          "X38",
          "X39"
        ]
      },
      "c2a": {
        "name": "c2a",
        "nodes": [
          "X30",
          "X36",
          "X38"
        ]
      },
      "c1c": {
        "name": "c1c",
        "nodes": [
          "X33",
          "X35",
          "X27"
        ]
      },
      "c2c": {
        "name": "c2c",
        "nodes": [
          "X30",
          "X32",
          "X48"
        ]
      },
      "c1b": {
        "name": "c1b",
        "nodes": [
          "X45",
          "X27",
          "X29"
        ]
      }
    },
    "columnToVariableMapping": {
      "c1b.z": "X29",
      "c4b.y": "X0",
      "c6c.z": "X2",
      "c4b.z": "X11",
      "c2c.y": "X48",
      "c6a.y": "X6",
      "c2c.x": "X30",
      "c2a.z": "X38",
      "c6a.x": "X18",
      "c6c.y": "X24",
      "c2a.y": "X30",
      "c6a.z": "X20",
      "c6c.x": "X6",
      "c4b.x": "X12",
      "c2a.x": "X36",
      "c2c.z": "X32",
      "c5c.y": "X3",
      "c5c.z": "X17",
      "c1a.y": "X33",
      "c5a.x": "X21",
      "c1a.z": "X47",
      "c1c.x": "X33",
      "c3b.z": "X38",
      "c3b.y": "X9",
      "c5a.y": "X15",
      "c5a.z": "X23",
      "c1a.x": "X45",
      "c5c.x": "X15",
      "c3b.x": "X39",
      "c1c.y": "X27",
      "c1c.z": "X35",
      "c4c.x": "X42",
      "c4a.z": "X2",
      "c4c.y": "X12",
      "c4c.z": "X44",
      "c2b.z": "X47",
      "c6b.x": "X24",
      "c2b.y": "X36",
      "c4a.x": "X0",
      "c6b.z": "X23",
      "c2b.x": "X48",
      "c4a.y": "X42",
      "c6b.y": "X18",
      "c5b.z": "X2",
      "c3a.x": "X9",
      "c1b.x": "X27",
      "c3c.z": "X53",
      "c1b.y": "X45",
      "c3c.y": "X39",
      "c5b.x": "X3",
      "c3c.x": "X51",
      "c3a.z": "X11",
      "c5b.y": "X21",
      "c3a.y": "X51"
    },
    "inverseEquivalenceMapping": {
      "X21": {
        "c5b": [
          "y"
        ],
        "c5a": [
          "x"
        ]
      },
      "X20": {
        "c6a": [
          "z"
        ]
      },
      "X42": {
        "c4a": [
          "y"
        ],
        "c4c": [
          "x"
        ]
      },
      "X23": {
        "c5a": [
          "z"
        ],
        "c6b": [
          "z"
        ]
      },
      "X0": {
        "c4b": [
          "y"
        ],
        "c4a": [
          "x"
        ]
      },
      "X45": {
        "c1a": [
          "x"
        ],
        "c1b": [
          "y"
        ]
      },
      "X44": {
        "c4c": [
          "z"
        ]
      },
      "X2": {
        "c6c": [
          "z"
        ],
        "c4a": [
          "z"
        ],
        "c5b": [
          "z"
        ]
      },
      "X47": {
        "c1a": [
          "z"
        ],
        "c2b": [
          "z"
        ]
      },
      "X24": {
        "c6c": [
          "y"
        ],
        "c6b": [
          "x"
        ]
      },
      "X3": {
        "c5c": [
          "y"
        ],
        "c5b": [
          "x"
        ]
      },
      "X27": {
        "c1c": [
          "y"
        ],
        "c1b": [
          "x"
        ]
      },
      "X48": {
        "c2b": [
          "x"
        ],
        "c2c": [
          "y"
        ]
      },
      "X29": {
        "c1b": [
          "z"
        ]
      },
      "X6": {
        "c6c": [
          "x"
        ],
        "c6a": [
          "y"
        ]
      },
      "X9": {
        "c3a": [
          "x"
        ],
        "c3b": [
          "y"
        ]
      },
      "X30": {
        "c2a": [
          "y"
        ],
        "c2c": [
          "x"
        ]
      },
      "X51": {
        "c3a": [
          "y"
        ],
        "c3c": [
          "x"
        ]
      },
      "X32": {
        "c2c": [
          "z"
        ]
      },
      "X53": {
        "c3c": [
          "z"
        ]
      },
      "X12": {
        "c4b": [
          "x"
        ],
        "c4c": [
          "y"
        ]
      },
      "X33": {
        "c1a": [
          "y"
        ],
        "c1c": [
          "x"
        ]
      },
      "X11": {
        "c4b": [
          "z"
        ],
        "c3a": [
          "z"
        ]
      },
      "X36": {
        "c2b": [
          "y"
        ],
        "c2a": [
          "x"
        ]
      },
      "X35": {
        "c1c": [
          "z"
        ]
      },
      "X38": {
        "c2a": [
          "z"
        ],
        "c3b": [
          "z"
        ]
      },
      "X15": {
        "c5c": [
          "x"
        ],
        "c5a": [
          "y"
        ]
      },
      "X18": {
        "c6b": [
          "y"
        ],
        "c6a": [
          "x"
        ]
      },
      "X39": {
        "c3c": [
          "y"
        ],
        "c3b": [
          "x"
        ]
      },
      "X17": {
        "c5c": [
          "z"
        ]
      }
    },
    "variableToColumnMapping": {
      "X21": [
        "c5a.x",
        "c5b.y"
      ],
      "X20": [
        "c6a.z"
      ],
      "X42": [
        "c4c.x",
        "c4a.y"
      ],
      "X23": [
        "c5a.z",
        "c6b.z"
      ],
      "X0": [
        "c4b.y",
        "c4a.x"
      ],
      "X45": [
        "c1a.x",
        "c1b.y"
      ],
      "X44": [
        "c4c.z"
      ],
      "X2": [
        "c6c.z",
        "c4a.z",
        "c5b.z"
      ],
      "X47": [
        "c1a.z",
        "c2b.z"
      ],
      "X24": [
        "c6c.y",
        "c6b.x"
      ],
      "X3": [
        "c5c.y",
        "c5b.x"
      ],
      "X27": [
        "c1c.y",
        "c1b.x"
      ],
      "X48": [
        "c2c.y",
        "c2b.x"
      ],
      "X29": [
        "c1b.z"
      ],
      "X6": [
        "c6a.y",
        "c6c.x"
      ],
      "X9": [
        "c3b.y",
        "c3a.x"
      ],
      "X30": [
        "c2c.x",
        "c2a.y"
      ],
      "X51": [
        "c3c.x",
        "c3a.y"
      ],
      "X32": [
        "c2c.z"
      ],
      "X53": [
        "c3c.z"
      ],
      "X12": [
        "c4b.x",
        "c4c.y"
      ],
      "X33": [
        "c1a.y",
        "c1c.x"
      ],
      "X11": [
        "c4b.z",
        "c3a.z"
      ],
      "X36": [
        "c2a.x",
        "c2b.y"
      ],
      "X35": [
        "c1c.z"
      ],
      "X38": [
        "c2a.z",
        "c3b.z"
      ],
      "X15": [
        "c5a.y",
        "c5c.x"
      ],
      "X18": [
        "c6a.x",
        "c6b.y"
      ],
      "X39": [
        "c3b.x",
        "c3c.y"
      ],
      "X17": [
        "c5c.z"
      ]
    },
    "decompositionTree": {}
  },
  "joinTree": {
    "successors": [
      {
        "successors": [],
        "tables": [
          "c4c"
        ],
        "attributes": [
          "X42",
          "X12"
        ]
      },
      {
        "successors": [
          {
            "successors": [],
            "tables": [
              "c5c"
            ],
            "attributes": [
              "X3",
              "X15"
            ]
          },
          {
            "successors": [
              {
                "successors": [],
                "tables": [
                  "c6b",
                  "c6a"
                ],
                "attributes": [
                  "X23",
                  "X24",
                  "X6",
                  "X18"
                ]
              }
            ],
            "tables": [
              "c6c",
              "c6b"
            ],
            "attributes": [
              "X23",
              "X2",
              "X24",
              "X6",
              "X18"
            ]
          }
        ],
        "tables": [
          "c5a",
          "c5b"
        ],
        "attributes": [
          "X21",
          "X23",
          "X2",
          "X3",
          "X15"
        ]
      },
      {
        "successors": [
          {
            "successors": [],
            "tables": [
              "c3c"
            ],
            "attributes": [
              "X51",
              "X39"
            ]
          },
          {
            "successors": [
              {
                "successors": [],
                "tables": [
                  "c2c"
                ],
                "attributes": [
                  "X30",
                  "X48"
                ]
              },
              {
                "successors": [
                  {
                    "successors": [],
                    "tables": [
                      "c1c"
                    ],
                    "attributes": [
                      "X33",
                      "X27"
                    ]
                  }
                ],
                "tables": [
                  "c1a",
                  "c1b"
                ],
                "attributes": [
                  "X45",
                  "X33",
                  "X47",
                  "X27"
                ]
              }
            ],
            "tables": [
              "c2b",
              "c2a"
            ],
            "attributes": [
              "X30",
              "X36",
              "X47",
              "X38",
              "X48"
            ]
          }
        ],
        "tables": [
          "c3a",
          "c3b"
        ],
        "attributes": [
          "X9",
          "X51",
          "X11",
          "X38",
          "X39"
        ]
      }
    ],
    "tables": [
      "c4a",
      "c4b"
    ],
    "attributes": [
      "X42",
      "X12",
      "X0",
      "X11",
      "X2"
    ]
  },
  "query": "select c1a.x, c1b.x, c3b.x, c5a.x\nfrom c1a, c1b, c1c, c2a, c2b, c2c, c3a, c3b, c3c, c4a, c4b, c4c, c5a, c5b, c5c, c6a, c6b, c6c\nwhere\n      c1a.x \u003d c1b.y\n    and c1b.x \u003d c1c.y\n    and c1c.x \u003d c1a.y\n    and c2a.x \u003d c2b.y\n    and c2b.x \u003d c2c.y\n    and c2c.x \u003d c2a.y\n    and c3a.x \u003d c3b.y\n    and c3b.x \u003d c3c.y\n    and c3c.x \u003d c3a.y\n    and c4a.x \u003d c4b.y\n    and c4b.x \u003d c4c.y\n    and c4c.x \u003d c4a.y\n    and c5a.x \u003d c5b.y\n    and c5b.x \u003d c5c.y\n    and c5c.x \u003d c5a.y\n    and c6a.x \u003d c6b.y\n    and c6b.x \u003d c6c.y\n    and c6c.x \u003d c6a.y\n    and c1a.z \u003d c2b.z\n    and c2a.z \u003d c3b.z\n    and c3a.z \u003d c4b.z\n    and c4a.z \u003d c5b.z\n    and c5a.z \u003d c6b.z\n    and c5b.z \u003d c6c.z;"
}