{
  "conf": {
    "db": "tpc-h-2",
    "query": "3-modified.sql",
    "suffix": "balancedgo-01-01",
    "run": 1,
    "decompositionOptions": {
      "algorithm": "BALANCEDGO"
    },
    "queryTimeout": 100,
    "dbSize": 1,
    "parallel": true,
    "skipRows": true,
    "threadCount": 8,
    "booleanQuery": false,
    "useStatistics": true
  },
  "unoptimizedRuntime": 115,
  "optimizedTotalRuntime": 618,
  "optimizedQueryRuntime": 553,
  "optimizedQueryTimeout": false,
  "unoptimizedQueryTimeout": false,
  "optimizedResultCorrect": true,
  "unoptimizedColumns": 5,
  "optimizedColumns": 5,
  "unoptimizedRows": 150390,
  "optimizedRows": 150390,
  "hypergraph": {
    "weights": [
      {
        "bag": [
          {
            "name": "customer",
            "nodes": [
              "X9",
              "X10",
              "X12",
              "X11",
              "X14",
              "X13",
              "X16",
              "X15"
            ]
          }
        ],
        "weight": 10.000000111176632
      },
      {
        "bag": [
          {
            "name": "orders",
            "nodes": [
              "X8",
              "X9",
              "X2",
              "X3",
              "X4",
              "X5",
              "X6",
              "X17",
              "X7"
            ]
          }
        ],
        "weight": 27.299309774542632
      },
      {
        "bag": [
          {
            "name": "lineitem",
            "nodes": [
              "X19",
              "X30",
              "X21",
              "X32",
              "X20",
              "X31",
              "X23",
              "X22",
              "X25",
              "X24",
              "X27",
              "X26",
              "X18",
              "X29",
              "X17",
              "X28"
            ]
          }
        ],
        "weight": 1.2396849718705647E-9
      }
    ],
    "statistics": {
      "lineitem": {
        "rowCount": 150390,
        "mostCommonFrequencies": {
          "l_returnflag": {
            "A": 0.250733345746994,
            "R": 0.24580000340938568,
            "N": 0.5034666657447815
          },
          "l_receiptdate": {
            "1994-10-11": 6.99999975040555E-4,
            "1993-08-02": 6.99999975040555E-4,
            "1995-11-14": 8.333333535119891E-4,
            "1994-12-17": 7.666666642762721E-4,
            "1993-06-23": 7.33333348762244E-4,
            "1998-05-01": 8.333333535119891E-4,
            "1994-02-02": 7.33333348762244E-4,
            "1995-01-02": 7.33333348762244E-4,
            "1998-04-17": 7.33333348762244E-4,
            "1994-06-26": 6.99999975040555E-4,
            "1995-06-10": 8.333333535119891E-4,
            "1998-01-08": 7.999999797903001E-4,
            "1994-06-08": 7.666666642762721E-4,
            "1995-10-17": 7.33333348762244E-4,
            "1994-08-20": 7.999999797903001E-4,
            "1994-05-31": 6.99999975040555E-4,
            "1994-12-21": 7.666666642762721E-4,
            "1997-03-03": 6.99999975040555E-4,
            "1993-06-12": 6.99999975040555E-4,
            "1997-08-15": 6.99999975040555E-4,
            "1992-09-17": 7.999999797903001E-4,
            "1997-12-18": 6.99999975040555E-4,
            "1993-06-09": 6.99999975040555E-4,
            "1998-04-24": 6.99999975040555E-4,
            "1992-10-10": 7.666666642762721E-4,
            "1993-10-26": 7.666666642762721E-4,
            "1994-04-13": 6.99999975040555E-4,
            "1996-06-10": 6.99999975040555E-4,
            "1995-02-24": 7.666666642762721E-4,
            "1995-02-02": 6.99999975040555E-4,
            "1998-03-18": 6.99999975040555E-4,
            "1998-05-17": 6.99999975040555E-4,
            "1994-05-07": 6.99999975040555E-4,
            "1992-12-15": 6.99999975040555E-4
          },
          "l_tax": {
            "0.08": 0.11270000040531158,
            "0.06": 0.11320000141859055,
            "0.07": 0.109333336353302,
            "0.04": 0.11493333429098129,
            "0.05": 0.10643333196640015,
            "0.02": 0.10920000076293945,
            "0.03": 0.11043333262205124,
            "0.00": 0.11206666380167007,
            "0.01": 0.11169999837875366
          },
          "l_shipmode": {
            "RAIL      ": 0.14223332703113556,
            "FOB       ": 0.14533333480358124,
            "MAIL      ": 0.14086666703224182,
            "TRUCK     ": 0.14100000262260437,
            "AIR       ": 0.1446666717529297,
            "SHIP      ": 0.14313332736492157,
            "REG AIR   ": 0.14276666939258575
          },
          "l_suppkey": {
            "67": 0.0047333333641290665,
            "244": 0.0047333333641290665,
            "38": 0.004800000227987766,
            "228": 0.004766666796058416,
            "32": 0.004833333194255829,
            "76": 0.0047333333641290665
          },
          "l_shipdate": {
            "1994-12-16": 6.99999975040555E-4,
            "1995-08-29": 7.33333348762244E-4,
            "1996-08-18": 6.99999975040555E-4,
            "1994-07-01": 8.333333535119891E-4,
            "1994-03-21": 7.33333348762244E-4,
            "1995-12-02": 7.33333348762244E-4,
            "1997-02-24": 8.666666690260172E-4,
            "1993-05-13": 7.33333348762244E-4,
            "1995-12-20": 6.99999975040555E-4,
            "1996-01-06": 7.33333348762244E-4,
            "1994-12-18": 7.666666642762721E-4,
            "1995-11-10": 7.33333348762244E-4,
            "1997-10-28": 7.33333348762244E-4,
            "1998-03-22": 6.99999975040555E-4,
            "1998-05-24": 7.999999797903001E-4,
            "1993-11-29": 7.33333348762244E-4,
            "1998-03-24": 7.33333348762244E-4,
            "1995-02-18": 6.99999975040555E-4,
            "1998-04-19": 7.33333348762244E-4,
            "1998-04-16": 7.999999797903001E-4,
            "1995-04-16": 6.99999975040555E-4,
            "1996-03-30": 6.99999975040555E-4,
            "1995-09-21": 7.999999797903001E-4,
            "1994-06-09": 7.666666642762721E-4,
            "1994-04-29": 6.99999975040555E-4,
            "1995-03-22": 6.99999975040555E-4,
            "1997-03-06": 7.33333348762244E-4,
            "1995-11-28": 7.33333348762244E-4,
            "1996-08-04": 7.33333348762244E-4,
            "1994-10-09": 7.33333348762244E-4,
            "1997-07-23": 7.666666642762721E-4,
            "1992-05-12": 6.99999975040555E-4,
            "1992-06-04": 6.99999975040555E-4,
            "1992-07-10": 6.99999975040555E-4,
            "1998-02-23": 6.99999975040555E-4,
            "1996-11-16": 6.99999975040555E-4,
            "1994-07-04": 8.666666690260172E-4,
            "1993-10-20": 7.666666642762721E-4
          },
          "l_commitdate": {
            "1995-06-25": 7.33333348762244E-4,
            "1996-05-29": 6.99999975040555E-4,
            "1994-12-18": 8.999999845400453E-4,
            "1994-03-19": 7.33333348762244E-4,
            "1997-10-24": 7.666666642762721E-4,
            "1992-04-12": 6.99999975040555E-4,
            "1994-02-02": 6.99999975040555E-4,
            "1994-04-28": 7.33333348762244E-4,
            "1994-06-09": 6.99999975040555E-4,
            "1995-05-03": 7.666666642762721E-4,
            "1996-03-13": 7.33333348762244E-4,
            "1994-08-24": 7.33333348762244E-4,
            "1992-06-24": 6.99999975040555E-4,
            "1998-06-23": 7.33333348762244E-4,
            "1998-06-28": 7.33333348762244E-4,
            "1992-09-14": 6.99999975040555E-4,
            "1994-07-06": 6.99999975040555E-4,
            "1996-10-28": 8.333333535119891E-4,
            "1995-01-11": 7.666666642762721E-4,
            "1994-04-19": 8.333333535119891E-4,
            "1994-03-07": 7.33333348762244E-4,
            "1994-07-09": 6.99999975040555E-4,
            "1994-06-30": 8.333333535119891E-4,
            "1995-07-15": 7.33333348762244E-4,
            "1994-07-03": 6.99999975040555E-4,
            "1997-01-18": 6.99999975040555E-4,
            "1995-12-08": 6.99999975040555E-4,
            "1997-08-07": 6.99999975040555E-4,
            "1997-09-19": 7.33333348762244E-4,
            "1997-03-30": 6.99999975040555E-4,
            "1997-09-24": 6.99999975040555E-4,
            "1998-04-12": 6.99999975040555E-4,
            "1998-05-25": 7.666666642762721E-4,
            "1996-08-02": 6.99999975040555E-4,
            "1998-01-25": 6.99999975040555E-4,
            "1993-11-03": 6.99999975040555E-4,
            "1998-01-27": 0.0010000000474974513,
            "1994-08-05": 6.99999975040555E-4,
            "1994-02-28": 7.33333348762244E-4,
            "1997-02-17": 7.666666642762721E-4,
            "1993-07-03": 7.999999797903001E-4,
            "1992-08-25": 7.33333348762244E-4,
            "1998-03-16": 8.333333535119891E-4,
            "1995-03-16": 6.99999975040555E-4,
            "1994-03-23": 6.99999975040555E-4,
            "1994-05-05": 7.666666642762721E-4,
            "1994-03-25": 6.99999975040555E-4,
            "1995-02-03": 6.99999975040555E-4,
            "1994-02-14": 6.99999975040555E-4,
            "1998-03-19": 8.666666690260172E-4,
            "1996-11-19": 7.33333348762244E-4
          },
          "l_partkey": {
            "4495": 4.666666791308671E-4,
            "4575": 6.000000284984708E-4,
            "2397": 5.333333392627537E-4,
            "3442": 4.333333345130086E-4,
            "151": 4.333333345130086E-4,
            "196": 4.333333345130086E-4,
            "1337": 5.333333392627537E-4,
            "2621": 4.333333345130086E-4,
            "676": 4.333333345130086E-4,
            "2344": 4.333333345130086E-4,
            "3553": 4.333333345130086E-4,
            "4202": 4.333333345130086E-4,
            "2307": 4.333333345130086E-4,
            "4580": 4.666666791308671E-4,
            "2484": 4.666666791308671E-4,
            "2363": 4.333333345130086E-4,
            "2681": 6.000000284984708E-4,
            "3523": 4.333333345130086E-4,
            "2795": 4.666666791308671E-4,
            "1661": 4.333333345130086E-4,
            "4016": 4.333333345130086E-4,
            "1904": 4.333333345130086E-4,
            "969": 4.666666791308671E-4,
            "4553": 4.333333345130086E-4,
            "2011": 4.333333345130086E-4,
            "1162": 4.333333345130086E-4,
            "652": 4.666666791308671E-4,
            "1159": 4.333333345130086E-4,
            "2247": 4.666666791308671E-4,
            "2687": 4.666666791308671E-4,
            "455": 4.333333345130086E-4,
            "1355": 5.000000237487257E-4,
            "1476": 5.000000237487257E-4,
            "413": 4.666666791308671E-4,
            "3532": 4.666666791308671E-4,
            "459": 4.333333345130086E-4,
            "779": 4.333333345130086E-4,
            "3731": 4.666666791308671E-4,
            "4029": 4.333333345130086E-4,
            "4943": 4.333333345130086E-4,
            "817": 4.666666791308671E-4,
            "4242": 5.666666547767818E-4,
            "1052": 4.333333345130086E-4,
            "140": 4.333333345130086E-4,
            "2061": 5.333333392627537E-4,
            "186": 4.333333345130086E-4,
            "2812": 4.666666791308671E-4,
            "1844": 4.333333345130086E-4,
            "3549": 4.333333345130086E-4,
            "3026": 5.000000237487257E-4,
            "666": 4.333333345130086E-4,
            "1167": 4.333333345130086E-4,
            "2332": 4.666666791308671E-4,
            "2211": 4.333333345130086E-4,
            "4159": 4.333333345130086E-4,
            "1968": 4.666666791308671E-4,
            "2814": 4.333333345130086E-4
          },
          "l_orderkey": {
            "129664": 1.9999999494757503E-4,
            "122597": 1.9999999494757503E-4
          },
          "l_quantity": {
            "42.00": 0.020766666159033775,
            "17.00": 0.019099999219179153,
            "13.00": 0.019833333790302277,
            "32.00": 0.020233333110809326,
            "3.00": 0.02056666649878025,
            "36.00": 0.02043333277106285,
            "7.00": 0.019866665825247765,
            "27.00": 0.02006666734814644,
            "23.00": 0.021800000220537186,
            "46.00": 0.018799999728798866,
            "6.00": 0.020633332431316376,
            "37.00": 0.02199999988079071,
            "16.00": 0.020266667008399963,
            "12.00": 0.019733333960175514,
            "33.00": 0.019200000911951065,
            "2.00": 0.02083333395421505,
            "50.00": 0.02019999921321869,
            "26.00": 0.021166667342185974,
            "22.00": 0.020366666838526726,
            "43.00": 0.021133333444595337,
            "47.00": 0.020400000736117363,
            "40.00": 0.019866665825247765,
            "38.00": 0.019566666334867477,
            "5.00": 0.019099999219179153,
            "15.00": 0.018400000408291817,
            "11.00": 0.01966666616499424,
            "34.00": 0.01926666684448719,
            "19.00": 0.0209666658192873,
            "1.00": 0.01899999938905239,
            "9.00": 0.0200333334505558,
            "25.00": 0.0200333334505558,
            "30.00": 0.019566666334867477,
            "21.00": 0.01993333362042904,
            "44.00": 0.01926666684448719,
            "48.00": 0.0203000009059906,
            "29.00": 0.020266667008399963,
            "39.00": 0.020233333110809326,
            "14.00": 0.018166666850447655,
            "4.00": 0.020733334124088287,
            "41.00": 0.01993333362042904,
            "10.00": 0.019833333790302277,
            "20.00": 0.01979999989271164,
            "35.00": 0.020633332431316376,
            "18.00": 0.019466666504740715,
            "8.00": 0.019700000062584877,
            "28.00": 0.019733333960175514,
            "24.00": 0.018933333456516266,
            "31.00": 0.02146666683256626,
            "45.00": 0.018433332443237305,
            "49.00": 0.0203000009059906
          },
          "l_linestatus": {
            "F": 0.5026000142097473,
            "O": 0.4973999857902527
          },
          "l_comment": {
            "furiously ": 1.6666666488163173E-4,
            " regular depo": 1.6666666488163173E-4,
            "carefully ": 1.6666666488163173E-4,
            " furiously": 1.6666666488163173E-4,
            " blithely ": 1.6666666488163173E-4,
            " carefully ": 1.9999999494757503E-4
          },
          "l_extendedprice": {},
          "l_linenumber": {
            "1": 0.25040000677108765,
            "2": 0.21363332867622375,
            "3": 0.17683333158493042,
            "4": 0.1447666734457016,
            "5": 0.1065666675567627,
            "6": 0.07233333587646484,
            "7": 0.035466667264699936
          },
          "l_discount": {
            "0.08": 0.09306667000055313,
            "0.09": 0.09106666594743729,
            "0.06": 0.08926666527986526,
            "0.07": 0.09136666357517242,
            "0.04": 0.0903666689991951,
            "0.05": 0.09296666830778122,
            "0.02": 0.08669999986886978,
            "0.03": 0.09256666898727417,
            "0.00": 0.09076666831970215,
            "0.01": 0.09139999747276306,
            "0.10": 0.09046666324138641
          },
          "l_shipinstruct": {
            "COLLECT COD              ": 0.25086668133735657,
            "DELIVER IN PERSON        ": 0.2502666711807251,
            "NONE                     ": 0.24783332645893097,
            "TAKE BACK RETURN         ": 0.25103333592414856
          }
        }
      },
      "orders": {
        "rowCount": 37500,
        "mostCommonFrequencies": {
          "o_orderstatus": {
            "P": 0.02446666732430458,
            "F": 0.48463332653045654,
            "O": 0.4909000098705292
          },
          "o_clerk": {
            "Clerk#000000877": 0.00139999995008111,
            "Clerk#000000878": 0.0015333333285525441,
            "Clerk#000000637": 0.0013000000035390258,
            "Clerk#000000473": 0.0012666666880249977,
            "Clerk#000000231": 0.0012333333725109696,
            "Clerk#000000475": 0.00139999995008111,
            "Clerk#000000871": 0.0012666666880249977,
            "Clerk#000000355": 0.0013000000035390258,
            "Clerk#000000752": 0.0013333333190530539,
            "Clerk#000000510": 0.0013000000035390258,
            "Clerk#000000236": 0.0013333333190530539,
            "Clerk#000000599": 0.0012666666880249977,
            "Clerk#000000081": 0.00139999995008111,
            "Clerk#000000360": 0.0012666666880249977,
            "Clerk#000000919": 0.001366666634567082,
            "Clerk#000000523": 0.0013000000035390258,
            "Clerk#000000369": 0.0012666666880249977,
            "Clerk#000000406": 0.0012666666880249977,
            "Clerk#000000925": 0.0012666666880249977,
            "Clerk#000000120": 0.0012666666880249977,
            "Clerk#000000363": 0.0013333333190530539,
            "Clerk#000000125": 0.0013000000035390258,
            "Clerk#000000643": 0.0012666666880249977,
            "Clerk#000000093": 0.001366666634567082,
            "Clerk#000000491": 0.001466666697524488,
            "Clerk#000000732": 0.00139999995008111,
            "Clerk#000000578": 0.001366666634567082,
            "Clerk#000000611": 0.0013333333190530539,
            "Clerk#000000616": 0.0013000000035390258,
            "Clerk#000000053": 0.0013000000035390258,
            "Clerk#000000295": 0.0012333333725109696,
            "Clerk#000000176": 0.00139999995008111,
            "Clerk#000000695": 0.0013000000035390258,
            "Clerk#000000575": 0.00143333338201046,
            "Clerk#000000730": 0.0012666666880249977,
            "Clerk#000000061": 0.0012333333725109696,
            "Clerk#000000184": 0.001366666634567082,
            "Clerk#000000619": 0.00139999995008111,
            "Clerk#000000109": 0.0013333333190530539,
            "Clerk#000000902": 0.001500000013038516,
            "Clerk#000000186": 0.001500000013038516,
            "Clerk#000000065": 0.0012666666880249977,
            "Clerk#000000066": 0.0012333333725109696,
            "Clerk#000000980": 0.001366666634567082,
            "Clerk#000000100": 0.0013000000035390258,
            "Clerk#000000189": 0.0012666666880249977,
            "Clerk#000000223": 0.001366666634567082,
            "Clerk#000000074": 0.0012333333725109696,
            "Clerk#000000316": 0.0012666666880249977,
            "Clerk#000000439": 0.0013333333190530539,
            "Clerk#000000838": 0.0013000000035390258,
            "Clerk#000000394": 0.0016333333915099502,
            "Clerk#000000154": 0.0013333333190530539,
            "Clerk#000000396": 0.0013000000035390258,
            "Clerk#000000431": 0.001366666634567082,
            "Clerk#000000278": 0.001366666634567082,
            "Clerk#000000157": 0.0012666666880249977,
            "Clerk#000000675": 0.0012666666880249977,
            "Clerk#000000830": 0.00143333338201046,
            "Clerk#000000963": 0.0013000000035390258,
            "Clerk#000000326": 0.0013000000035390258,
            "Clerk#000000207": 0.001366666634567082,
            "Clerk#000000607": 0.0012666666880249977,
            "Clerk#000000849": 0.0012666666880249977,
            "Clerk#000000681": 0.0012666666880249977,
            "Clerk#000000683": 0.001366666634567082,
            "Clerk#000000047": 0.0012333333725109696,
            "Clerk#000000962": 0.0013000000035390258,
            "Clerk#000000291": 0.0012666666880249977,
            "Clerk#000000050": 0.00139999995008111,
            "Clerk#000000930": 0.0012666666880249977,
            "Clerk#000000933": 0.00143333338201046,
            "Clerk#000000416": 0.0013000000035390258,
            "Clerk#000000659": 0.00139999995008111,
            "Clerk#000000814": 0.001366666634567082,
            "Clerk#000000418": 0.0012666666880249977,
            "Clerk#000000891": 0.0012666666880249977,
            "Clerk#000000771": 0.001366666634567082,
            "Clerk#000000497": 0.00139999995008111,
            "Clerk#000000134": 0.0013000000035390258,
            "Clerk#000000652": 0.001366666634567082,
            "Clerk#000000532": 0.0013000000035390258,
            "Clerk#000000015": 0.0012666666880249977,
            "Clerk#000000016": 0.0012666666880249977,
            "Clerk#000000380": 0.0015333333285525441,
            "Clerk#000000381": 0.0016333333915099502,
            "Clerk#000000941": 0.0013000000035390258,
            "Clerk#000000425": 0.0012666666880249977,
            "Clerk#000000426": 0.00139999995008111,
            "Clerk#000000701": 0.0013000000035390258,
            "Clerk#000000549": 0.0013000000035390258,
            "Clerk#000000947": 0.0012666666880249977,
            "Clerk#000000385": 0.0012666666880249977,
            "Clerk#000000024": 0.0012333333725109696,
            "Clerk#000000268": 0.0012333333725109696,
            "Clerk#000000301": 0.0012333333725109696,
            "Clerk#000000269": 0.0013333333190530539,
            "Clerk#000000544": 0.0012666666880249977,
            "Clerk#000000949": 0.0013333333190530539,
            "Clerk#000000707": 0.0012666666880249977
          },
          "o_orderdate": {
            "1995-09-16": 7.33333348762244E-4,
            "1994-11-01": 6.333333440124989E-4,
            "1996-05-27": 7.33333348762244E-4,
            "1994-10-30": 6.333333440124989E-4,
            "1994-10-31": 6.99999975040555E-4,
            "1992-12-31": 6.333333440124989E-4,
            "1993-03-10": 6.333333440124989E-4,
            "1994-02-07": 8.333333535119891E-4,
            "1992-04-10": 6.99999975040555E-4,
            "1993-05-26": 6.99999975040555E-4,
            "1992-06-30": 6.333333440124989E-4,
            "1996-11-27": 6.666666595265269E-4,
            "1995-12-17": 7.999999797903001E-4,
            "1997-01-20": 7.33333348762244E-4,
            "1997-07-08": 6.666666595265269E-4,
            "1992-03-24": 6.666666595265269E-4,
            "1995-12-11": 7.33333348762244E-4,
            "1997-10-14": 6.666666595265269E-4,
            "1997-10-16": 7.33333348762244E-4,
            "1992-01-10": 6.99999975040555E-4,
            "1994-01-22": 6.99999975040555E-4,
            "1994-04-13": 6.666666595265269E-4,
            "1998-04-05": 6.666666595265269E-4,
            "1995-09-10": 6.666666595265269E-4,
            "1995-04-21": 6.99999975040555E-4,
            "1994-08-10": 8.999999845400453E-4,
            "1995-07-15": 7.999999797903001E-4,
            "1997-01-15": 6.99999975040555E-4,
            "1994-08-15": 6.333333440124989E-4,
            "1993-08-05": 6.333333440124989E-4,
            "1993-02-20": 6.99999975040555E-4,
            "1992-03-14": 6.333333440124989E-4,
            "1992-06-13": 6.333333440124989E-4,
            "1993-05-05": 6.333333440124989E-4,
            "1992-09-04": 6.333333440124989E-4,
            "1993-11-08": 6.666666595265269E-4,
            "1996-09-14": 7.666666642762721E-4,
            "1998-03-05": 7.33333348762244E-4,
            "1996-12-15": 7.999999797903001E-4,
            "1994-02-28": 7.666666642762721E-4,
            "1995-07-03": 6.99999975040555E-4,
            "1996-01-12": 6.99999975040555E-4,
            "1996-06-25": 7.33333348762244E-4,
            "1997-09-13": 6.99999975040555E-4,
            "1997-12-14": 6.666666595265269E-4,
            "1992-06-03": 6.666666595265269E-4,
            "1992-08-23": 6.333333440124989E-4,
            "1993-11-14": 6.99999975040555E-4,
            "1994-05-08": 8.333333535119891E-4,
            "1996-04-17": 6.666666595265269E-4,
            "1996-04-16": 6.99999975040555E-4,
            "1997-03-16": 6.666666595265269E-4,
            "1994-12-11": 6.666666595265269E-4,
            "1996-04-13": 6.99999975040555E-4,
            "1997-08-28": 7.666666642762721E-4,
            "1992-02-24": 6.666666595265269E-4,
            "1992-05-18": 6.333333440124989E-4,
            "1993-01-24": 6.333333440124989E-4,
            "1993-01-23": 6.99999975040555E-4,
            "1996-10-10": 7.999999797903001E-4,
            "1995-02-15": 6.99999975040555E-4,
            "1992-11-11": 6.333333440124989E-4,
            "1994-03-13": 6.333333440124989E-4,
            "1995-02-14": 6.666666595265269E-4,
            "1997-12-02": 6.99999975040555E-4,
            "1996-04-25": 6.666666595265269E-4,
            "1992-02-19": 6.99999975040555E-4,
            "1992-05-04": 6.333333440124989E-4,
            "1992-07-28": 6.99999975040555E-4,
            "1993-07-22": 7.33333348762244E-4,
            "1992-08-05": 6.333333440124989E-4,
            "1992-08-06": 6.666666595265269E-4,
            "1992-05-14": 6.99999975040555E-4,
            "1998-05-13": 7.33333348762244E-4,
            "1994-06-30": 6.333333440124989E-4,
            "1993-12-22": 6.333333440124989E-4,
            "1994-11-26": 6.99999975040555E-4,
            "1993-12-27": 7.666666642762721E-4,
            "1994-04-11": 6.666666595265269E-4,
            "1993-06-20": 6.666666595265269E-4,
            "1997-05-17": 6.99999975040555E-4,
            "1993-09-10": 6.333333440124989E-4,
            "1996-05-09": 6.666666595265269E-4,
            "1997-11-15": 6.666666595265269E-4,
            "1997-02-18": 6.99999975040555E-4,
            "1994-09-13": 6.99999975040555E-4,
            "1993-09-27": 6.99999975040555E-4,
            "1997-02-13": 6.99999975040555E-4,
            "1992-04-15": 6.333333440124989E-4,
            "1997-07-26": 6.666666595265269E-4,
            "1992-10-19": 7.33333348762244E-4,
            "1993-06-26": 7.33333348762244E-4,
            "1992-01-31": 6.99999975040555E-4,
            "1993-09-18": 6.99999975040555E-4,
            "1993-10-07": 6.333333440124989E-4,
            "1998-04-24": 6.99999975040555E-4,
            "1994-06-14": 6.666666595265269E-4,
            "1994-01-07": 7.666666642762721E-4,
            "1994-03-28": 7.33333348762244E-4,
            "1995-08-25": 6.666666595265269E-4
          },
          "o_shippriority": {
            "0": 1.0
          },
          "o_custkey": {
            "1063": 7.666666642762721E-4,
            "193": 7.33333348762244E-4,
            "592": 7.33333348762244E-4,
            "352": 7.666666642762721E-4,
            "2305": 7.999999797903001E-4,
            "199": 7.666666642762721E-4,
            "871": 9.333333582617342E-4,
            "2425": 8.333333535119891E-4,
            "1453": 7.999999797903001E-4,
            "514": 7.999999797903001E-4,
            "910": 7.666666642762721E-4,
            "757": 7.999999797903001E-4,
            "3631": 7.666666642762721E-4,
            "2827": 7.666666642762721E-4,
            "1339": 9.333333582617342E-4,
            "3013": 7.999999797903001E-4,
            "880": 7.33333348762244E-4,
            "244": 7.33333348762244E-4,
            "2677": 8.666666690260172E-4,
            "1222": 7.999999797903001E-4,
            "2794": 8.333333535119891E-4,
            "7": 7.999999797903001E-4,
            "1342": 7.666666642762721E-4,
            "1900": 7.666666642762721E-4,
            "28": 7.33333348762244E-4,
            "2056": 7.999999797903001E-4,
            "1087": 7.999999797903001E-4,
            "2296": 7.666666642762721E-4,
            "3142": 7.666666642762721E-4,
            "2965": 7.666666642762721E-4,
            "133": 7.33333348762244E-4,
            "3019": 8.666666690260172E-4,
            "2722": 7.999999797903001E-4,
            "532": 7.666666642762721E-4,
            "895": 7.33333348762244E-4,
            "2686": 7.999999797903001E-4,
            "2323": 7.33333348762244E-4,
            "259": 7.999999797903001E-4,
            "898": 7.999999797903001E-4,
            "2200": 7.33333348762244E-4,
            "418": 7.33333348762244E-4,
            "1879": 7.999999797903001E-4,
            "1891": 0.0010000000474974513,
            "2221": 7.666666642762721E-4,
            "3394": 8.999999845400453E-4,
            "3031": 7.999999797903001E-4,
            "2338": 7.33333348762244E-4,
            "2854": 7.666666642762721E-4,
            "1006": 7.33333348762244E-4,
            "3028": 7.999999797903001E-4,
            "1003": 7.33333348762244E-4,
            "3421": 7.999999797903001E-4,
            "703": 7.999999797903001E-4,
            "829": 7.33333348762244E-4,
            "2593": 8.666666690260172E-4,
            "3715": 7.999999797903001E-4,
            "2503": 7.666666642762721E-4,
            "1777": 7.33333348762244E-4,
            "673": 7.33333348762244E-4,
            "2587": 8.333333535119891E-4,
            "3433": 7.999999797903001E-4,
            "2908": 7.999999797903001E-4,
            "1819": 7.33333348762244E-4,
            "559": 8.333333535119891E-4,
            "3712": 7.999999797903001E-4,
            "1813": 7.666666642762721E-4,
            "2080": 7.666666642762721E-4,
            "3694": 7.666666642762721E-4,
            "1033": 7.33333348762244E-4,
            "1153": 7.666666642762721E-4,
            "2362": 7.33333348762244E-4,
            "2086": 7.999999797903001E-4,
            "163": 7.33333348762244E-4,
            "3727": 8.999999845400453E-4,
            "2998": 7.999999797903001E-4,
            "1303": 7.33333348762244E-4,
            "2356": 8.333333535119891E-4,
            "2752": 7.666666642762721E-4,
            "1024": 8.999999845400453E-4,
            "1708": 8.666666690260172E-4,
            "1165": 8.333333535119891E-4,
            "2098": 8.333333535119891E-4,
            "3187": 7.999999797903001E-4,
            "2404": 7.33333348762244E-4,
            "2887": 7.666666642762721E-4,
            "1159": 8.666666690260172E-4,
            "850": 7.33333348762244E-4,
            "697": 7.33333348762244E-4,
            "2368": 7.33333348762244E-4,
            "2125": 8.333333535119891E-4,
            "457": 8.999999845400453E-4,
            "1552": 7.33333348762244E-4,
            "856": 7.999999797903001E-4,
            "1600": 8.666666690260172E-4,
            "1201": 9.333333582617342E-4,
            "502": 8.333333535119891E-4,
            "2497": 7.999999797903001E-4,
            "748": 7.999999797903001E-4,
            "1849": 7.999999797903001E-4,
            "1966": 7.33333348762244E-4
          },
          "o_totalprice": {},
          "o_orderkey": {},
          "o_comment": {},
          "o_orderpriority": {
            "4-NOT SPECIFIED": 0.19913333654403687,
            "3-MEDIUM       ": 0.19736666977405548,
            "2-HIGH         ": 0.203533336520195,
            "5-LOW          ": 0.2007666677236557,
            "1-URGENT       ": 0.19920000433921814
          }
        }
      },
      "customer": {
        "rowCount": 3750,
        "mostCommonFrequencies": {
          "c_custkey": {},
          "c_phone": {},
          "c_acctbal": {
            "-411.15": 5.333333392627537E-4,
            "0.97": 5.333333392627537E-4,
            "4088.65": 5.333333392627537E-4,
            "5640.41": 5.333333392627537E-4,
            "1240.90": 5.333333392627537E-4
          },
          "c_mktsegment": {
            "FURNITURE ": 0.19120000302791595,
            "MACHINERY ": 0.19439999759197235,
            "HOUSEHOLD ": 0.19493333995342255,
            "AUTOMOBILE": 0.20319999754428864,
            "BUILDING  ": 0.2162666618824005
          },
          "c_address": {},
          "c_nationkey": {
            "22": 0.03893333300948143,
            "23": 0.03893333300948143,
            "24": 0.041333332657814026,
            "10": 0.04346666485071182,
            "11": 0.036533333361148834,
            "12": 0.03999999910593033,
            "13": 0.03840000182390213,
            "14": 0.03413333371281624,
            "15": 0.04213333502411842,
            "16": 0.04213333502411842,
            "17": 0.041333332657814026,
            "18": 0.04026666656136513,
            "19": 0.03786666691303253,
            "0": 0.04560000076889992,
            "1": 0.03973333165049553,
            "2": 0.04479999840259552,
            "3": 0.04266666620969772,
            "4": 0.04106666520237923,
            "5": 0.04213333502411842,
            "6": 0.03253333270549774,
            "7": 0.03946666792035103,
            "8": 0.04026666656136513,
            "9": 0.04053333401679993,
            "20": 0.036533333361148834,
            "21": 0.03920000046491623
          },
          "c_name": {},
          "c_comment": {}
        }
      }
    },
    "orderedEdges": [
      {
        "name": "lineitem",
        "nodes": [
          "X19",
          "X30",
          "X21",
          "X32",
          "X20",
          "X31",
          "X23",
          "X22",
          "X25",
          "X24",
          "X27",
          "X26",
          "X18",
          "X29",
          "X17",
          "X28"
        ]
      },
      {
        "name": "orders",
        "nodes": [
          "X8",
          "X9",
          "X2",
          "X3",
          "X4",
          "X5",
          "X6",
          "X17",
          "X7"
        ]
      },
      {
        "name": "customer",
        "nodes": [
          "X9",
          "X10",
          "X12",
          "X11",
          "X14",
          "X13",
          "X16",
          "X15"
        ]
      }
    ],
    "edges": [
      {
        "name": "lineitem",
        "nodes": [
          "X19",
          "X30",
          "X21",
          "X32",
          "X20",
          "X31",
          "X23",
          "X22",
          "X25",
          "X24",
          "X27",
          "X26",
          "X18",
          "X29",
          "X17",
          "X28"
        ]
      },
      {
        "name": "orders",
        "nodes": [
          "X8",
          "X9",
          "X2",
          "X3",
          "X4",
          "X5",
          "X6",
          "X17",
          "X7"
        ]
      },
      {
        "name": "customer",
        "nodes": [
          "X9",
          "X10",
          "X12",
          "X11",
          "X14",
          "X13",
          "X16",
          "X15"
        ]
      }
    ],
    "nodes": [
      "X19",
      "X21",
      "X20",
      "X23",
      "X22",
      "X2",
      "X25",
      "X3",
      "X24",
      "X4",
      "X27",
      "X5",
      "X26",
      "X6",
      "X29",
      "X7",
      "X28",
      "X8",
      "X9",
      "X30",
      "X10",
      "X32",
      "X31",
      "X12",
      "X11",
      "X14",
      "X13",
      "X16",
      "X15",
      "X18",
      "X17"
    ],
    "edgesByName": {
      "lineitem": {
        "name": "lineitem",
        "nodes": [
          "X19",
          "X30",
          "X21",
          "X32",
          "X20",
          "X31",
          "X23",
          "X22",
          "X25",
          "X24",
          "X27",
          "X26",
          "X18",
          "X29",
          "X17",
          "X28"
        ]
      },
      "orders": {
        "name": "orders",
        "nodes": [
          "X8",
          "X9",
          "X2",
          "X3",
          "X4",
          "X5",
          "X6",
          "X17",
          "X7"
        ]
      },
      "customer": {
        "name": "customer",
        "nodes": [
          "X9",
          "X10",
          "X12",
          "X11",
          "X14",
          "X13",
          "X16",
          "X15"
        ]
      }
    },
    "columnToVariableMapping": {
      "customer.c_phone": "X13",
      "lineitem.l_shipinstruct": "X30",
      "lineitem.l_tax": "X24",
      "orders.o_orderstatus": "X2",
      "customer.c_mktsegment": "X15",
      "lineitem.l_receiptdate": "X29",
      "lineitem.l_orderkey": "X17",
      "lineitem.l_extendedprice": "X22",
      "customer.c_custkey": "X9",
      "orders.o_orderkey": "X17",
      "lineitem.l_suppkey": "X19",
      "orders.o_totalprice": "X3",
      "orders.o_custkey": "X9",
      "lineitem.l_commitdate": "X28",
      "orders.o_clerk": "X6",
      "lineitem.l_returnflag": "X25",
      "lineitem.l_linestatus": "X26",
      "customer.c_acctbal": "X14",
      "lineitem.l_shipmode": "X31",
      "lineitem.l_shipdate": "X27",
      "orders.o_shippriority": "X7",
      "orders.o_orderpriority": "X5",
      "lineitem.l_comment": "X32",
      "customer.c_nationkey": "X12",
      "lineitem.l_discount": "X23",
      "lineitem.l_quantity": "X21",
      "orders.o_comment": "X8",
      "lineitem.l_partkey": "X18",
      "customer.c_comment": "X16",
      "orders.o_orderdate": "X4",
      "customer.c_name": "X10",
      "customer.c_address": "X11",
      "lineitem.l_linenumber": "X20"
    },
    "inverseEquivalenceMapping": {
      "X19": {
        "lineitem": [
          "l_suppkey"
        ]
      },
      "X21": {
        "lineitem": [
          "l_quantity"
        ]
      },
      "X20": {
        "lineitem": [
          "l_linenumber"
        ]
      },
      "X23": {
        "lineitem": [
          "l_discount"
        ]
      },
      "X22": {
        "lineitem": [
          "l_extendedprice"
        ]
      },
      "X2": {
        "orders": [
          "o_orderstatus"
        ]
      },
      "X25": {
        "lineitem": [
          "l_returnflag"
        ]
      },
      "X24": {
        "lineitem": [
          "l_tax"
        ]
      },
      "X3": {
        "orders": [
          "o_totalprice"
        ]
      },
      "X27": {
        "lineitem": [
          "l_shipdate"
        ]
      },
      "X4": {
        "orders": [
          "o_orderdate"
        ]
      },
      "X26": {
        "lineitem": [
          "l_linestatus"
        ]
      },
      "X5": {
        "orders": [
          "o_orderpriority"
        ]
      },
      "X29": {
        "lineitem": [
          "l_receiptdate"
        ]
      },
      "X6": {
        "orders": [
          "o_clerk"
        ]
      },
      "X28": {
        "lineitem": [
          "l_commitdate"
        ]
      },
      "X7": {
        "orders": [
          "o_shippriority"
        ]
      },
      "X8": {
        "orders": [
          "o_comment"
        ]
      },
      "X9": {
        "orders": [
          "o_custkey"
        ],
        "customer": [
          "c_custkey"
        ]
      },
      "X30": {
        "lineitem": [
          "l_shipinstruct"
        ]
      },
      "X32": {
        "lineitem": [
          "l_comment"
        ]
      },
      "X10": {
        "customer": [
          "c_name"
        ]
      },
      "X31": {
        "lineitem": [
          "l_shipmode"
        ]
      },
      "X12": {
        "customer": [
          "c_nationkey"
        ]
      },
      "X11": {
        "customer": [
          "c_address"
        ]
      },
      "X14": {
        "customer": [
          "c_acctbal"
        ]
      },
      "X13": {
        "customer": [
          "c_phone"
        ]
      },
      "X16": {
        "customer": [
          "c_comment"
        ]
      },
      "X15": {
        "customer": [
          "c_mktsegment"
        ]
      },
      "X18": {
        "lineitem": [
          "l_partkey"
        ]
      },
      "X17": {
        "lineitem": [
          "l_orderkey"
        ],
        "orders": [
          "o_orderkey"
        ]
      }
    },
    "variableToColumnMapping": {
      "X19": [
        "lineitem.l_suppkey"
      ],
      "X21": [
        "lineitem.l_quantity"
      ],
      "X20": [
        "lineitem.l_linenumber"
      ],
      "X23": [
        "lineitem.l_discount"
      ],
      "X22": [
        "lineitem.l_extendedprice"
      ],
      "X2": [
        "orders.o_orderstatus"
      ],
      "X25": [
        "lineitem.l_returnflag"
      ],
      "X24": [
        "lineitem.l_tax"
      ],
      "X3": [
        "orders.o_totalprice"
      ],
      "X27": [
        "lineitem.l_shipdate"
      ],
      "X4": [
        "orders.o_orderdate"
      ],
      "X26": [
        "lineitem.l_linestatus"
      ],
      "X5": [
        "orders.o_orderpriority"
      ],
      "X29": [
        "lineitem.l_receiptdate"
      ],
      "X6": [
        "orders.o_clerk"
      ],
      "X28": [
        "lineitem.l_commitdate"
      ],
      "X7": [
        "orders.o_shippriority"
      ],
      "X8": [
        "orders.o_comment"
      ],
      "X9": [
        "customer.c_custkey",
        "orders.o_custkey"
      ],
      "X30": [
        "lineitem.l_shipinstruct"
      ],
      "X32": [
        "lineitem.l_comment"
      ],
      "X10": [
        "customer.c_name"
      ],
      "X31": [
        "lineitem.l_shipmode"
      ],
      "X12": [
        "customer.c_nationkey"
      ],
      "X11": [
        "customer.c_address"
      ],
      "X14": [
        "customer.c_acctbal"
      ],
      "X13": [
        "customer.c_phone"
      ],
      "X16": [
        "customer.c_comment"
      ],
      "X15": [
        "customer.c_mktsegment"
      ],
      "X18": [
        "lineitem.l_partkey"
      ],
      "X17": [
        "lineitem.l_orderkey",
        "orders.o_orderkey"
      ]
    },
    "decompositionTree": {}
  },
  "joinTree": {
    "successors": [
      {
        "successors": [],
        "tables": [
          "customer"
        ],
        "attributes": [
          "X9"
        ]
      },
      {
        "successors": [],
        "tables": [
          "lineitem"
        ],
        "attributes": [
          "X23",
          "X22",
          "X17"
        ]
      }
    ],
    "tables": [
      "orders"
    ],
    "attributes": [
      "X9",
      "X4",
      "X17",
      "X7"
    ]
  },
  "query": "select\n\tlineitem.l_orderkey,\n\tlineitem.l_extendedprice,\n\tlineitem.l_discount,\n\torders.o_orderdate,\n\torders.o_shippriority\nfrom\n\tcustomer,\n\torders,\n\tlineitem\nwhere c_custkey \u003d o_custkey\n\tand l_orderkey \u003d o_orderkey;"
}