lineitem,part,751950000.000
customer,region,18750.000
supplier,nation,6250.000
nation,25.000
customer,lineitem,563962500.000
supplier,orders,9375000.000
customer,orders,140625000.000
customer,10.000
region,nation,125.000
part,18.168
supplier,region,1250.000
lineitem,0.000
supplier,part,1250000.000
region,lineitem,751950.000
region,part,25000.000
customer,nation,93750.000
lineitem,nation,3759750.000
supplier,customer,37386.000
region,orders,187500.000
supplier,250.000
part,nation,125000.000
region,5.000
orders,26.600
orders,lineitem,5639625000.000
customer,part,18750000.000
orders,part,187500000.000
supplier,lineitem,37597500.000
orders,nation,937500.000
