{
  "conf": {
    "db": "db4",
    "query": "query-1.sql",
    "suffix": "balancedgo-01-01",
    "run": 1,
    "decompositionOptions": {
      "algorithm": "BALANCEDGO"
    },
    "queryTimeout": 100,
    "dbSize": 1,
    "parallel": true,
    "skipRows": true,
    "threadCount": 8,
    "booleanQuery": false,
    "useStatistics": true
  },
  "unoptimizedRuntime": 1,
  "optimizedTotalRuntime": 83,
  "optimizedQueryRuntime": 35,
  "optimizedQueryTimeout": false,
  "unoptimizedQueryTimeout": false,
  "optimizedResultCorrect": true,
  "unoptimizedColumns": 7,
  "optimizedColumns": 4,
  "unoptimizedRows": 216,
  "optimizedRows": 216,
  "hypergraph": {
    "weights": [
      {
        "bag": [
          {
            "name": "t3",
            "nodes": [
              "X3",
              "X6"
            ]
          }
        ],
        "weight": 36.00000214576724
      },
      {
        "bag": [
          {
            "name": "t4",
            "nodes": [
              "X3"
            ]
          }
        ],
        "weight": 1.0
      },
      {
        "bag": [
          {
            "name": "t2",
            "nodes": [
              "X3",
              "X4",
              "X5",
              "X6"
            ]
          }
        ],
        "weight": 1296.000154495246
      }
    ],
    "statistics": {
      "t4": {
        "rowCount": 1,
        "mostCommonFrequencies": {
          "a": {}
        }
      },
      "t2": {
        "rowCount": 1296,
        "mostCommonFrequencies": {
          "a": {
            "1": 0.1666666716337204,
            "2": 0.1666666716337204,
            "3": 0.1666666716337204,
            "4": 0.1666666716337204,
            "5": 0.1666666716337204,
            "6": 0.1666666716337204
          },
          "b": {
            "1": 0.1666666716337204,
            "2": 0.1666666716337204,
            "3": 0.1666666716337204,
            "4": 0.1666666716337204,
            "5": 0.1666666716337204,
            "6": 0.1666666716337204
          },
          "c": {
            "1": 0.1666666716337204,
            "2": 0.1666666716337204,
            "3": 0.1666666716337204,
            "4": 0.1666666716337204,
            "5": 0.1666666716337204,
            "6": 0.1666666716337204
          },
          "d": {
            "1": 0.1666666716337204,
            "2": 0.1666666716337204,
            "3": 0.1666666716337204,
            "4": 0.1666666716337204,
            "5": 0.1666666716337204,
            "6": 0.1666666716337204
          }
        }
      },
      "t3": {
        "rowCount": 36,
        "mostCommonFrequencies": {
          "a": {
            "1": 0.1666666716337204,
            "2": 0.1666666716337204,
            "3": 0.1666666716337204,
            "4": 0.1666666716337204,
            "5": 0.1666666716337204,
            "6": 0.1666666716337204
          },
          "b": {
            "1": 0.1666666716337204,
            "2": 0.1666666716337204,
            "3": 0.1666666716337204,
            "4": 0.1666666716337204,
            "5": 0.1666666716337204,
            "6": 0.1666666716337204
          }
        }
      }
    },
    "orderedEdges": [
      {
        "name": "t3",
        "nodes": [
          "X3",
          "X6"
        ]
      },
      {
        "name": "t4",
        "nodes": [
          "X3"
        ]
      },
      {
        "name": "t2",
        "nodes": [
          "X3",
          "X4",
          "X5",
          "X6"
        ]
      }
    ],
    "edges": [
      {
        "name": "t3",
        "nodes": [
          "X3",
          "X6"
        ]
      },
      {
        "name": "t4",
        "nodes": [
          "X3"
        ]
      },
      {
        "name": "t2",
        "nodes": [
          "X3",
          "X4",
          "X5",
          "X6"
        ]
      }
    ],
    "nodes": [
      "X3",
      "X4",
      "X5",
      "X6"
    ],
    "edgesByName": {
      "t4": {
        "name": "t4",
        "nodes": [
          "X3"
        ]
      },
      "t2": {
        "name": "t2",
        "nodes": [
          "X3",
          "X4",
          "X5",
          "X6"
        ]
      },
      "t3": {
        "name": "t3",
        "nodes": [
          "X3",
          "X6"
        ]
      }
    },
    "columnToVariableMapping": {
      "t2.d": "X6",
      "t2.a": "X3",
      "t4.a": "X3",
      "t2.c": "X5",
      "t3.b": "X6",
      "t3.a": "X3",
      "t2.b": "X4"
    },
    "inverseEquivalenceMapping": {
      "X3": {
        "t4": [
          "a"
        ],
        "t2": [
          "a"
        ],
        "t3": [
          "a"
        ]
      },
      "X4": {
        "t2": [
          "b"
        ]
      },
      "X5": {
        "t2": [
          "c"
        ]
      },
      "X6": {
        "t2": [
          "d"
        ],
        "t3": [
          "b"
        ]
      }
    },
    "variableToColumnMapping": {
      "X3": [
        "t2.a",
        "t4.a",
        "t3.a"
      ],
      "X4": [
        "t2.b"
      ],
      "X5": [
        "t2.c"
      ],
      "X6": [
        "t2.d",
        "t3.b"
      ]
    },
    "decompositionTree": {}
  },
  "joinTree": {
    "successors": [
      {
        "successors": [
          {
            "successors": [],
            "tables": [
              "t4"
            ],
            "attributes": [
              "X3"
            ]
          }
        ],
        "tables": [
          "t2"
        ],
        "attributes": [
          "X3",
          "X4",
          "X5",
          "X6"
        ]
      }
    ],
    "tables": [
      "t3"
    ],
    "attributes": [
      "X3",
      "X6"
    ]
  },
  "query": "select * from t2, t3, t4\nwhere t3.a \u003d t4.a\nand t2.a \u003d t4.a\nand t2.d \u003d t3.b;"
}