{
  "conf": {
    "db": "fat_and_cycles",
    "query": "query-no-star.sql",
    "suffix": "balancedgo-44-01",
    "run": 1,
    "decompositionOptions": {
      "algorithm": "BALANCEDGO"
    },
    "queryTimeout": 100,
    "dbSize": 44,
    "parallel": true,
    "skipRows": true,
    "threadCount": 8,
    "booleanQuery": false,
    "useStatistics": true
  },
  "unoptimizedRuntime": 319,
  "optimizedTotalRuntime": 2869,
  "optimizedQueryRuntime": 2736,
  "optimizedQueryTimeout": false,
  "unoptimizedQueryTimeout": false,
  "optimizedResultCorrect": true,
  "unoptimizedColumns": 8,
  "optimizedColumns": 8,
  "unoptimizedRows": 127,
  "optimizedRows": 127,
  "hypergraph": {
    "weights": [
      {
        "bag": [
          {
            "name": "bad",
            "nodes": [
              "X2",
              "X3"
            ]
          },
          {
            "name": "w",
            "nodes": [
              "X8",
              "X1"
            ]
          }
        ],
        "weight": 4.0E9
      },
      {
        "bag": [
          {
            "name": "w",
            "nodes": [
              "X8",
              "X1"
            ]
          }
        ],
        "weight": 144.2429979338362
      },
      {
        "bag": [
          {
            "name": "y",
            "nodes": [
              "X3",
              "X4"
            ]
          },
          {
            "name": "bad",
            "nodes": [
              "X2",
              "X3"
            ]
          }
        ],
        "weight": 5333.333327745395
      },
      {
        "bag": [
          {
            "name": "u",
            "nodes": [
              "X0",
              "X14"
            ]
          },
          {
            "name": "y",
            "nodes": [
              "X3",
              "X4"
            ]
          }
        ],
        "weight": 4.0E8
      },
      {
        "bag": [
          {
            "name": "x",
            "nodes": [
              "X2",
              "X6"
            ]
          },
          {
            "name": "bad",
            "nodes": [
              "X2",
              "X3"
            ]
          }
        ],
        "weight": 3059.999988004565
      },
      {
        "bag": [
          {
            "name": "u",
            "nodes": [
              "X0",
              "X14"
            ]
          },
          {
            "name": "bad",
            "nodes": [
              "X2",
              "X3"
            ]
          }
        ],
        "weight": 4.0E9
      },
      {
        "bag": [
          {
            "name": "fat",
            "nodes": [
              "X8",
              "X14",
              "X4",
              "X6"
            ]
          },
          {
            "name": "w",
            "nodes": [
              "X8",
              "X1"
            ]
          }
        ],
        "weight": 899.999983049929
      },
      {
        "bag": [
          {
            "name": "x",
            "nodes": [
              "X2",
              "X6"
            ]
          },
          {
            "name": "good",
            "nodes": [
              "X0",
              "X1"
            ]
          }
        ],
        "weight": 4.0E8
      },
      {
        "bag": [
          {
            "name": "y",
            "nodes": [
              "X3",
              "X4"
            ]
          },
          {
            "name": "good",
            "nodes": [
              "X0",
              "X1"
            ]
          }
        ],
        "weight": 4.0E8
      },
      {
        "bag": [
          {
            "name": "y",
            "nodes": [
              "X3",
              "X4"
            ]
          },
          {
            "name": "fat",
            "nodes": [
              "X8",
              "X14",
              "X4",
              "X6"
            ]
          }
        ],
        "weight": 2548.999940626323
      },
      {
        "bag": [
          {
            "name": "x",
            "nodes": [
              "X2",
              "X6"
            ]
          },
          {
            "name": "w",
            "nodes": [
              "X8",
              "X1"
            ]
          }
        ],
        "weight": 4.0E8
      },
      {
        "bag": [
          {
            "name": "u",
            "nodes": [
              "X0",
              "X14"
            ]
          }
        ],
        "weight": 146.87699878784085
      },
      {
        "bag": [
          {
            "name": "bad",
            "nodes": [
              "X2",
              "X3"
            ]
          },
          {
            "name": "good",
            "nodes": [
              "X0",
              "X1"
            ]
          }
        ],
        "weight": 4.0E9
      },
      {
        "bag": [
          {
            "name": "fat",
            "nodes": [
              "X8",
              "X14",
              "X4",
              "X6"
            ]
          }
        ],
        "weight": 0.99446332769152
      },
      {
        "bag": [
          {
            "name": "u",
            "nodes": [
              "X0",
              "X14"
            ]
          },
          {
            "name": "x",
            "nodes": [
              "X2",
              "X6"
            ]
          }
        ],
        "weight": 4.0E8
      },
      {
        "bag": [
          {
            "name": "u",
            "nodes": [
              "X0",
              "X14"
            ]
          },
          {
            "name": "fat",
            "nodes": [
              "X8",
              "X14",
              "X4",
              "X6"
            ]
          }
        ],
        "weight": 2347.9999843966216
      },
      {
        "bag": [
          {
            "name": "bad",
            "nodes": [
              "X2",
              "X3"
            ]
          }
        ],
        "weight": 60.58044559259423
      },
      {
        "bag": [
          {
            "name": "u",
            "nodes": [
              "X0",
              "X14"
            ]
          },
          {
            "name": "good",
            "nodes": [
              "X0",
              "X1"
            ]
          }
        ],
        "weight": 4.0E8
      },
      {
        "bag": [
          {
            "name": "bad",
            "nodes": [
              "X2",
              "X3"
            ]
          },
          {
            "name": "fat",
            "nodes": [
              "X8",
              "X14",
              "X4",
              "X6"
            ]
          }
        ],
        "weight": 4.0E9
      },
      {
        "bag": [
          {
            "name": "x",
            "nodes": [
              "X2",
              "X6"
            ]
          }
        ],
        "weight": 146.03279755816126
      },
      {
        "bag": [
          {
            "name": "good",
            "nodes": [
              "X0",
              "X1"
            ]
          }
        ],
        "weight": 146.06669850853663
      },
      {
        "bag": [
          {
            "name": "y",
            "nodes": [
              "X3",
              "X4"
            ]
          },
          {
            "name": "w",
            "nodes": [
              "X8",
              "X1"
            ]
          }
        ],
        "weight": 4.0E8
      },
      {
        "bag": [
          {
            "name": "x",
            "nodes": [
              "X2",
              "X6"
            ]
          },
          {
            "name": "fat",
            "nodes": [
              "X8",
              "X14",
              "X4",
              "X6"
            ]
          }
        ],
        "weight": 1103.9999779816715
      },
      {
        "bag": [
          {
            "name": "u",
            "nodes": [
              "X0",
              "X14"
            ]
          },
          {
            "name": "w",
            "nodes": [
              "X8",
              "X1"
            ]
          }
        ],
        "weight": 4.0E8
      },
      {
        "bag": [
          {
            "name": "good",
            "nodes": [
              "X0",
              "X1"
            ]
          },
          {
            "name": "w",
            "nodes": [
              "X8",
              "X1"
            ]
          }
        ],
        "weight": 4.0E8
      },
      {
        "bag": [
          {
            "name": "good",
            "nodes": [
              "X0",
              "X1"
            ]
          },
          {
            "name": "fat",
            "nodes": [
              "X8",
              "X14",
              "X4",
              "X6"
            ]
          }
        ],
        "weight": 4.0E8
      },
      {
        "bag": [
          {
            "name": "x",
            "nodes": [
              "X2",
              "X6"
            ]
          },
          {
            "name": "y",
            "nodes": [
              "X3",
              "X4"
            ]
          }
        ],
        "weight": 4.0E8
      },
      {
        "bag": [
          {
            "name": "y",
            "nodes": [
              "X3",
              "X4"
            ]
          }
        ],
        "weight": 142.2074978529895
      }
    ],
    "statistics": {
      "bad": {
        "rowCount": 200000,
        "mostCommonFrequencies": {
          "ybad": {
            "1140": 8.333333535119891E-4,
            "1081": 8.333333535119891E-4,
            "1236": 8.333333535119891E-4,
            "1632": 8.333333535119891E-4,
            "1279": 8.999999845400453E-4,
            "1873": 8.999999845400453E-4,
            "1773": 8.666666690260172E-4,
            "339": 0.0010333333630114794,
            "1719": 8.333333535119891E-4,
            "913": 8.666666690260172E-4,
            "1736": 8.333333535119891E-4,
            "1779": 8.666666690260172E-4,
            "13": 8.333333535119891E-4,
            "1495": 8.666666690260172E-4,
            "182": 8.666666690260172E-4,
            "0": 8.666666690260172E-4,
            "1844": 8.666666690260172E-4,
            "1820": 8.333333535119891E-4,
            "1488": 8.666666690260172E-4,
            "423": 8.666666690260172E-4,
            "469": 8.333333535119891E-4,
            "1881": 8.333333535119891E-4,
            "1847": 8.666666690260172E-4,
            "1869": 8.666666690260172E-4,
            "707": 8.333333535119891E-4
          },
          "xbad": {
            "1171": 8.666666690260172E-4,
            "1070": 9.666666737757623E-4,
            "1656": 8.333333535119891E-4,
            "1942": 8.333333535119891E-4,
            "1864": 8.999999845400453E-4,
            "1169": 8.999999845400453E-4,
            "125": 8.333333535119891E-4,
            "601": 8.666666690260172E-4,
            "338": 9.333333582617342E-4,
            "624": 8.333333535119891E-4,
            "932": 8.333333535119891E-4,
            "856": 9.666666737757623E-4,
            "208": 8.999999845400453E-4,
            "736": 8.999999845400453E-4,
            "869": 8.666666690260172E-4,
            "1801": 8.333333535119891E-4
          }
        }
      },
      "u": {
        "rowCount": 20000,
        "mostCommonFrequencies": {
          "c": {
            "908": 8.999999845400453E-4,
            "1060": 8.500000112690032E-4,
            "473": 8.500000112690032E-4,
            "354": 7.999999797903001E-4,
            "355": 9.500000160187483E-4,
            "1211": 8.500000112690032E-4,
            "90": 9.500000160187483E-4,
            "635": 7.999999797903001E-4,
            "636": 8.999999845400453E-4,
            "637": 8.500000112690032E-4,
            "879": 8.500000112690032E-4,
            "913": 7.999999797903001E-4,
            "1218": 8.999999845400453E-4,
            "11": 7.999999797903001E-4,
            "919": 8.999999845400453E-4,
            "1231": 8.500000112690032E-4,
            "1197": 7.999999797903001E-4,
            "1470": 8.999999845400453E-4,
            "1195": 7.999999797903001E-4,
            "1070": 8.500000112690032E-4,
            "880": 7.999999797903001E-4,
            "1347": 0.0010000000474974513,
            "521": 8.999999845400453E-4,
            "5": 9.500000160187483E-4,
            "522": 9.500000160187483E-4,
            "768": 7.999999797903001E-4,
            "529": 7.999999797903001E-4,
            "927": 9.500000160187483E-4,
            "1988": 8.999999845400453E-4,
            "929": 8.999999845400453E-4,
            "1362": 7.999999797903001E-4,
            "250": 9.500000160187483E-4,
            "493": 7.999999797903001E-4,
            "254": 8.500000112690032E-4,
            "496": 7.999999797903001E-4,
            "1235": 0.0010000000474974513,
            "1999": 8.999999845400453E-4,
            "939": 7.999999797903001E-4,
            "1920": 0.0010000000474974513,
            "782": 8.999999845400453E-4,
            "1765": 8.999999845400453E-4,
            "1127": 7.999999797903001E-4,
            "1522": 8.500000112690032E-4,
            "543": 0.0010000000474974513,
            "1125": 8.999999845400453E-4,
            "1124": 0.0010499999625608325,
            "547": 9.500000160187483E-4,
            "1807": 8.500000112690032E-4,
            "828": 7.999999797903001E-4,
            "792": 8.999999845400453E-4,
            "1379": 8.999999845400453E-4,
            "1412": 7.999999797903001E-4,
            "950": 7.999999797903001E-4,
            "435": 7.999999797903001E-4,
            "1771": 9.500000160187483E-4,
            "799": 7.999999797903001E-4,
            "318": 0.0010000000474974513,
            "835": 9.500000160187483E-4,
            "1274": 9.500000160187483E-4,
            "1670": 8.500000112690032E-4,
            "1152": 8.500000112690032E-4,
            "1030": 8.500000112690032E-4,
            "1151": 7.999999797903001E-4,
            "167": 7.999999797903001E-4,
            "289": 7.999999797903001E-4,
            "1664": 9.500000160187483E-4,
            "324": 7.999999797903001E-4,
            "446": 7.999999797903001E-4,
            "844": 8.500000112690032E-4,
            "327": 7.999999797903001E-4,
            "724": 8.500000112690032E-4,
            "328": 7.999999797903001E-4,
            "449": 7.999999797903001E-4,
            "329": 8.500000112690032E-4,
            "849": 0.0012000000569969416,
            "1285": 7.999999797903001E-4,
            "1042": 7.999999797903001E-4,
            "690": 9.500000160187483E-4,
            "970": 7.999999797903001E-4,
            "1556": 7.999999797903001E-4,
            "1038": 7.999999797903001E-4,
            "852": 9.500000160187483E-4,
            "1277": 7.999999797903001E-4,
            "1959": 8.500000112690032E-4,
            "737": 7.999999797903001E-4,
            "79": 9.500000160187483E-4,
            "1570": 0.0010000000474974513,
            "1053": 7.999999797903001E-4,
            "1295": 7.999999797903001E-4,
            "1291": 7.999999797903001E-4,
            "1689": 8.500000112690032E-4,
            "1601": 7.999999797903001E-4,
            "862": 8.500000112690032E-4,
            "103": 7.999999797903001E-4,
            "621": 9.500000160187483E-4,
            "864": 7.999999797903001E-4,
            "80": 7.999999797903001E-4,
            "904": 7.999999797903001E-4,
            "1209": 7.999999797903001E-4,
            "1329": 8.500000112690032E-4
          },
          "ugood": {
            "1462": 7.999999797903001E-4,
            "471": 8.500000112690032E-4,
            "197": 7.999999797903001E-4,
            "1976": 7.999999797903001E-4,
            "110": 7.50000006519258E-4,
            "872": 8.999999845400453E-4,
            "356": 8.500000112690032E-4,
            "1332": 8.500000112690032E-4,
            "13": 8.500000112690032E-4,
            "1908": 8.500000112690032E-4,
            "1230": 7.999999797903001E-4,
            "1073": 8.500000112690032E-4,
            "1624": 7.999999797903001E-4,
            "243": 0.0010499999625608325,
            "1743": 9.500000160187483E-4,
            "1863": 8.500000112690032E-4,
            "1224": 8.500000112690032E-4,
            "126": 8.999999845400453E-4,
            "1189": 8.500000112690032E-4,
            "922": 8.500000112690032E-4,
            "406": 7.999999797903001E-4,
            "649": 0.0010000000474974513,
            "21": 7.999999797903001E-4,
            "808": 7.999999797903001E-4,
            "809": 7.999999797903001E-4,
            "131": 7.999999797903001E-4,
            "134": 7.50000006519258E-4,
            "378": 8.999999845400453E-4,
            "137": 7.50000006519258E-4,
            "1233": 8.999999845400453E-4,
            "898": 8.999999845400453E-4,
            "931": 8.999999845400453E-4,
            "1595": 7.999999797903001E-4,
            "1638": 7.999999797903001E-4,
            "1637": 0.0010000000474974513,
            "31": 8.999999845400453E-4,
            "35": 7.50000006519258E-4,
            "1097": 0.0010000000474974513,
            "140": 8.500000112690032E-4,
            "142": 7.50000006519258E-4,
            "781": 7.999999797903001E-4,
            "143": 7.50000006519258E-4,
            "147": 7.50000006519258E-4,
            "1882": 8.999999845400453E-4,
            "1243": 7.999999797903001E-4,
            "306": 7.999999797903001E-4,
            "1529": 0.0010499999625608325,
            "1924": 8.500000112690032E-4,
            "708": 7.999999797903001E-4,
            "49": 8.999999845400453E-4,
            "1382": 8.500000112690032E-4,
            "1261": 7.999999797903001E-4,
            "274": 8.500000112690032E-4,
            "1534": 7.999999797903001E-4,
            "1775": 8.999999845400453E-4,
            "278": 7.999999797903001E-4,
            "312": 8.999999845400453E-4,
            "831": 8.500000112690032E-4,
            "438": 8.500000112690032E-4,
            "715": 8.500000112690032E-4,
            "1816": 7.999999797903001E-4,
            "1779": 8.999999845400453E-4,
            "57": 8.999999845400453E-4,
            "280": 7.999999797903001E-4,
            "600": 8.500000112690032E-4,
            "842": 7.999999797903001E-4,
            "1144": 8.999999845400453E-4,
            "447": 8.500000112690032E-4,
            "844": 0.0010499999625608325,
            "726": 8.500000112690032E-4,
            "728": 7.999999797903001E-4,
            "67": 8.500000112690032E-4,
            "1681": 9.500000160187483E-4,
            "294": 7.50000006519258E-4,
            "174": 8.500000112690032E-4,
            "295": 7.999999797903001E-4,
            "571": 8.500000112690032E-4,
            "1678": 9.500000160187483E-4,
            "1557": 8.500000112690032E-4,
            "455": 8.999999845400453E-4,
            "851": 8.500000112690032E-4,
            "337": 8.999999845400453E-4,
            "975": 8.500000112690032E-4,
            "70": 7.999999797903001E-4,
            "219": 8.999999845400453E-4,
            "75": 7.50000006519258E-4,
            "1713": 8.500000112690032E-4,
            "77": 7.50000006519258E-4,
            "1451": 9.500000160187483E-4,
            "1692": 7.999999797903001E-4,
            "1174": 7.999999797903001E-4,
            "1327": 7.999999797903001E-4,
            "101": 8.500000112690032E-4,
            "222": 7.999999797903001E-4,
            "981": 7.999999797903001E-4,
            "1687": 8.999999845400453E-4,
            "982": 8.500000112690032E-4,
            "469": 7.999999797903001E-4,
            "349": 0.0010000000474974513,
            "1848": 7.999999797903001E-4
          }
        }
      },
      "w": {
        "rowCount": 20000,
        "mostCommonFrequencies": {
          "d": {
            "1340": 8.999999845400453E-4,
            "194": 8.999999845400453E-4,
            "474": 8.500000112690032E-4,
            "1971": 7.999999797903001E-4,
            "1739": 8.500000112690032E-4,
            "95": 7.50000006519258E-4,
            "1473": 0.0010499999625608325,
            "1352": 7.999999797903001E-4,
            "1471": 7.999999797903001E-4,
            "483": 0.0010000000474974513,
            "363": 8.999999845400453E-4,
            "1107": 7.999999797903001E-4,
            "1864": 8.500000112690032E-4,
            "1863": 8.500000112690032E-4,
            "883": 7.999999797903001E-4,
            "368": 7.999999797903001E-4,
            "646": 8.999999845400453E-4,
            "9": 8.999999845400453E-4,
            "801": 7.999999797903001E-4,
            "807": 7.999999797903001E-4,
            "1625": 7.999999797903001E-4,
            "26": 7.50000006519258E-4,
            "132": 7.50000006519258E-4,
            "1599": 8.999999845400453E-4,
            "538": 7.999999797903001E-4,
            "1770": 8.999999845400453E-4,
            "1491": 8.999999845400453E-4,
            "1095": 8.500000112690032E-4,
            "1490": 8.500000112690032E-4,
            "1404": 8.999999845400453E-4,
            "386": 0.0010000000474974513,
            "1007": 7.999999797903001E-4,
            "1642": 8.500000112690032E-4,
            "268": 7.999999797903001E-4,
            "1003": 8.999999845400453E-4,
            "1641": 8.500000112690032E-4,
            "1760": 8.999999845400453E-4,
            "1407": 8.999999845400453E-4,
            "1649": 8.999999845400453E-4,
            "1264": 7.999999797903001E-4,
            "1930": 9.500000160187483E-4,
            "277": 7.999999797903001E-4,
            "1534": 7.999999797903001E-4,
            "313": 7.999999797903001E-4,
            "557": 8.500000112690032E-4,
            "953": 7.999999797903001E-4,
            "1819": 8.500000112690032E-4,
            "559": 8.500000112690032E-4,
            "1815": 8.999999845400453E-4,
            "1814": 7.999999797903001E-4,
            "52": 7.50000006519258E-4,
            "1537": 0.0010000000474974513,
            "1392": 7.999999797903001E-4,
            "1789": 7.999999797903001E-4,
            "1425": 7.999999797903001E-4,
            "1942": 7.999999797903001E-4,
            "1941": 9.500000160187483E-4,
            "564": 8.999999845400453E-4,
            "1269": 7.999999797903001E-4,
            "1147": 8.500000112690032E-4,
            "1540": 7.999999797903001E-4,
            "448": 7.999999797903001E-4,
            "602": 7.999999797903001E-4,
            "1949": 9.500000160187483E-4,
            "64": 7.999999797903001E-4,
            "1669": 8.500000112690032E-4,
            "1042": 8.500000112690032E-4,
            "1954": 7.999999797903001E-4,
            "452": 9.500000160187483E-4,
            "1557": 8.500000112690032E-4,
            "1710": 7.999999797903001E-4,
            "212": 8.500000112690032E-4,
            "1158": 0.0010000000474974513,
            "576": 7.999999797903001E-4,
            "1036": 7.999999797903001E-4,
            "1277": 8.500000112690032E-4,
            "459": 0.0010999999940395355,
            "855": 8.500000112690032E-4,
            "339": 7.999999797903001E-4,
            "219": 7.999999797903001E-4,
            "737": 7.999999797903001E-4,
            "72": 7.50000006519258E-4,
            "1318": 7.999999797903001E-4,
            "1834": 0.0010000000474974513,
            "1955": 7.999999797903001E-4,
            "1294": 7.999999797903001E-4,
            "1689": 7.999999797903001E-4,
            "101": 7.50000006519258E-4,
            "1203": 7.999999797903001E-4,
            "1169": 8.500000112690032E-4,
            "103": 7.50000006519258E-4,
            "1047": 7.999999797903001E-4,
            "1322": 7.999999797903001E-4,
            "226": 8.500000112690032E-4,
            "1287": 8.500000112690032E-4,
            "106": 7.999999797903001E-4,
            "746": 9.500000160187483E-4,
            "82": 8.999999845400453E-4,
            "1608": 7.999999797903001E-4,
            "508": 7.999999797903001E-4
          },
          "wgood": {
            "1066": 7.999999797903001E-4,
            "1186": 9.500000160187483E-4,
            "194": 7.999999797903001E-4,
            "1181": 7.999999797903001E-4,
            "595": 8.999999845400453E-4,
            "873": 8.500000112690032E-4,
            "1333": 8.500000112690032E-4,
            "636": 7.999999797903001E-4,
            "916": 9.500000160187483E-4,
            "1077": 8.500000112690032E-4,
            "1592": 0.0010999999940395355,
            "481": 7.999999797903001E-4,
            "1192": 8.999999845400453E-4,
            "361": 8.500000112690032E-4,
            "1191": 8.500000112690032E-4,
            "483": 7.999999797903001E-4,
            "244": 8.999999845400453E-4,
            "1589": 8.500000112690032E-4,
            "365": 7.999999797903001E-4,
            "883": 7.999999797903001E-4,
            "1740": 7.999999797903001E-4,
            "1189": 8.500000112690032E-4,
            "1100": 8.999999845400453E-4,
            "888": 8.999999845400453E-4,
            "129": 8.500000112690032E-4,
            "922": 8.500000112690032E-4,
            "929": 8.999999845400453E-4,
            "808": 7.999999797903001E-4,
            "27": 7.999999797903001E-4,
            "1000": 7.999999797903001E-4,
            "1087": 8.500000112690032E-4,
            "1514": 8.500000112690032E-4,
            "255": 9.500000160187483E-4,
            "256": 7.999999797903001E-4,
            "1236": 7.999999797903001E-4,
            "653": 8.999999845400453E-4,
            "654": 8.500000112690032E-4,
            "1353": 9.500000160187483E-4,
            "931": 7.999999797903001E-4,
            "1199": 7.999999797903001E-4,
            "415": 8.999999845400453E-4,
            "778": 7.999999797903001E-4,
            "1517": 8.999999845400453E-4,
            "30": 7.999999797903001E-4,
            "937": 7.999999797903001E-4,
            "33": 7.999999797903001E-4,
            "1809": 7.999999797903001E-4,
            "1373": 8.500000112690032E-4,
            "1921": 7.999999797903001E-4,
            "1007": 7.999999797903001E-4,
            "1920": 7.999999797903001E-4,
            "662": 8.500000112690032E-4,
            "1006": 8.500000112690032E-4,
            "146": 9.500000160187483E-4,
            "542": 8.500000112690032E-4,
            "1125": 8.500000112690032E-4,
            "1488": 7.999999797903001E-4,
            "1928": 8.500000112690032E-4,
            "948": 7.999999797903001E-4,
            "1528": 7.999999797903001E-4,
            "1889": 9.500000160187483E-4,
            "1931": 0.0010000000474974513,
            "1018": 7.999999797903001E-4,
            "311": 7.999999797903001E-4,
            "1014": 9.500000160187483E-4,
            "831": 7.999999797903001E-4,
            "1273": 8.999999845400453E-4,
            "1271": 7.999999797903001E-4,
            "561": 8.999999845400453E-4,
            "441": 9.500000160187483E-4,
            "1667": 8.500000112690032E-4,
            "1942": 7.999999797903001E-4,
            "1266": 8.500000112690032E-4,
            "1265": 7.999999797903001E-4,
            "846": 7.999999797903001E-4,
            "1309": 7.999999797903001E-4,
            "1306": 0.0010000000474974513,
            "68": 8.999999845400453E-4,
            "690": 8.999999845400453E-4,
            "297": 7.999999797903001E-4,
            "1556": 8.999999845400453E-4,
            "179": 8.500000112690032E-4,
            "1796": 7.999999797903001E-4,
            "853": 0.0010999999940395355,
            "1794": 8.500000112690032E-4,
            "1034": 8.500000112690032E-4,
            "975": 7.999999797903001E-4,
            "339": 7.999999797903001E-4,
            "615": 8.500000112690032E-4,
            "1834": 7.999999797903001E-4,
            "1176": 8.999999845400453E-4,
            "1602": 7.999999797903001E-4,
            "1688": 7.999999797903001E-4,
            "1048": 8.500000112690032E-4,
            "587": 7.999999797903001E-4,
            "104": 7.999999797903001E-4,
            "1563": 7.999999797903001E-4,
            "85": 0.0010000000474974513,
            "509": 8.999999845400453E-4,
            "905": 7.999999797903001E-4
          }
        }
      },
      "fat": {
        "rowCount": 20000,
        "mostCommonFrequencies": {
          "a": {
            "1853": 8.999999845400453E-4,
            "1699": 7.999999797903001E-4,
            "510": 8.500000112690032E-4,
            "996": 8.500000112690032E-4,
            "237": 7.999999797903001E-4,
            "479": 7.999999797903001E-4,
            "90": 7.999999797903001E-4,
            "118": 7.999999797903001E-4,
            "758": 8.500000112690032E-4,
            "1617": 8.500000112690032E-4,
            "99": 7.999999797903001E-4,
            "1594": 7.999999797903001E-4,
            "1230": 7.999999797903001E-4,
            "480": 8.999999845400453E-4,
            "880": 9.500000160187483E-4,
            "122": 8.999999845400453E-4,
            "1623": 7.999999797903001E-4,
            "761": 7.999999797903001E-4,
            "246": 8.999999845400453E-4,
            "1069": 8.500000112690032E-4,
            "1740": 8.500000112690032E-4,
            "401": 7.999999797903001E-4,
            "1102": 7.999999797903001E-4,
            "1982": 7.999999797903001E-4,
            "1068": 8.500000112690032E-4,
            "524": 7.999999797903001E-4,
            "525": 7.999999797903001E-4,
            "802": 8.500000112690032E-4,
            "407": 7.999999797903001E-4,
            "1749": 8.500000112690032E-4,
            "1869": 8.999999845400453E-4,
            "1626": 8.500000112690032E-4,
            "1229": 8.500000112690032E-4,
            "1108": 7.999999797903001E-4,
            "929": 8.999999845400453E-4,
            "25": 7.999999797903001E-4,
            "770": 7.999999797903001E-4,
            "1634": 8.500000112690032E-4,
            "1752": 8.500000112690032E-4,
            "1234": 8.500000112690032E-4,
            "1354": 8.500000112690032E-4,
            "1233": 7.999999797903001E-4,
            "931": 8.999999845400453E-4,
            "419": 7.999999797903001E-4,
            "1914": 7.999999797903001E-4,
            "1913": 7.999999797903001E-4,
            "32": 9.500000160187483E-4,
            "1757": 7.999999797903001E-4,
            "38": 8.500000112690032E-4,
            "39": 8.500000112690032E-4,
            "1891": 8.999999845400453E-4,
            "1372": 8.500000112690032E-4,
            "264": 0.0010000000474974513,
            "1129": 8.500000112690032E-4,
            "266": 7.999999797903001E-4,
            "1764": 8.500000112690032E-4,
            "1247": 7.999999797903001E-4,
            "1522": 7.999999797903001E-4,
            "1364": 9.500000160187483E-4,
            "1122": 8.500000112690032E-4,
            "547": 8.500000112690032E-4,
            "790": 7.999999797903001E-4,
            "1415": 8.500000112690032E-4,
            "312": 8.500000112690032E-4,
            "798": 8.500000112690032E-4,
            "1134": 7.999999797903001E-4,
            "1771": 8.999999845400453E-4,
            "1012": 7.999999797903001E-4,
            "1539": 8.999999845400453E-4,
            "1033": 8.500000112690032E-4,
            "1390": 8.500000112690032E-4,
            "1666": 7.999999797903001E-4,
            "168": 8.500000112690032E-4,
            "1265": 8.500000112690032E-4,
            "602": 8.500000112690032E-4,
            "209": 8.500000112690032E-4,
            "1548": 7.999999797903001E-4,
            "1044": 8.500000112690032E-4,
            "1040": 8.500000112690032E-4,
            "1161": 8.500000112690032E-4,
            "451": 9.500000160187483E-4,
            "1435": 9.500000160187483E-4,
            "971": 7.999999797903001E-4,
            "734": 7.999999797903001E-4,
            "617": 8.500000112690032E-4,
            "739": 8.500000112690032E-4,
            "1318": 8.500000112690032E-4,
            "1173": 7.999999797903001E-4,
            "1569": 9.500000160187483E-4,
            "1844": 7.999999797903001E-4,
            "1325": 8.500000112690032E-4,
            "861": 8.500000112690032E-4,
            "620": 7.999999797903001E-4,
            "983": 7.999999797903001E-4,
            "864": 7.999999797903001E-4,
            "987": 7.999999797903001E-4,
            "109": 8.500000112690032E-4,
            "903": 7.999999797903001E-4,
            "1847": 7.999999797903001E-4,
            "1208": 7.999999797903001E-4
          },
          "b": {
            "590": 7.999999797903001E-4,
            "1061": 9.500000160187483E-4,
            "350": 8.500000112690032E-4,
            "111": 7.50000006519258E-4,
            "871": 7.999999797903001E-4,
            "751": 7.999999797903001E-4,
            "1850": 8.999999845400453E-4,
            "1454": 7.999999797903001E-4,
            "1211": 7.999999797903001E-4,
            "1573": 7.999999797903001E-4,
            "639": 7.999999797903001E-4,
            "916": 8.500000112690032E-4,
            "1977": 8.500000112690032E-4,
            "11": 7.999999797903001E-4,
            "1352": 8.999999845400453E-4,
            "1077": 8.500000112690032E-4,
            "1196": 7.999999797903001E-4,
            "242": 8.999999845400453E-4,
            "1228": 7.999999797903001E-4,
            "1469": 9.500000160187483E-4,
            "1744": 8.500000112690032E-4,
            "1468": 7.999999797903001E-4,
            "1863": 0.0010499999625608325,
            "1588": 7.999999797903001E-4,
            "1345": 0.0010000000474974513,
            "523": 7.999999797903001E-4,
            "645": 7.999999797903001E-4,
            "1584": 7.999999797903001E-4,
            "805": 7.999999797903001E-4,
            "1229": 7.999999797903001E-4,
            "1241": 7.999999797903001E-4,
            "890": 8.999999845400453E-4,
            "1239": 9.500000160187483E-4,
            "1634": 7.999999797903001E-4,
            "256": 8.999999845400453E-4,
            "1477": 8.500000112690032E-4,
            "138": 8.500000112690032E-4,
            "414": 7.999999797903001E-4,
            "657": 8.500000112690032E-4,
            "38": 7.999999797903001E-4,
            "1373": 8.999999845400453E-4,
            "260": 7.999999797903001E-4,
            "1523": 7.999999797903001E-4,
            "664": 8.999999845400453E-4,
            "422": 7.999999797903001E-4,
            "1641": 7.999999797903001E-4,
            "669": 8.500000112690032E-4,
            "428": 8.500000112690032E-4,
            "1925": 7.999999797903001E-4,
            "1889": 7.999999797903001E-4,
            "1383": 7.999999797903001E-4,
            "1380": 7.999999797903001E-4,
            "394": 7.999999797903001E-4,
            "1019": 8.500000112690032E-4,
            "1536": 8.500000112690032E-4,
            "1899": 7.999999797903001E-4,
            "1535": 8.500000112690032E-4,
            "1138": 8.999999845400453E-4,
            "1413": 7.999999797903001E-4,
            "313": 7.999999797903001E-4,
            "1652": 7.999999797903001E-4,
            "1134": 7.999999797903001E-4,
            "1771": 8.999999845400453E-4,
            "835": 9.500000160187483E-4,
            "318": 7.999999797903001E-4,
            "439": 7.999999797903001E-4,
            "839": 7.999999797903001E-4,
            "1275": 8.999999845400453E-4,
            "164": 7.999999797903001E-4,
            "287": 8.500000112690032E-4,
            "1304": 7.999999797903001E-4,
            "1788": 7.999999797903001E-4,
            "687": 7.999999797903001E-4,
            "1024": 9.500000160187483E-4,
            "688": 8.500000112690032E-4,
            "966": 7.999999797903001E-4,
            "61": 7.999999797903001E-4,
            "68": 7.999999797903001E-4,
            "1041": 7.999999797903001E-4,
            "693": 7.999999797903001E-4,
            "1798": 0.0010000000474974513,
            "454": 7.999999797903001E-4,
            "698": 8.500000112690032E-4,
            "732": 7.999999797903001E-4,
            "1714": 7.999999797903001E-4,
            "1955": 9.500000160187483E-4,
            "78": 8.500000112690032E-4,
            "1297": 7.999999797903001E-4,
            "1053": 8.500000112690032E-4,
            "584": 7.999999797903001E-4,
            "1841": 7.999999797903001E-4,
            "1048": 8.500000112690032E-4,
            "103": 7.50000006519258E-4,
            "1168": 8.999999845400453E-4,
            "1562": 8.999999845400453E-4,
            "866": 9.500000160187483E-4,
            "80": 7.50000006519258E-4,
            "107": 7.50000006519258E-4,
            "109": 7.50000006519258E-4,
            "85": 8.500000112690032E-4
          },
          "c": {
            "231": 8.999999845400453E-4,
            "870": 7.999999797903001E-4,
            "111": 7.50000006519258E-4,
            "750": 8.500000112690032E-4,
            "871": 8.500000112690032E-4,
            "630": 8.500000112690032E-4,
            "356": 7.999999797903001E-4,
            "115": 7.50000006519258E-4,
            "633": 8.500000112690032E-4,
            "237": 7.999999797903001E-4,
            "754": 7.999999797903001E-4,
            "997": 7.999999797903001E-4,
            "1219": 7.999999797903001E-4,
            "98": 7.50000006519258E-4,
            "918": 8.500000112690032E-4,
            "362": 0.0010000000474974513,
            "241": 7.999999797903001E-4,
            "121": 7.50000006519258E-4,
            "760": 7.999999797903001E-4,
            "125": 7.50000006519258E-4,
            "1465": 9.500000160187483E-4,
            "1223": 8.999999845400453E-4,
            "5": 8.500000112690032E-4,
            "248": 7.999999797903001E-4,
            "1860": 7.999999797903001E-4,
            "1629": 9.500000160187483E-4,
            "803": 8.500000112690032E-4,
            "1508": 7.999999797903001E-4,
            "929": 9.500000160187483E-4,
            "24": 7.50000006519258E-4,
            "26": 7.999999797903001E-4,
            "1362": 8.500000112690032E-4,
            "370": 8.500000112690032E-4,
            "1081": 8.500000112690032E-4,
            "1239": 8.999999845400453E-4,
            "132": 8.500000112690032E-4,
            "1357": 8.500000112690032E-4,
            "1599": 7.999999797903001E-4,
            "774": 7.999999797903001E-4,
            "258": 8.999999845400453E-4,
            "1751": 7.999999797903001E-4,
            "655": 7.999999797903001E-4,
            "1078": 8.500000112690032E-4,
            "777": 7.999999797903001E-4,
            "1879": 8.999999845400453E-4,
            "817": 8.500000112690032E-4,
            "1999": 7.999999797903001E-4,
            "1249": 9.500000160187483E-4,
            "1127": 8.500000112690032E-4,
            "1401": 7.999999797903001E-4,
            "1883": 7.999999797903001E-4,
            "1881": 7.999999797903001E-4,
            "305": 7.999999797903001E-4,
            "1927": 8.500000112690032E-4,
            "1409": 7.999999797903001E-4,
            "826": 7.999999797903001E-4,
            "1922": 8.500000112690032E-4,
            "43": 7.999999797903001E-4,
            "392": 8.500000112690032E-4,
            "1536": 8.500000112690032E-4,
            "1899": 8.500000112690032E-4,
            "396": 7.999999797903001E-4,
            "1656": 8.500000112690032E-4,
            "314": 7.999999797903001E-4,
            "954": 8.500000112690032E-4,
            "1938": 8.999999845400453E-4,
            "715": 7.999999797903001E-4,
            "54": 8.500000112690032E-4,
            "1150": 7.999999797903001E-4,
            "1822": 8.999999845400453E-4,
            "683": 8.500000112690032E-4,
            "169": 7.999999797903001E-4,
            "325": 8.500000112690032E-4,
            "446": 7.999999797903001E-4,
            "329": 9.500000160187483E-4,
            "1707": 7.999999797903001E-4,
            "1827": 7.999999797903001E-4,
            "65": 7.50000006519258E-4,
            "68": 8.500000112690032E-4,
            "172": 7.999999797903001E-4,
            "1280": 8.999999845400453E-4,
            "693": 8.500000112690032E-4,
            "1313": 7.999999797903001E-4,
            "577": 7.999999797903001E-4,
            "1795": 7.999999797903001E-4,
            "854": 7.999999797903001E-4,
            "1716": 8.500000112690032E-4,
            "1692": 7.999999797903001E-4,
            "580": 8.500000112690032E-4,
            "1963": 0.0010999999940395355,
            "101": 7.999999797903001E-4,
            "103": 8.500000112690032E-4,
            "466": 7.999999797903001E-4,
            "105": 7.999999797903001E-4,
            "226": 7.999999797903001E-4,
            "1046": 7.999999797903001E-4,
            "1562": 7.999999797903001E-4,
            "988": 8.500000112690032E-4,
            "108": 7.999999797903001E-4,
            "83": 8.500000112690032E-4
          },
          "d": {
            "88": 8.999999845400453E-4,
            "1182": 7.999999797903001E-4,
            "231": 7.999999797903001E-4,
            "1337": 8.500000112690032E-4,
            "1458": 8.500000112690032E-4,
            "1852": 8.999999845400453E-4,
            "1213": 9.500000160187483E-4,
            "235": 8.500000112690032E-4,
            "1179": 8.500000112690032E-4,
            "1850": 7.999999797903001E-4,
            "90": 7.999999797903001E-4,
            "755": 7.999999797903001E-4,
            "91": 8.999999845400453E-4,
            "756": 7.999999797903001E-4,
            "92": 7.50000006519258E-4,
            "639": 7.999999797903001E-4,
            "1219": 8.500000112690032E-4,
            "1198": 7.999999797903001E-4,
            "484": 9.500000160187483E-4,
            "1987": 7.999999797903001E-4,
            "364": 7.999999797903001E-4,
            "1347": 8.500000112690032E-4,
            "1743": 8.500000112690032E-4,
            "244": 7.999999797903001E-4,
            "1345": 8.500000112690032E-4,
            "1620": 8.500000112690032E-4,
            "1741": 8.500000112690032E-4,
            "1344": 7.999999797903001E-4,
            "1189": 7.999999797903001E-4,
            "7": 8.999999845400453E-4,
            "1221": 7.999999797903001E-4,
            "9": 8.999999845400453E-4,
            "925": 9.500000160187483E-4,
            "804": 8.500000112690032E-4,
            "28": 8.500000112690032E-4,
            "1484": 9.500000160187483E-4,
            "490": 8.999999845400453E-4,
            "492": 7.999999797903001E-4,
            "1910": 7.999999797903001E-4,
            "893": 7.999999797903001E-4,
            "1511": 8.500000112690032E-4,
            "1994": 8.500000112690032E-4,
            "1111": 8.999999845400453E-4,
            "535": 7.999999797903001E-4,
            "1639": 8.500000112690032E-4,
            "36": 7.999999797903001E-4,
            "383": 8.500000112690032E-4,
            "144": 7.999999797903001E-4,
            "268": 7.999999797903001E-4,
            "302": 7.999999797903001E-4,
            "545": 7.999999797903001E-4,
            "1089": 7.999999797903001E-4,
            "428": 7.999999797903001E-4,
            "708": 7.999999797903001E-4,
            "47": 7.999999797903001E-4,
            "1780": 7.999999797903001E-4,
            "1381": 7.999999797903001E-4,
            "155": 0.0010999999940395355,
            "431": 7.999999797903001E-4,
            "555": 7.999999797903001E-4,
            "1496": 0.0010999999940395355,
            "437": 9.500000160187483E-4,
            "1152": 8.500000112690032E-4,
            "161": 9.500000160187483E-4,
            "1668": 8.500000112690032E-4,
            "1547": 7.999999797903001E-4,
            "1304": 7.999999797903001E-4,
            "442": 7.999999797903001E-4,
            "169": 7.999999797903001E-4,
            "1542": 8.500000112690032E-4,
            "325": 7.999999797903001E-4,
            "1783": 7.999999797903001E-4,
            "447": 8.999999845400453E-4,
            "843": 8.500000112690032E-4,
            "725": 7.999999797903001E-4,
            "1945": 7.999999797903001E-4,
            "68": 9.500000160187483E-4,
            "1680": 8.999999845400453E-4,
            "291": 8.500000112690032E-4,
            "171": 8.500000112690032E-4,
            "1282": 7.999999797903001E-4,
            "695": 8.500000112690032E-4,
            "1038": 8.999999845400453E-4,
            "456": 8.500000112690032E-4,
            "699": 8.500000112690032E-4,
            "579": 8.999999845400453E-4,
            "1793": 8.999999845400453E-4,
            "1839": 8.500000112690032E-4,
            "1319": 7.999999797903001E-4,
            "1714": 0.0010999999940395355,
            "79": 8.500000112690032E-4,
            "180": 8.500000112690032E-4,
            "1450": 7.999999797903001E-4,
            "181": 8.500000112690032E-4,
            "1689": 0.0010000000474974513,
            "1722": 8.500000112690032E-4,
            "585": 7.999999797903001E-4,
            "1842": 7.999999797903001E-4,
            "987": 7.999999797903001E-4,
            "81": 8.500000112690032E-4
          }
        }
      },
      "x": {
        "rowCount": 20000,
        "mostCommonFrequencies": {
          "a": {
            "89": 8.999999845400453E-4,
            "1459": 8.500000112690032E-4,
            "1215": 8.500000112690032E-4,
            "476": 8.999999845400453E-4,
            "1577": 8.999999845400453E-4,
            "113": 7.999999797903001E-4,
            "995": 8.500000112690032E-4,
            "1178": 9.500000160187483E-4,
            "997": 7.999999797903001E-4,
            "1978": 8.500000112690032E-4,
            "1195": 7.999999797903001E-4,
            "360": 0.0011500000255182385,
            "1192": 8.500000112690032E-4,
            "1866": 8.500000112690032E-4,
            "485": 8.999999845400453E-4,
            "520": 8.500000112690032E-4,
            "1621": 7.999999797903001E-4,
            "885": 7.999999797903001E-4,
            "1069": 7.999999797903001E-4,
            "523": 0.0010499999625608325,
            "1625": 9.500000160187483E-4,
            "1988": 8.999999845400453E-4,
            "22": 7.999999797903001E-4,
            "25": 8.999999845400453E-4,
            "1362": 8.999999845400453E-4,
            "1635": 7.999999797903001E-4,
            "1510": 7.999999797903001E-4,
            "930": 7.999999797903001E-4,
            "1871": 7.999999797903001E-4,
            "658": 7.999999797903001E-4,
            "812": 7.999999797903001E-4,
            "813": 8.500000112690032E-4,
            "1518": 9.500000160187483E-4,
            "938": 7.999999797903001E-4,
            "1878": 8.999999845400453E-4,
            "1999": 8.999999845400453E-4,
            "1011": 7.999999797903001E-4,
            "1131": 8.500000112690032E-4,
            "1094": 8.500000112690032E-4,
            "262": 7.999999797903001E-4,
            "1887": 7.999999797903001E-4,
            "1765": 8.500000112690032E-4,
            "785": 8.500000112690032E-4,
            "1125": 8.500000112690032E-4,
            "1124": 9.500000160187483E-4,
            "423": 7.999999797903001E-4,
            "149": 9.500000160187483E-4,
            "788": 9.500000160187483E-4,
            "667": 7.999999797903001E-4,
            "789": 7.999999797903001E-4,
            "944": 9.500000160187483E-4,
            "1807": 8.500000112690032E-4,
            "703": 8.999999845400453E-4,
            "40": 8.999999845400453E-4,
            "947": 7.999999797903001E-4,
            "828": 0.0010000000474974513,
            "1768": 7.999999797903001E-4,
            "159": 8.500000112690032E-4,
            "436": 8.500000112690032E-4,
            "1936": 8.500000112690032E-4,
            "1417": 8.500000112690032E-4,
            "1272": 8.500000112690032E-4,
            "161": 8.999999845400453E-4,
            "1150": 7.999999797903001E-4,
            "164": 8.500000112690032E-4,
            "167": 7.999999797903001E-4,
            "1785": 7.999999797903001E-4,
            "566": 0.0010499999625608325,
            "324": 7.999999797903001E-4,
            "600": 7.999999797903001E-4,
            "447": 7.999999797903001E-4,
            "1023": 7.999999797903001E-4,
            "602": 7.999999797903001E-4,
            "726": 7.999999797903001E-4,
            "606": 9.500000160187483E-4,
            "969": 9.500000160187483E-4,
            "1309": 9.500000160187483E-4,
            "174": 7.999999797903001E-4,
            "1554": 7.999999797903001E-4,
            "698": 8.500000112690032E-4,
            "1399": 7.999999797903001E-4,
            "612": 7.999999797903001E-4,
            "1958": 8.999999845400453E-4,
            "1318": 7.999999797903001E-4,
            "1692": 8.500000112690032E-4,
            "462": 7.999999797903001E-4,
            "1688": 8.999999845400453E-4,
            "189": 7.999999797903001E-4,
            "1721": 7.999999797903001E-4,
            "102": 8.999999845400453E-4,
            "1962": 8.999999845400453E-4,
            "1049": 8.500000112690032E-4,
            "862": 7.999999797903001E-4,
            "1321": 7.999999797903001E-4,
            "1287": 8.999999845400453E-4,
            "505": 9.500000160187483E-4,
            "868": 7.999999797903001E-4,
            "1968": 8.500000112690032E-4,
            "904": 7.999999797903001E-4,
            "87": 8.999999845400453E-4
          },
          "xbad": {
            "1220": 8.999999845400453E-4,
            "191": 8.999999845400453E-4,
            "351": 8.999999845400453E-4,
            "472": 7.999999797903001E-4,
            "1611": 8.500000112690032E-4,
            "510": 8.999999845400453E-4,
            "477": 8.500000112690032E-4,
            "511": 8.999999845400453E-4,
            "599": 8.500000112690032E-4,
            "1179": 7.999999797903001E-4,
            "1970": 9.500000160187483E-4,
            "479": 7.999999797903001E-4,
            "1452": 8.500000112690032E-4,
            "1859": 8.999999845400453E-4,
            "11": 7.999999797903001E-4,
            "16": 0.0012499999720603228,
            "1908": 8.500000112690032E-4,
            "1352": 7.999999797903001E-4,
            "1472": 7.999999797903001E-4,
            "1590": 9.500000160187483E-4,
            "481": 8.500000112690032E-4,
            "360": 7.999999797903001E-4,
            "1347": 0.0010999999940395355,
            "1468": 7.999999797903001E-4,
            "1104": 7.999999797903001E-4,
            "489": 0.0010499999625608325,
            "1068": 8.999999845400453E-4,
            "1101": 8.500000112690032E-4,
            "128": 7.999999797903001E-4,
            "404": 8.500000112690032E-4,
            "21": 7.999999797903001E-4,
            "24": 7.999999797903001E-4,
            "1000": 8.500000112690032E-4,
            "1480": 7.999999797903001E-4,
            "891": 7.999999797903001E-4,
            "1479": 7.999999797903001E-4,
            "1511": 8.500000112690032E-4,
            "1874": 7.999999797903001E-4,
            "258": 8.999999845400453E-4,
            "1993": 8.500000112690032E-4,
            "1918": 7.999999797903001E-4,
            "537": 8.500000112690032E-4,
            "816": 7.999999797903001E-4,
            "1494": 7.999999797903001E-4,
            "1890": 7.999999797903001E-4,
            "1250": 7.999999797903001E-4,
            "1094": 8.500000112690032E-4,
            "1369": 8.999999845400453E-4,
            "1886": 8.500000112690032E-4,
            "941": 7.999999797903001E-4,
            "1806": 8.999999845400453E-4,
            "1926": 8.500000112690032E-4,
            "707": 8.500000112690032E-4,
            "1527": 8.500000112690032E-4,
            "671": 8.999999845400453E-4,
            "1657": 7.999999797903001E-4,
            "1898": 7.999999797903001E-4,
            "1138": 8.500000112690032E-4,
            "156": 7.50000006519258E-4,
            "796": 8.500000112690032E-4,
            "1818": 8.999999845400453E-4,
            "713": 7.999999797903001E-4,
            "50": 7.50000006519258E-4,
            "959": 8.500000112690032E-4,
            "160": 8.500000112690032E-4,
            "162": 8.999999845400453E-4,
            "164": 7.999999797903001E-4,
            "681": 7.999999797903001E-4,
            "1821": 7.999999797903001E-4,
            "1269": 8.500000112690032E-4,
            "323": 7.999999797903001E-4,
            "846": 8.500000112690032E-4,
            "1948": 8.500000112690032E-4,
            "849": 8.999999845400453E-4,
            "1825": 8.500000112690032E-4,
            "1548": 8.999999845400453E-4,
            "690": 8.500000112690032E-4,
            "1679": 9.500000160187483E-4,
            "1556": 9.500000160187483E-4,
            "333": 7.999999797903001E-4,
            "1158": 8.999999845400453E-4,
            "1431": 8.999999845400453E-4,
            "579": 8.999999845400453E-4,
            "1793": 8.999999845400453E-4,
            "733": 7.999999797903001E-4,
            "1959": 7.999999797903001E-4,
            "1170": 7.999999797903001E-4,
            "1965": 7.999999797903001E-4,
            "1600": 8.999999845400453E-4,
            "223": 7.50000006519258E-4,
            "1169": 8.500000112690032E-4,
            "1685": 8.999999845400453E-4,
            "621": 8.500000112690032E-4,
            "1563": 9.500000160187483E-4,
            "347": 7.999999797903001E-4,
            "746": 8.500000112690032E-4,
            "504": 7.999999797903001E-4,
            "628": 7.999999797903001E-4,
            "84": 7.50000006519258E-4,
            "509": 8.999999845400453E-4
          }
        }
      },
      "y": {
        "rowCount": 20000,
        "mostCommonFrequencies": {
          "b": {
            "1220": 7.999999797903001E-4,
            "193": 8.999999845400453E-4,
            "350": 7.999999797903001E-4,
            "1976": 8.500000112690032E-4,
            "473": 7.999999797903001E-4,
            "1579": 9.500000160187483E-4,
            "1612": 9.500000160187483E-4,
            "871": 7.999999797903001E-4,
            "598": 7.999999797903001E-4,
            "236": 0.0010999999940395355,
            "512": 7.999999797903001E-4,
            "1573": 8.500000112690032E-4,
            "90": 7.999999797903001E-4,
            "1618": 7.999999797903001E-4,
            "1858": 8.500000112690032E-4,
            "1616": 7.999999797903001E-4,
            "14": 7.999999797903001E-4,
            "1191": 8.500000112690032E-4,
            "1502": 8.999999845400453E-4,
            "1985": 8.999999845400453E-4,
            "1589": 7.999999797903001E-4,
            "1622": 7.999999797903001E-4,
            "2": 7.50000006519258E-4,
            "1104": 0.0010000000474974513,
            "1863": 8.500000112690032E-4,
            "5": 7.999999797903001E-4,
            "489": 7.999999797903001E-4,
            "802": 8.500000112690032E-4,
            "1508": 7.999999797903001E-4,
            "1902": 8.500000112690032E-4,
            "1108": 8.999999845400453E-4,
            "809": 8.500000112690032E-4,
            "24": 7.999999797903001E-4,
            "1483": 7.999999797903001E-4,
            "1086": 8.500000112690032E-4,
            "770": 8.500000112690032E-4,
            "254": 7.999999797903001E-4,
            "1995": 7.999999797903001E-4,
            "532": 8.999999845400453E-4,
            "1079": 8.500000112690032E-4,
            "535": 7.999999797903001E-4,
            "1639": 8.500000112690032E-4,
            "816": 8.500000112690032E-4,
            "1911": 8.500000112690032E-4,
            "1090": 7.999999797903001E-4,
            "39": 7.999999797903001E-4,
            "1490": 8.500000112690032E-4,
            "1128": 8.999999845400453E-4,
            "1248": 8.999999845400453E-4,
            "1523": 7.999999797903001E-4,
            "1005": 7.999999797903001E-4,
            "1885": 7.999999797903001E-4,
            "820": 7.999999797903001E-4,
            "1364": 8.500000112690032E-4,
            "1001": 7.999999797903001E-4,
            "704": 7.999999797903001E-4,
            "1805": 7.999999797903001E-4,
            "1804": 7.999999797903001E-4,
            "1528": 8.500000112690032E-4,
            "396": 7.999999797903001E-4,
            "432": 7.999999797903001E-4,
            "553": 7.999999797903001E-4,
            "314": 8.999999845400453E-4,
            "1892": 7.999999797903001E-4,
            "439": 8.500000112690032E-4,
            "957": 8.500000112690032E-4,
            "1395": 8.999999845400453E-4,
            "1153": 7.999999797903001E-4,
            "1546": 8.500000112690032E-4,
            "1666": 8.500000112690032E-4,
            "685": 7.999999797903001E-4,
            "169": 8.999999845400453E-4,
            "1388": 7.999999797903001E-4,
            "567": 0.0010000000474974513,
            "1145": 7.999999797903001E-4,
            "1708": 8.999999845400453E-4,
            "845": 7.999999797903001E-4,
            "61": 8.999999845400453E-4,
            "605": 8.999999845400453E-4,
            "1558": 8.500000112690032E-4,
            "1954": 8.500000112690032E-4,
            "1313": 7.999999797903001E-4,
            "1554": 0.0010000000474974513,
            "852": 8.999999845400453E-4,
            "215": 8.999999845400453E-4,
            "855": 9.500000160187483E-4,
            "734": 7.999999797903001E-4,
            "856": 7.999999797903001E-4,
            "71": 8.500000112690032E-4,
            "1959": 8.500000112690032E-4,
            "340": 7.999999797903001E-4,
            "1722": 7.999999797903001E-4,
            "585": 7.999999797903001E-4,
            "102": 0.0010499999625608325,
            "1562": 8.500000112690032E-4,
            "502": 7.999999797903001E-4,
            "107": 8.999999845400453E-4,
            "82": 8.999999845400453E-4,
            "627": 9.500000160187483E-4,
            "1969": 0.0010000000474974513
          },
          "ybad": {
            "1461": 8.500000112690032E-4,
            "1976": 9.500000160187483E-4,
            "1459": 8.500000112690032E-4,
            "1733": 8.500000112690032E-4,
            "112": 8.999999845400453E-4,
            "234": 8.500000112690032E-4,
            "874": 8.999999845400453E-4,
            "753": 8.500000112690032E-4,
            "1212": 8.500000112690032E-4,
            "1179": 7.999999797903001E-4,
            "479": 8.999999845400453E-4,
            "875": 7.999999797903001E-4,
            "634": 8.999999845400453E-4,
            "1298": 7.999999797903001E-4,
            "1979": 8.999999845400453E-4,
            "915": 8.500000112690032E-4,
            "13": 7.999999797903001E-4,
            "15": 7.999999797903001E-4,
            "1352": 8.500000112690032E-4,
            "1196": 7.999999797903001E-4,
            "481": 0.0010000000474974513,
            "1987": 7.999999797903001E-4,
            "3": 7.50000006519258E-4,
            "643": 8.500000112690032E-4,
            "1465": 7.999999797903001E-4,
            "1221": 7.999999797903001E-4,
            "1907": 7.999999797903001E-4,
            "647": 8.500000112690032E-4,
            "922": 8.500000112690032E-4,
            "251": 8.500000112690032E-4,
            "1755": 7.999999797903001E-4,
            "410": 8.500000112690032E-4,
            "894": 7.999999797903001E-4,
            "499": 7.999999797903001E-4,
            "1751": 8.500000112690032E-4,
            "655": 8.500000112690032E-4,
            "138": 7.50000006519258E-4,
            "1232": 7.999999797903001E-4,
            "1916": 7.999999797903001E-4,
            "419": 8.999999845400453E-4,
            "381": 9.500000160187483E-4,
            "265": 8.999999845400453E-4,
            "662": 8.500000112690032E-4,
            "1006": 7.999999797903001E-4,
            "1368": 7.999999797903001E-4,
            "268": 7.999999797903001E-4,
            "424": 9.500000160187483E-4,
            "1881": 7.999999797903001E-4,
            "307": 8.500000112690032E-4,
            "429": 8.500000112690032E-4,
            "1406": 8.500000112690032E-4,
            "43": 7.50000006519258E-4,
            "1412": 9.500000160187483E-4,
            "1411": 8.999999845400453E-4,
            "1377": 8.999999845400453E-4,
            "797": 7.999999797903001E-4,
            "831": 7.999999797903001E-4,
            "1497": 7.999999797903001E-4,
            "1892": 8.500000112690032E-4,
            "836": 7.999999797903001E-4,
            "54": 7.999999797903001E-4,
            "1537": 7.999999797903001E-4,
            "1791": 8.999999845400453E-4,
            "1272": 7.999999797903001E-4,
            "164": 7.50000006519258E-4,
            "1822": 0.0010499999625608325,
            "165": 8.500000112690032E-4,
            "287": 7.999999797903001E-4,
            "840": 8.500000112690032E-4,
            "1268": 8.500000112690032E-4,
            "1664": 7.999999797903001E-4,
            "1784": 0.0010000000474974513,
            "1783": 7.999999797903001E-4,
            "63": 7.50000006519258E-4,
            "608": 7.999999797903001E-4,
            "1041": 7.999999797903001E-4,
            "570": 7.999999797903001E-4,
            "176": 7.999999797903001E-4,
            "1316": 7.999999797903001E-4,
            "694": 8.999999845400453E-4,
            "1798": 7.999999797903001E-4,
            "1313": 8.500000112690032E-4,
            "697": 8.500000112690032E-4,
            "214": 9.500000160187483E-4,
            "215": 8.500000112690032E-4,
            "1793": 7.999999797903001E-4,
            "977": 8.999999845400453E-4,
            "219": 7.999999797903001E-4,
            "72": 8.500000112690032E-4,
            "1716": 7.999999797903001E-4,
            "1559": 7.999999797903001E-4,
            "1297": 7.999999797903001E-4,
            "1295": 8.500000112690032E-4,
            "580": 7.999999797903001E-4,
            "221": 7.999999797903001E-4,
            "1567": 7.999999797903001E-4,
            "621": 7.999999797903001E-4,
            "1563": 7.999999797903001E-4,
            "107": 7.50000006519258E-4,
            "109": 8.500000112690032E-4
          }
        }
      },
      "good": {
        "rowCount": 20000,
        "mostCommonFrequencies": {
          "ugood": {
            "3088": 8.999999845400453E-4,
            "2821": 7.999999797903001E-4,
            "3237": 9.500000160187483E-4,
            "3512": 7.999999797903001E-4,
            "2268": 9.500000160187483E-4,
            "1971": 7.999999797903001E-4,
            "3477": 8.500000112690032E-4,
            "3756": 8.500000112690032E-4,
            "2945": 8.500000112690032E-4,
            "2560": 8.500000112690032E-4,
            "3132": 7.999999797903001E-4,
            "2162": 8.999999845400453E-4,
            "2283": 8.999999845400453E-4,
            "1986": 8.999999845400453E-4,
            "2556": 7.999999797903001E-4,
            "2952": 7.999999797903001E-4,
            "2676": 8.500000112690032E-4,
            "3247": 8.500000112690032E-4,
            "2037": 7.50000006519258E-4,
            "2399": 9.500000160187483E-4,
            "3488": 8.500000112690032E-4,
            "3124": 7.999999797903001E-4,
            "1904": 7.50000006519258E-4,
            "3409": 7.999999797903001E-4,
            "1989": 7.50000006519258E-4,
            "3780": 8.500000112690032E-4,
            "2297": 8.999999845400453E-4,
            "2330": 8.500000112690032E-4,
            "2171": 7.50000006519258E-4,
            "2724": 7.999999797903001E-4,
            "2723": 7.999999797903001E-4,
            "2204": 8.500000112690032E-4,
            "3414": 7.999999797903001E-4,
            "1995": 7.50000006519258E-4,
            "3138": 0.0010000000474974513,
            "2720": 7.999999797903001E-4,
            "3379": 8.500000112690032E-4,
            "2048": 7.50000006519258E-4,
            "3499": 8.999999845400453E-4,
            "2322": 7.999999797903001E-4,
            "2167": 7.50000006519258E-4,
            "3774": 7.999999797903001E-4,
            "1913": 8.500000112690032E-4,
            "2208": 8.500000112690032E-4,
            "2846": 8.500000112690032E-4,
            "2220": 9.500000160187483E-4,
            "2061": 8.500000112690032E-4,
            "2337": 7.999999797903001E-4,
            "2214": 7.999999797903001E-4,
            "3301": 7.999999797903001E-4,
            "2453": 7.999999797903001E-4,
            "3666": 7.999999797903001E-4,
            "2988": 8.500000112690032E-4,
            "2503": 8.999999845400453E-4,
            "3837": 7.999999797903001E-4,
            "2500": 8.999999845400453E-4,
            "2467": 7.999999797903001E-4,
            "3038": 9.500000160187483E-4,
            "2585": 8.500000112690032E-4,
            "2906": 7.999999797903001E-4,
            "3830": 7.999999797903001E-4,
            "3710": 8.999999845400453E-4,
            "2509": 7.999999797903001E-4,
            "1933": 8.500000112690032E-4,
            "2880": 8.999999845400453E-4,
            "3054": 8.500000112690032E-4,
            "3296": 8.500000112690032E-4,
            "3570": 8.500000112690032E-4,
            "2636": 0.0010499999625608325,
            "2751": 8.500000112690032E-4,
            "3842": 8.500000112690032E-4,
            "3608": 8.500000112690032E-4,
            "1945": 8.500000112690032E-4,
            "2759": 7.999999797903001E-4,
            "2254": 8.999999845400453E-4,
            "2133": 7.50000006519258E-4,
            "3066": 9.500000160187483E-4,
            "3582": 7.999999797903001E-4,
            "2130": 7.50000006519258E-4,
            "2094": 7.999999797903001E-4,
            "2490": 7.999999797903001E-4,
            "2126": 7.999999797903001E-4,
            "2486": 7.999999797903001E-4,
            "2123": 7.50000006519258E-4,
            "3851": 8.500000112690032E-4,
            "2928": 7.999999797903001E-4,
            "3698": 7.999999797903001E-4,
            "2806": 8.999999845400453E-4,
            "2769": 0.0010000000474974513,
            "2264": 7.999999797903001E-4,
            "2141": 7.999999797903001E-4,
            "2898": 7.999999797903001E-4,
            "2897": 7.999999797903001E-4,
            "3467": 0.0010999999940395355,
            "2257": 8.500000112690032E-4,
            "2136": 7.50000006519258E-4,
            "3864": 7.999999797903001E-4,
            "2814": 8.500000112690032E-4,
            "1967": 7.50000006519258E-4,
            "3747": 7.999999797903001E-4
          },
          "wgood": {
            "3243": 7.999999797903001E-4,
            "2394": 8.500000112690032E-4,
            "2151": 7.999999797903001E-4,
            "2944": 8.500000112690032E-4,
            "2789": 0.0010499999625608325,
            "2820": 8.500000112690032E-4,
            "2666": 7.999999797903001E-4,
            "3358": 7.999999797903001E-4,
            "3478": 8.999999845400453E-4,
            "2300": 8.500000112690032E-4,
            "3598": 8.500000112690032E-4,
            "2387": 8.999999845400453E-4,
            "3355": 8.999999845400453E-4,
            "3771": 8.500000112690032E-4,
            "3133": 7.999999797903001E-4,
            "2164": 9.500000160187483E-4,
            "3371": 8.500000112690032E-4,
            "2679": 7.999999797903001E-4,
            "2953": 8.999999845400453E-4,
            "3366": 8.999999845400453E-4,
            "3884": 8.500000112690032E-4,
            "2718": 7.999999797903001E-4,
            "2319": 8.500000112690032E-4,
            "3024": 8.500000112690032E-4,
            "2298": 7.999999797903001E-4,
            "2692": 0.0010999999940395355,
            "3383": 7.999999797903001E-4,
            "2207": 8.500000112690032E-4,
            "2724": 7.999999797903001E-4,
            "2205": 8.999999845400453E-4,
            "3139": 8.999999845400453E-4,
            "3377": 7.999999797903001E-4,
            "3773": 0.0010000000474974513,
            "2728": 8.999999845400453E-4,
            "3792": 8.500000112690032E-4,
            "2187": 8.500000112690032E-4,
            "2580": 7.999999797903001E-4,
            "2854": 0.0010999999940395355,
            "2974": 9.500000160187483E-4,
            "1927": 7.999999797903001E-4,
            "3668": 8.500000112690032E-4,
            "2979": 8.500000112690032E-4,
            "3280": 7.999999797903001E-4,
            "3681": 0.0010000000474974513,
            "3321": 7.999999797903001E-4,
            "2198": 8.500000112690032E-4,
            "2110": 7.999999797903001E-4,
            "2590": 7.999999797903001E-4,
            "3283": 7.999999797903001E-4,
            "2072": 7.999999797903001E-4,
            "3281": 8.500000112690032E-4,
            "2624": 8.999999845400453E-4,
            "2228": 7.999999797903001E-4,
            "2469": 8.999999845400453E-4,
            "2744": 7.999999797903001E-4,
            "3436": 8.999999845400453E-4,
            "2742": 8.500000112690032E-4,
            "2466": 7.999999797903001E-4,
            "3279": 9.500000160187483E-4,
            "2585": 8.999999845400453E-4,
            "2628": 0.0010000000474974513,
            "3574": 7.999999797903001E-4,
            "3298": 8.500000112690032E-4,
            "2241": 7.999999797903001E-4,
            "3450": 0.0010999999940395355,
            "3173": 7.999999797903001E-4,
            "2999": 9.500000160187483E-4,
            "2118": 8.999999845400453E-4,
            "2116": 7.999999797903001E-4,
            "2873": 7.999999797903001E-4,
            "2758": 8.999999845400453E-4,
            "2375": 8.999999845400453E-4,
            "3585": 8.500000112690032E-4,
            "3188": 0.0010499999625608325,
            "3220": 0.0010499999625608325,
            "2098": 8.500000112690032E-4,
            "3858": 8.500000112690032E-4,
            "2526": 7.999999797903001E-4,
            "2523": 8.500000112690032E-4,
            "3579": 7.999999797903001E-4,
            "2126": 7.999999797903001E-4,
            "2366": 8.500000112690032E-4,
            "2805": 8.500000112690032E-4,
            "3735": 9.500000160187483E-4,
            "2649": 7.999999797903001E-4,
            "3073": 8.500000112690032E-4,
            "3869": 8.999999845400453E-4,
            "2899": 0.0010499999625608325,
            "2810": 8.500000112690032E-4,
            "2259": 0.0010000000474974513,
            "2138": 8.999999845400453E-4,
            "2412": 8.500000112690032E-4,
            "3589": 8.500000112690032E-4,
            "2653": 9.500000160187483E-4,
            "3588": 7.999999797903001E-4,
            "2531": 9.500000160187483E-4,
            "2893": 7.999999797903001E-4,
            "2816": 7.999999797903001E-4,
            "3745": 8.500000112690032E-4,
            "2538": 9.500000160187483E-4
          }
        }
      }
    },
    "orderedEdges": [
      {
        "name": "u",
        "nodes": [
          "X0",
          "X14"
        ]
      },
      {
        "name": "x",
        "nodes": [
          "X2",
          "X6"
        ]
      },
      {
        "name": "y",
        "nodes": [
          "X3",
          "X4"
        ]
      },
      {
        "name": "bad",
        "nodes": [
          "X2",
          "X3"
        ]
      },
      {
        "name": "good",
        "nodes": [
          "X0",
          "X1"
        ]
      },
      {
        "name": "fat",
        "nodes": [
          "X8",
          "X14",
          "X4",
          "X6"
        ]
      },
      {
        "name": "w",
        "nodes": [
          "X8",
          "X1"
        ]
      }
    ],
    "edges": [
      {
        "name": "u",
        "nodes": [
          "X0",
          "X14"
        ]
      },
      {
        "name": "x",
        "nodes": [
          "X2",
          "X6"
        ]
      },
      {
        "name": "y",
        "nodes": [
          "X3",
          "X4"
        ]
      },
      {
        "name": "bad",
        "nodes": [
          "X2",
          "X3"
        ]
      },
      {
        "name": "good",
        "nodes": [
          "X0",
          "X1"
        ]
      },
      {
        "name": "fat",
        "nodes": [
          "X8",
          "X14",
          "X4",
          "X6"
        ]
      },
      {
        "name": "w",
        "nodes": [
          "X8",
          "X1"
        ]
      }
    ],
    "nodes": [
      "X8",
      "X0",
      "X1",
      "X14",
      "X2",
      "X3",
      "X4",
      "X6"
    ],
    "edgesByName": {
      "bad": {
        "name": "bad",
        "nodes": [
          "X2",
          "X3"
        ]
      },
      "u": {
        "name": "u",
        "nodes": [
          "X0",
          "X14"
        ]
      },
      "w": {
        "name": "w",
        "nodes": [
          "X8",
          "X1"
        ]
      },
      "x": {
        "name": "x",
        "nodes": [
          "X2",
          "X6"
        ]
      },
      "fat": {
        "name": "fat",
        "nodes": [
          "X8",
          "X14",
          "X4",
          "X6"
        ]
      },
      "y": {
        "name": "y",
        "nodes": [
          "X3",
          "X4"
        ]
      },
      "good": {
        "name": "good",
        "nodes": [
          "X0",
          "X1"
        ]
      }
    },
    "columnToVariableMapping": {
      "u.ugood": "X0",
      "bad.ybad": "X3",
      "bad.xbad": "X2",
      "fat.d": "X8",
      "good.wgood": "X1",
      "fat.c": "X14",
      "x.xbad": "X2",
      "fat.b": "X4",
      "fat.a": "X6",
      "x.a": "X6",
      "good.ugood": "X0",
      "u.c": "X14",
      "w.d": "X8",
      "y.b": "X4",
      "y.ybad": "X3",
      "w.wgood": "X1"
    },
    "inverseEquivalenceMapping": {
      "X8": {
        "w": [
          "d"
        ],
        "fat": [
          "d"
        ]
      },
      "X0": {
        "u": [
          "ugood"
        ],
        "good": [
          "ugood"
        ]
      },
      "X1": {
        "w": [
          "wgood"
        ],
        "good": [
          "wgood"
        ]
      },
      "X2": {
        "bad": [
          "xbad"
        ],
        "x": [
          "xbad"
        ]
      },
      "X14": {
        "u": [
          "c"
        ],
        "fat": [
          "c"
        ]
      },
      "X3": {
        "bad": [
          "ybad"
        ],
        "y": [
          "ybad"
        ]
      },
      "X4": {
        "fat": [
          "b"
        ],
        "y": [
          "b"
        ]
      },
      "X6": {
        "fat": [
          "a"
        ],
        "x": [
          "a"
        ]
      }
    },
    "variableToColumnMapping": {
      "X8": [
        "fat.d",
        "w.d"
      ],
      "X0": [
        "u.ugood",
        "good.ugood"
      ],
      "X1": [
        "good.wgood",
        "w.wgood"
      ],
      "X2": [
        "bad.xbad",
        "x.xbad"
      ],
      "X14": [
        "fat.c",
        "u.c"
      ],
      "X3": [
        "bad.ybad",
        "y.ybad"
      ],
      "X4": [
        "fat.b",
        "y.b"
      ],
      "X6": [
        "fat.a",
        "x.a"
      ]
    },
    "decompositionTree": {}
  },
  "joinTree": {
    "successors": [
      {
        "successors": [],
        "tables": [
          "u",
          "good"
        ],
        "attributes": [
          "X0",
          "X1",
          "X14"
        ]
      },
      {
        "successors": [
          {
            "successors": [],
            "tables": [
              "y",
              "bad"
            ],
            "attributes": [
              "X2",
              "X3",
              "X4"
            ]
          }
        ],
        "tables": [
          "x",
          "fat"
        ],
        "attributes": [
          "X8",
          "X14",
          "X2",
          "X4",
          "X6"
        ]
      }
    ],
    "tables": [
      "fat",
      "w"
    ],
    "attributes": [
      "X8",
      "X1",
      "X14",
      "X4",
      "X6"
    ]
  },
  "query": "select u.ugood, w.wgood, x.xbad, y.ybad, fat.d, fat.c, fat.b, fat.a from fat\n  natural join x\n  natural join y\n  natural join u\n  natural join w\n  natural join bad\n  natural join good;"
}