{
  "conf": {
    "db": "db3",
    "query": "tree.sql",
    "suffix": "balancedgo-04-01",
    "run": 1,
    "decompositionOptions": {
      "algorithm": "BALANCEDGO"
    },
    "queryTimeout": 100,
    "dbSize": 4,
    "parallel": true,
    "skipRows": true,
    "threadCount": 7,
    "booleanQuery": false,
    "useStatistics": true
  },
  "unoptimizedRuntime": 743,
  "optimizedTotalRuntime": 1677,
  "optimizedQueryRuntime": 1496,
  "optimizedQueryTimeout": false,
  "unoptimizedQueryTimeout": false,
  "optimizedResultCorrect": true,
  "unoptimizedColumns": 3,
  "optimizedColumns": 3,
  "unoptimizedRows": 3145728,
  "optimizedRows": 3145728,
  "hypergraph": {
    "weights": [
      {
        "bag": [
          {
            "name": "t11",
            "nodes": [
              "X16",
              "X18"
            ]
          }
        ],
        "weight": 6.000000357627874
      },
      {
        "bag": [
          {
            "name": "t5",
            "nodes": [
              "X1",
              "X5"
            ]
          }
        ],
        "weight": 6.000000357627874
      },
      {
        "bag": [
          {
            "name": "t7",
            "nodes": [
              "X25",
              "X6"
            ]
          }
        ],
        "weight": 6.000000357627874
      },
      {
        "bag": [
          {
            "name": "t16",
            "nodes": [
              "X30",
              "X31"
            ]
          }
        ],
        "weight": 6.000000357627874
      },
      {
        "bag": [
          {
            "name": "t9",
            "nodes": [
              "X16",
              "X28"
            ]
          }
        ],
        "weight": 6.000000357627874
      },
      {
        "bag": [
          {
            "name": "t20",
            "nodes": [
              "X20",
              "X3"
            ]
          }
        ],
        "weight": 6.000000357627874
      },
      {
        "bag": [
          {
            "name": "t4",
            "nodes": [
              "X1",
              "X6"
            ]
          }
        ],
        "weight": 6.000000357627874
      },
      {
        "bag": [
          {
            "name": "t3",
            "nodes": [
              "X11",
              "X6"
            ]
          }
        ],
        "weight": 6.000000357627874
      },
      {
        "bag": [
          {
            "name": "t13",
            "nodes": [
              "X30",
              "X27"
            ]
          }
        ],
        "weight": 6.000000357627874
      },
      {
        "bag": [
          {
            "name": "t10",
            "nodes": [
              "X22",
              "X16"
            ]
          }
        ],
        "weight": 6.000000357627874
      },
      {
        "bag": [
          {
            "name": "t14",
            "nodes": [
              "X27",
              "X39"
            ]
          }
        ],
        "weight": 6.000000357627874
      },
      {
        "bag": [
          {
            "name": "t19",
            "nodes": [
              "X2",
              "X3"
            ]
          }
        ],
        "weight": 6.000000357627874
      },
      {
        "bag": [
          {
            "name": "t15",
            "nodes": [
              "X27",
              "X26"
            ]
          }
        ],
        "weight": 6.000000357627874
      },
      {
        "bag": [
          {
            "name": "t6",
            "nodes": [
              "X33",
              "X5"
            ]
          }
        ],
        "weight": 6.000000357627874
      },
      {
        "bag": [
          {
            "name": "t2",
            "nodes": [
              "X6",
              "X7"
            ]
          }
        ],
        "weight": 6.000000357627874
      },
      {
        "bag": [
          {
            "name": "t18",
            "nodes": [
              "X30",
              "X3"
            ]
          }
        ],
        "weight": 6.000000357627874
      },
      {
        "bag": [
          {
            "name": "t8",
            "nodes": [
              "X25",
              "X28"
            ]
          }
        ],
        "weight": 6.000000357627874
      },
      {
        "bag": [
          {
            "name": "t12",
            "nodes": [
              "X30",
              "X18"
            ]
          }
        ],
        "weight": 6.000000357627874
      },
      {
        "bag": [
          {
            "name": "t1",
            "nodes": [
              "X15",
              "X6"
            ]
          }
        ],
        "weight": 6.000000357627874
      },
      {
        "bag": [
          {
            "name": "t17",
            "nodes": [
              "X8",
              "X30"
            ]
          }
        ],
        "weight": 6.000000357627874
      }
    ],
    "statistics": {
      "t4": {
        "rowCount": 6,
        "mostCommonFrequencies": {
          "a": {
            "1": 0.3333333432674408,
            "2": 0.3333333432674408,
            "3": 0.3333333432674408
          },
          "b": {
            "1": 0.3333333432674408,
            "2": 0.3333333432674408,
            "3": 0.3333333432674408
          }
        }
      },
      "t5": {
        "rowCount": 6,
        "mostCommonFrequencies": {
          "a": {
            "1": 0.3333333432674408,
            "2": 0.3333333432674408,
            "3": 0.3333333432674408
          },
          "b": {
            "1": 0.3333333432674408,
            "2": 0.3333333432674408,
            "3": 0.3333333432674408
          }
        }
      },
      "t6": {
        "rowCount": 6,
        "mostCommonFrequencies": {
          "a": {
            "1": 0.3333333432674408,
            "2": 0.3333333432674408,
            "3": 0.3333333432674408
          },
          "b": {
            "1": 0.3333333432674408,
            "2": 0.3333333432674408,
            "3": 0.3333333432674408
          }
        }
      },
      "t7": {
        "rowCount": 6,
        "mostCommonFrequencies": {
          "a": {
            "1": 0.3333333432674408,
            "2": 0.3333333432674408,
            "3": 0.3333333432674408
          },
          "b": {
            "1": 0.3333333432674408,
            "2": 0.3333333432674408,
            "3": 0.3333333432674408
          }
        }
      },
      "t8": {
        "rowCount": 6,
        "mostCommonFrequencies": {
          "a": {
            "1": 0.3333333432674408,
            "2": 0.3333333432674408,
            "3": 0.3333333432674408
          },
          "b": {
            "1": 0.3333333432674408,
            "2": 0.3333333432674408,
            "3": 0.3333333432674408
          }
        }
      },
      "t9": {
        "rowCount": 6,
        "mostCommonFrequencies": {
          "a": {
            "1": 0.3333333432674408,
            "2": 0.3333333432674408,
            "3": 0.3333333432674408
          },
          "b": {
            "1": 0.3333333432674408,
            "2": 0.3333333432674408,
            "3": 0.3333333432674408
          }
        }
      },
      "t10": {
        "rowCount": 6,
        "mostCommonFrequencies": {
          "a": {
            "1": 0.3333333432674408,
            "2": 0.3333333432674408,
            "3": 0.3333333432674408
          },
          "b": {
            "1": 0.3333333432674408,
            "2": 0.3333333432674408,
            "3": 0.3333333432674408
          }
        }
      },
      "t20": {
        "rowCount": 6,
        "mostCommonFrequencies": {
          "a": {
            "1": 0.3333333432674408,
            "2": 0.3333333432674408,
            "3": 0.3333333432674408
          },
          "b": {
            "1": 0.3333333432674408,
            "2": 0.3333333432674408,
            "3": 0.3333333432674408
          }
        }
      },
      "t12": {
        "rowCount": 6,
        "mostCommonFrequencies": {
          "a": {
            "1": 0.3333333432674408,
            "2": 0.3333333432674408,
            "3": 0.3333333432674408
          },
          "b": {
            "1": 0.3333333432674408,
            "2": 0.3333333432674408,
            "3": 0.3333333432674408
          }
        }
      },
      "t11": {
        "rowCount": 6,
        "mostCommonFrequencies": {
          "a": {
            "1": 0.3333333432674408,
            "2": 0.3333333432674408,
            "3": 0.3333333432674408
          },
          "b": {
            "1": 0.3333333432674408,
            "2": 0.3333333432674408,
            "3": 0.3333333432674408
          }
        }
      },
      "t14": {
        "rowCount": 6,
        "mostCommonFrequencies": {
          "a": {
            "1": 0.3333333432674408,
            "2": 0.3333333432674408,
            "3": 0.3333333432674408
          },
          "b": {
            "1": 0.3333333432674408,
            "2": 0.3333333432674408,
            "3": 0.3333333432674408
          }
        }
      },
      "t13": {
        "rowCount": 6,
        "mostCommonFrequencies": {
          "a": {
            "1": 0.3333333432674408,
            "2": 0.3333333432674408,
            "3": 0.3333333432674408
          },
          "b": {
            "1": 0.3333333432674408,
            "2": 0.3333333432674408,
            "3": 0.3333333432674408
          }
        }
      },
      "t16": {
        "rowCount": 6,
        "mostCommonFrequencies": {
          "a": {
            "1": 0.3333333432674408,
            "2": 0.3333333432674408,
            "3": 0.3333333432674408
          },
          "b": {
            "1": 0.3333333432674408,
            "2": 0.3333333432674408,
            "3": 0.3333333432674408
          }
        }
      },
      "t15": {
        "rowCount": 6,
        "mostCommonFrequencies": {
          "a": {
            "1": 0.3333333432674408,
            "2": 0.3333333432674408,
            "3": 0.3333333432674408
          },
          "b": {
            "1": 0.3333333432674408,
            "2": 0.3333333432674408,
            "3": 0.3333333432674408
          }
        }
      },
      "t18": {
        "rowCount": 6,
        "mostCommonFrequencies": {
          "a": {
            "1": 0.3333333432674408,
            "2": 0.3333333432674408,
            "3": 0.3333333432674408
          },
          "b": {
            "1": 0.3333333432674408,
            "2": 0.3333333432674408,
            "3": 0.3333333432674408
          }
        }
      },
      "t17": {
        "rowCount": 6,
        "mostCommonFrequencies": {
          "a": {
            "1": 0.3333333432674408,
            "2": 0.3333333432674408,
            "3": 0.3333333432674408
          },
          "b": {
            "1": 0.3333333432674408,
            "2": 0.3333333432674408,
            "3": 0.3333333432674408
          }
        }
      },
      "t1": {
        "rowCount": 6,
        "mostCommonFrequencies": {
          "a": {
            "1": 0.3333333432674408,
            "2": 0.3333333432674408,
            "3": 0.3333333432674408
          },
          "b": {
            "1": 0.3333333432674408,
            "2": 0.3333333432674408,
            "3": 0.3333333432674408
          }
        }
      },
      "t19": {
        "rowCount": 6,
        "mostCommonFrequencies": {
          "a": {
            "1": 0.3333333432674408,
            "2": 0.3333333432674408,
            "3": 0.3333333432674408
          },
          "b": {
            "1": 0.3333333432674408,
            "2": 0.3333333432674408,
            "3": 0.3333333432674408
          }
        }
      },
      "t2": {
        "rowCount": 6,
        "mostCommonFrequencies": {
          "a": {
            "1": 0.3333333432674408,
            "2": 0.3333333432674408,
            "3": 0.3333333432674408
          },
          "b": {
            "1": 0.3333333432674408,
            "2": 0.3333333432674408,
            "3": 0.3333333432674408
          }
        }
      },
      "t3": {
        "rowCount": 6,
        "mostCommonFrequencies": {
          "a": {
            "1": 0.3333333432674408,
            "2": 0.3333333432674408,
            "3": 0.3333333432674408
          },
          "b": {
            "1": 0.3333333432674408,
            "2": 0.3333333432674408,
            "3": 0.3333333432674408
          }
        }
      }
    },
    "orderedEdges": [
      {
        "name": "t11",
        "nodes": [
          "X16",
          "X18"
        ]
      },
      {
        "name": "t15",
        "nodes": [
          "X27",
          "X26"
        ]
      },
      {
        "name": "t2",
        "nodes": [
          "X6",
          "X7"
        ]
      },
      {
        "name": "t20",
        "nodes": [
          "X20",
          "X3"
        ]
      },
      {
        "name": "t14",
        "nodes": [
          "X27",
          "X39"
        ]
      },
      {
        "name": "t18",
        "nodes": [
          "X30",
          "X3"
        ]
      },
      {
        "name": "t4",
        "nodes": [
          "X1",
          "X6"
        ]
      },
      {
        "name": "t1",
        "nodes": [
          "X15",
          "X6"
        ]
      },
      {
        "name": "t17",
        "nodes": [
          "X8",
          "X30"
        ]
      },
      {
        "name": "t3",
        "nodes": [
          "X11",
          "X6"
        ]
      },
      {
        "name": "t13",
        "nodes": [
          "X30",
          "X27"
        ]
      },
      {
        "name": "t9",
        "nodes": [
          "X16",
          "X28"
        ]
      },
      {
        "name": "t19",
        "nodes": [
          "X2",
          "X3"
        ]
      },
      {
        "name": "t7",
        "nodes": [
          "X25",
          "X6"
        ]
      },
      {
        "name": "t5",
        "nodes": [
          "X1",
          "X5"
        ]
      },
      {
        "name": "t16",
        "nodes": [
          "X30",
          "X31"
        ]
      },
      {
        "name": "t10",
        "nodes": [
          "X22",
          "X16"
        ]
      },
      {
        "name": "t8",
        "nodes": [
          "X25",
          "X28"
        ]
      },
      {
        "name": "t6",
        "nodes": [
          "X33",
          "X5"
        ]
      },
      {
        "name": "t12",
        "nodes": [
          "X30",
          "X18"
        ]
      }
    ],
    "edges": [
      {
        "name": "t11",
        "nodes": [
          "X16",
          "X18"
        ]
      },
      {
        "name": "t15",
        "nodes": [
          "X27",
          "X26"
        ]
      },
      {
        "name": "t2",
        "nodes": [
          "X6",
          "X7"
        ]
      },
      {
        "name": "t20",
        "nodes": [
          "X20",
          "X3"
        ]
      },
      {
        "name": "t14",
        "nodes": [
          "X27",
          "X39"
        ]
      },
      {
        "name": "t18",
        "nodes": [
          "X30",
          "X3"
        ]
      },
      {
        "name": "t4",
        "nodes": [
          "X1",
          "X6"
        ]
      },
      {
        "name": "t1",
        "nodes": [
          "X15",
          "X6"
        ]
      },
      {
        "name": "t17",
        "nodes": [
          "X8",
          "X30"
        ]
      },
      {
        "name": "t3",
        "nodes": [
          "X11",
          "X6"
        ]
      },
      {
        "name": "t13",
        "nodes": [
          "X30",
          "X27"
        ]
      },
      {
        "name": "t9",
        "nodes": [
          "X16",
          "X28"
        ]
      },
      {
        "name": "t19",
        "nodes": [
          "X2",
          "X3"
        ]
      },
      {
        "name": "t7",
        "nodes": [
          "X25",
          "X6"
        ]
      },
      {
        "name": "t5",
        "nodes": [
          "X1",
          "X5"
        ]
      },
      {
        "name": "t16",
        "nodes": [
          "X30",
          "X31"
        ]
      },
      {
        "name": "t10",
        "nodes": [
          "X22",
          "X16"
        ]
      },
      {
        "name": "t8",
        "nodes": [
          "X25",
          "X28"
        ]
      },
      {
        "name": "t6",
        "nodes": [
          "X33",
          "X5"
        ]
      },
      {
        "name": "t12",
        "nodes": [
          "X30",
          "X18"
        ]
      }
    ],
    "nodes": [
      "X8",
      "X30",
      "X20",
      "X31",
      "X1",
      "X22",
      "X33",
      "X11",
      "X25",
      "X2",
      "X3",
      "X27",
      "X16",
      "X5",
      "X26",
      "X15",
      "X6",
      "X18",
      "X28",
      "X39",
      "X7"
    ],
    "edgesByName": {
      "t4": {
        "name": "t4",
        "nodes": [
          "X1",
          "X6"
        ]
      },
      "t5": {
        "name": "t5",
        "nodes": [
          "X1",
          "X5"
        ]
      },
      "t6": {
        "name": "t6",
        "nodes": [
          "X33",
          "X5"
        ]
      },
      "t7": {
        "name": "t7",
        "nodes": [
          "X25",
          "X6"
        ]
      },
      "t8": {
        "name": "t8",
        "nodes": [
          "X25",
          "X28"
        ]
      },
      "t9": {
        "name": "t9",
        "nodes": [
          "X16",
          "X28"
        ]
      },
      "t10": {
        "name": "t10",
        "nodes": [
          "X22",
          "X16"
        ]
      },
      "t20": {
        "name": "t20",
        "nodes": [
          "X20",
          "X3"
        ]
      },
      "t12": {
        "name": "t12",
        "nodes": [
          "X30",
          "X18"
        ]
      },
      "t11": {
        "name": "t11",
        "nodes": [
          "X16",
          "X18"
        ]
      },
      "t14": {
        "name": "t14",
        "nodes": [
          "X27",
          "X39"
        ]
      },
      "t13": {
        "name": "t13",
        "nodes": [
          "X30",
          "X27"
        ]
      },
      "t16": {
        "name": "t16",
        "nodes": [
          "X30",
          "X31"
        ]
      },
      "t15": {
        "name": "t15",
        "nodes": [
          "X27",
          "X26"
        ]
      },
      "t18": {
        "name": "t18",
        "nodes": [
          "X30",
          "X3"
        ]
      },
      "t17": {
        "name": "t17",
        "nodes": [
          "X8",
          "X30"
        ]
      },
      "t1": {
        "name": "t1",
        "nodes": [
          "X15",
          "X6"
        ]
      },
      "t19": {
        "name": "t19",
        "nodes": [
          "X2",
          "X3"
        ]
      },
      "t2": {
        "name": "t2",
        "nodes": [
          "X6",
          "X7"
        ]
      },
      "t3": {
        "name": "t3",
        "nodes": [
          "X11",
          "X6"
        ]
      }
    },
    "columnToVariableMapping": {
      "t5.b": "X5",
      "t6.a": "X5",
      "t4.b": "X1",
      "t5.a": "X1",
      "t7.b": "X25",
      "t8.a": "X28",
      "t6.b": "X33",
      "t7.a": "X6",
      "t1.b": "X15",
      "t2.a": "X6",
      "t1.a": "X6",
      "t3.b": "X11",
      "t4.a": "X6",
      "t3.a": "X6",
      "t2.b": "X7",
      "t9.b": "X16",
      "t8.b": "X25",
      "t9.a": "X28",
      "t20.b": "X3",
      "t20.a": "X20",
      "t19.b": "X3",
      "t12.b": "X30",
      "t13.a": "X30",
      "t11.b": "X18",
      "t12.a": "X18",
      "t15.a": "X26",
      "t14.b": "X39",
      "t13.b": "X27",
      "t14.a": "X27",
      "t17.a": "X8",
      "t16.b": "X31",
      "t16.a": "X30",
      "t15.b": "X27",
      "t18.b": "X30",
      "t19.a": "X2",
      "t17.b": "X30",
      "t18.a": "X3",
      "t11.a": "X16",
      "t10.b": "X16",
      "t10.a": "X22"
    },
    "inverseEquivalenceMapping": {
      "X8": {
        "t17": [
          "a"
        ]
      },
      "X30": {
        "t12": [
          "b"
        ],
        "t13": [
          "a"
        ],
        "t16": [
          "a"
        ],
        "t18": [
          "b"
        ],
        "t17": [
          "b"
        ]
      },
      "X20": {
        "t20": [
          "a"
        ]
      },
      "X31": {
        "t16": [
          "b"
        ]
      },
      "X1": {
        "t4": [
          "b"
        ],
        "t5": [
          "a"
        ]
      },
      "X22": {
        "t10": [
          "a"
        ]
      },
      "X33": {
        "t6": [
          "b"
        ]
      },
      "X11": {
        "t3": [
          "b"
        ]
      },
      "X25": {
        "t7": [
          "b"
        ],
        "t8": [
          "b"
        ]
      },
      "X2": {
        "t19": [
          "a"
        ]
      },
      "X3": {
        "t20": [
          "b"
        ],
        "t18": [
          "a"
        ],
        "t19": [
          "b"
        ]
      },
      "X27": {
        "t14": [
          "a"
        ],
        "t13": [
          "b"
        ],
        "t15": [
          "b"
        ]
      },
      "X16": {
        "t10": [
          "b"
        ],
        "t9": [
          "b"
        ],
        "t11": [
          "a"
        ]
      },
      "X5": {
        "t5": [
          "b"
        ],
        "t6": [
          "a"
        ]
      },
      "X26": {
        "t15": [
          "a"
        ]
      },
      "X15": {
        "t1": [
          "b"
        ]
      },
      "X6": {
        "t4": [
          "a"
        ],
        "t7": [
          "a"
        ],
        "t1": [
          "a"
        ],
        "t2": [
          "a"
        ],
        "t3": [
          "a"
        ]
      },
      "X18": {
        "t12": [
          "a"
        ],
        "t11": [
          "b"
        ]
      },
      "X28": {
        "t8": [
          "a"
        ],
        "t9": [
          "a"
        ]
      },
      "X7": {
        "t2": [
          "b"
        ]
      },
      "X39": {
        "t14": [
          "b"
        ]
      }
    },
    "variableToColumnMapping": {
      "X8": [
        "t17.a"
      ],
      "X30": [
        "t12.b",
        "t13.a",
        "t16.a",
        "t18.b",
        "t17.b"
      ],
      "X20": [
        "t20.a"
      ],
      "X31": [
        "t16.b"
      ],
      "X1": [
        "t4.b",
        "t5.a"
      ],
      "X22": [
        "t10.a"
      ],
      "X33": [
        "t6.b"
      ],
      "X11": [
        "t3.b"
      ],
      "X25": [
        "t7.b",
        "t8.b"
      ],
      "X2": [
        "t19.a"
      ],
      "X3": [
        "t20.b",
        "t19.b",
        "t18.a"
      ],
      "X27": [
        "t13.b",
        "t14.a",
        "t15.b"
      ],
      "X16": [
        "t9.b",
        "t11.a",
        "t10.b"
      ],
      "X5": [
        "t5.b",
        "t6.a"
      ],
      "X26": [
        "t15.a"
      ],
      "X15": [
        "t1.b"
      ],
      "X6": [
        "t7.a",
        "t2.a",
        "t1.a",
        "t4.a",
        "t3.a"
      ],
      "X18": [
        "t11.b",
        "t12.a"
      ],
      "X28": [
        "t8.a",
        "t9.a"
      ],
      "X7": [
        "t2.b"
      ],
      "X39": [
        "t14.b"
      ]
    },
    "decompositionTree": {}
  },
  "joinTree": {
    "successors": [
      {
        "successors": [],
        "tables": [
          "t10"
        ],
        "attributes": [
          "X16"
        ]
      },
      {
        "successors": [
          {
            "successors": [
              {
                "successors": [
                  {
                    "successors": [
                      {
                        "successors": [],
                        "tables": [
                          "t1"
                        ],
                        "attributes": [
                          "X6"
                        ]
                      },
                      {
                        "successors": [],
                        "tables": [
                          "t3"
                        ],
                        "attributes": [
                          "X11",
                          "X6"
                        ]
                      },
                      {
                        "successors": [
                          {
                            "successors": [
                              {
                                "successors": [],
                                "tables": [
                                  "t6"
                                ],
                                "attributes": [
                                  "X5"
                                ]
                              }
                            ],
                            "tables": [
                              "t5"
                            ],
                            "attributes": [
                              "X1",
                              "X5"
                            ]
                          }
                        ],
                        "tables": [
                          "t4"
                        ],
                        "attributes": [
                          "X1",
                          "X6"
                        ]
                      }
                    ],
                    "tables": [
                      "t2"
                    ],
                    "attributes": [
                      "X6"
                    ]
                  }
                ],
                "tables": [
                  "t7"
                ],
                "attributes": [
                  "X25",
                  "X6"
                ]
              }
            ],
            "tables": [
              "t8"
            ],
            "attributes": [
              "X25",
              "X28"
            ]
          }
        ],
        "tables": [
          "t9"
        ],
        "attributes": [
          "X16",
          "X28"
        ]
      },
      {
        "successors": [
          {
            "successors": [
              {
                "successors": [],
                "tables": [
                  "t20"
                ],
                "attributes": [
                  "X3"
                ]
              },
              {
                "successors": [],
                "tables": [
                  "t17"
                ],
                "attributes": [
                  "X30"
                ]
              },
              {
                "successors": [],
                "tables": [
                  "t19"
                ],
                "attributes": [
                  "X3"
                ]
              },
              {
                "successors": [],
                "tables": [
                  "t16"
                ],
                "attributes": [
                  "X30"
                ]
              },
              {
                "successors": [
                  {
                    "successors": [
                      {
                        "successors": [],
                        "tables": [
                          "t14"
                        ],
                        "attributes": [
                          "X27"
                        ]
                      }
                    ],
                    "tables": [
                      "t15"
                    ],
                    "attributes": [
                      "X27"
                    ]
                  }
                ],
                "tables": [
                  "t13"
                ],
                "attributes": [
                  "X30",
                  "X27"
                ]
              }
            ],
            "tables": [
              "t18"
            ],
            "attributes": [
              "X30",
              "X3"
            ]
          }
        ],
        "tables": [
          "t12"
        ],
        "attributes": [
          "X30",
          "X18"
        ]
      }
    ],
    "tables": [
      "t11"
    ],
    "attributes": [
      "X16",
      "X18"
    ]
  },
  "query": "select t1.a,t3.b,t15.b\nfrom t1, t2, t3, t4, t5, t6, t7, t8, t9, t10, t11, t12, t13, t14, t15, t16, t17, t18, t19, t20\nwhere t1.a \u003d t2.a\nand t2.a \u003d t3.a\nand t3.a \u003d t4.a\nAND t4.b \u003d t5.a\nAND t5.b \u003d t6.a\nAND t7.a \u003d t3.a\nAND t8.b \u003d t7.b\nAND t9.a \u003d t8.a\nAND t10.b \u003d t9.b\nAND t11.a \u003d t9.b\nAND t12.a \u003d t11.b\nAND t13.a \u003d t12.b\nAND t14.a \u003d t13.b\nAND t15.b \u003d t14.a\nAND t16.a \u003d t13.a\nAND t17.b \u003d t16.a\nAND t18.b \u003d t16.a\nAND t19.b \u003d t18.a\nAND t20.b \u003d t19.b;"
}