customer,10.000
supplier,250.000
nation,customer,93750.000
lineitem,region,751950.000
region,partsupp,100000.000
lineitem,nation,3759750.000
supplier,customer,37386.000
supplier,region,1250.000
partsupp,customer,75000000.000
supplier,orders,9375000.000
orders,partsupp,750000000.000
supplier,lineitem,37597500.000
supplier,nation,6250.000
lineitem,customer,563962500.000
orders,customer,140625000.000
orders,nation,937500.000
supplier,partsupp,5000000.000
partsupp,0.000
lineitem,0.000
lineitem,partsupp,3007800000.000
region,5.000
region,customer,18750.000
lineitem,orders,5639625000.000
region,orders,187500.000
orders,26.507
nation,25.000
nation,partsupp,500000.000
region,nation,125.000
