{
  "conf": {
    "db": "tpc-h-2",
    "query": "extra4.sql",
    "suffix": "balancedgo-01-01",
    "run": 1,
    "decompositionOptions": {
      "algorithm": "BALANCEDGO"
    },
    "queryTimeout": 100,
    "dbSize": 1,
    "parallel": true,
    "skipRows": true,
    "threadCount": 8,
    "booleanQuery": false,
    "useStatistics": true
  },
  "unoptimizedRuntime": 47298,
  "optimizedTotalRuntime": 54084,
  "optimizedQueryRuntime": 53933,
  "optimizedQueryTimeout": false,
  "unoptimizedQueryTimeout": false,
  "optimizedResultCorrect": true,
  "unoptimizedColumns": 4,
  "optimizedColumns": 4,
  "unoptimizedRows": 118780000,
  "optimizedRows": 118780000,
  "hypergraph": {
    "weights": [
      {
        "bag": [
          {
            "name": "customer",
            "nodes": [
              "X19",
              "X32",
              "X20",
              "X23",
              "X22",
              "X25",
              "X24",
              "X18"
            ]
          }
        ],
        "weight": 10.000000111176632
      },
      {
        "bag": [
          {
            "name": "supplier",
            "nodes": [
              "X30",
              "X32",
              "X31",
              "X34",
              "X33",
              "X35",
              "X38"
            ]
          }
        ],
        "weight": 250.00000093132257
      },
      {
        "bag": [
          {
            "name": "nation",
            "nodes": [
              "X32",
              "X16",
              "X15",
              "X17"
            ]
          },
          {
            "name": "customer",
            "nodes": [
              "X19",
              "X32",
              "X20",
              "X23",
              "X22",
              "X25",
              "X24",
              "X18"
            ]
          }
        ],
        "weight": 93750.0
      },
      {
        "bag": [
          {
            "name": "lineitem",
            "nodes": [
              "X50",
              "X41",
              "X40",
              "X51",
              "X43",
              "X42",
              "X45",
              "X44",
              "X36",
              "X47",
              "X46",
              "X38",
              "X49",
              "X37",
              "X48",
              "X39"
            ]
          },
          {
            "name": "region",
            "nodes": [
              "X16",
              "X27",
              "X28"
            ]
          }
        ],
        "weight": 751950.0
      },
      {
        "bag": [
          {
            "name": "region",
            "nodes": [
              "X16",
              "X27",
              "X28"
            ]
          },
          {
            "name": "partsupp",
            "nodes": [
              "X9",
              "X10",
              "X12",
              "X11",
              "X13"
            ]
          }
        ],
        "weight": 100000.0
      },
      {
        "bag": [
          {
            "name": "lineitem",
            "nodes": [
              "X50",
              "X41",
              "X40",
              "X51",
              "X43",
              "X42",
              "X45",
              "X44",
              "X36",
              "X47",
              "X46",
              "X38",
              "X49",
              "X37",
              "X48",
              "X39"
            ]
          },
          {
            "name": "nation",
            "nodes": [
              "X32",
              "X16",
              "X15",
              "X17"
            ]
          }
        ],
        "weight": 3759750.0
      },
      {
        "bag": [
          {
            "name": "supplier",
            "nodes": [
              "X30",
              "X32",
              "X31",
              "X34",
              "X33",
              "X35",
              "X38"
            ]
          },
          {
            "name": "customer",
            "nodes": [
              "X19",
              "X32",
              "X20",
              "X23",
              "X22",
              "X25",
              "X24",
              "X18"
            ]
          }
        ],
        "weight": 37386.000092081726
      },
      {
        "bag": [
          {
            "name": "supplier",
            "nodes": [
              "X30",
              "X32",
              "X31",
              "X34",
              "X33",
              "X35",
              "X38"
            ]
          },
          {
            "name": "region",
            "nodes": [
              "X16",
              "X27",
              "X28"
            ]
          }
        ],
        "weight": 1250.0
      },
      {
        "bag": [
          {
            "name": "partsupp",
            "nodes": [
              "X9",
              "X10",
              "X12",
              "X11",
              "X13"
            ]
          },
          {
            "name": "customer",
            "nodes": [
              "X19",
              "X32",
              "X20",
              "X23",
              "X22",
              "X25",
              "X24",
              "X18"
            ]
          }
        ],
        "weight": 7.5E7
      },
      {
        "bag": [
          {
            "name": "supplier",
            "nodes": [
              "X30",
              "X32",
              "X31",
              "X34",
              "X33",
              "X35",
              "X38"
            ]
          },
          {
            "name": "orders",
            "nodes": [
              "X8",
              "X36",
              "X2",
              "X3",
              "X4",
              "X5",
              "X18",
              "X6",
              "X7"
            ]
          }
        ],
        "weight": 9375000.0
      },
      {
        "bag": [
          {
            "name": "orders",
            "nodes": [
              "X8",
              "X36",
              "X2",
              "X3",
              "X4",
              "X5",
              "X18",
              "X6",
              "X7"
            ]
          },
          {
            "name": "partsupp",
            "nodes": [
              "X9",
              "X10",
              "X12",
              "X11",
              "X13"
            ]
          }
        ],
        "weight": 7.5E8
      },
      {
        "bag": [
          {
            "name": "supplier",
            "nodes": [
              "X30",
              "X32",
              "X31",
              "X34",
              "X33",
              "X35",
              "X38"
            ]
          },
          {
            "name": "lineitem",
            "nodes": [
              "X50",
              "X41",
              "X40",
              "X51",
              "X43",
              "X42",
              "X45",
              "X44",
              "X36",
              "X47",
              "X46",
              "X38",
              "X49",
              "X37",
              "X48",
              "X39"
            ]
          }
        ],
        "weight": 3.75975E7
      },
      {
        "bag": [
          {
            "name": "supplier",
            "nodes": [
              "X30",
              "X32",
              "X31",
              "X34",
              "X33",
              "X35",
              "X38"
            ]
          },
          {
            "name": "nation",
            "nodes": [
              "X32",
              "X16",
              "X15",
              "X17"
            ]
          }
        ],
        "weight": 6250.0
      },
      {
        "bag": [
          {
            "name": "lineitem",
            "nodes": [
              "X50",
              "X41",
              "X40",
              "X51",
              "X43",
              "X42",
              "X45",
              "X44",
              "X36",
              "X47",
              "X46",
              "X38",
              "X49",
              "X37",
              "X48",
              "X39"
            ]
          },
          {
            "name": "customer",
            "nodes": [
              "X19",
              "X32",
              "X20",
              "X23",
              "X22",
              "X25",
              "X24",
              "X18"
            ]
          }
        ],
        "weight": 5.639625E8
      },
      {
        "bag": [
          {
            "name": "orders",
            "nodes": [
              "X8",
              "X36",
              "X2",
              "X3",
              "X4",
              "X5",
              "X18",
              "X6",
              "X7"
            ]
          },
          {
            "name": "customer",
            "nodes": [
              "X19",
              "X32",
              "X20",
              "X23",
              "X22",
              "X25",
              "X24",
              "X18"
            ]
          }
        ],
        "weight": 1.40625E8
      },
      {
        "bag": [
          {
            "name": "orders",
            "nodes": [
              "X8",
              "X36",
              "X2",
              "X3",
              "X4",
              "X5",
              "X18",
              "X6",
              "X7"
            ]
          },
          {
            "name": "nation",
            "nodes": [
              "X32",
              "X16",
              "X15",
              "X17"
            ]
          }
        ],
        "weight": 937500.0
      },
      {
        "bag": [
          {
            "name": "supplier",
            "nodes": [
              "X30",
              "X32",
              "X31",
              "X34",
              "X33",
              "X35",
              "X38"
            ]
          },
          {
            "name": "partsupp",
            "nodes": [
              "X9",
              "X10",
              "X12",
              "X11",
              "X13"
            ]
          }
        ],
        "weight": 5000000.0
      },
      {
        "bag": [
          {
            "name": "partsupp",
            "nodes": [
              "X9",
              "X10",
              "X12",
              "X11",
              "X13"
            ]
          }
        ],
        "weight": 1.5832320815039106E-5
      },
      {
        "bag": [
          {
            "name": "lineitem",
            "nodes": [
              "X50",
              "X41",
              "X40",
              "X51",
              "X43",
              "X42",
              "X45",
              "X44",
              "X36",
              "X47",
              "X46",
              "X38",
              "X49",
              "X37",
              "X48",
              "X39"
            ]
          }
        ],
        "weight": 2.0034044248472986E-6
      },
      {
        "bag": [
          {
            "name": "lineitem",
            "nodes": [
              "X50",
              "X41",
              "X40",
              "X51",
              "X43",
              "X42",
              "X45",
              "X44",
              "X36",
              "X47",
              "X46",
              "X38",
              "X49",
              "X37",
              "X48",
              "X39"
            ]
          },
          {
            "name": "partsupp",
            "nodes": [
              "X9",
              "X10",
              "X12",
              "X11",
              "X13"
            ]
          }
        ],
        "weight": 3.0078E9
      },
      {
        "bag": [
          {
            "name": "region",
            "nodes": [
              "X16",
              "X27",
              "X28"
            ]
          }
        ],
        "weight": 5.0
      },
      {
        "bag": [
          {
            "name": "region",
            "nodes": [
              "X16",
              "X27",
              "X28"
            ]
          },
          {
            "name": "customer",
            "nodes": [
              "X19",
              "X32",
              "X20",
              "X23",
              "X22",
              "X25",
              "X24",
              "X18"
            ]
          }
        ],
        "weight": 18750.0
      },
      {
        "bag": [
          {
            "name": "lineitem",
            "nodes": [
              "X50",
              "X41",
              "X40",
              "X51",
              "X43",
              "X42",
              "X45",
              "X44",
              "X36",
              "X47",
              "X46",
              "X38",
              "X49",
              "X37",
              "X48",
              "X39"
            ]
          },
          {
            "name": "orders",
            "nodes": [
              "X8",
              "X36",
              "X2",
              "X3",
              "X4",
              "X5",
              "X18",
              "X6",
              "X7"
            ]
          }
        ],
        "weight": 5.639625E9
      },
      {
        "bag": [
          {
            "name": "region",
            "nodes": [
              "X16",
              "X27",
              "X28"
            ]
          },
          {
            "name": "orders",
            "nodes": [
              "X8",
              "X36",
              "X2",
              "X3",
              "X4",
              "X5",
              "X18",
              "X6",
              "X7"
            ]
          }
        ],
        "weight": 187500.0
      },
      {
        "bag": [
          {
            "name": "orders",
            "nodes": [
              "X8",
              "X36",
              "X2",
              "X3",
              "X4",
              "X5",
              "X18",
              "X6",
              "X7"
            ]
          }
        ],
        "weight": 26.506504002149367
      },
      {
        "bag": [
          {
            "name": "nation",
            "nodes": [
              "X32",
              "X16",
              "X15",
              "X17"
            ]
          }
        ],
        "weight": 25.00000037252903
      },
      {
        "bag": [
          {
            "name": "nation",
            "nodes": [
              "X32",
              "X16",
              "X15",
              "X17"
            ]
          },
          {
            "name": "partsupp",
            "nodes": [
              "X9",
              "X10",
              "X12",
              "X11",
              "X13"
            ]
          }
        ],
        "weight": 500000.0
      },
      {
        "bag": [
          {
            "name": "region",
            "nodes": [
              "X16",
              "X27",
              "X28"
            ]
          },
          {
            "name": "nation",
            "nodes": [
              "X32",
              "X16",
              "X15",
              "X17"
            ]
          }
        ],
        "weight": 125.0
      }
    ],
    "statistics": {
      "lineitem": {
        "rowCount": 150390,
        "mostCommonFrequencies": {
          "l_returnflag": {
            "A": 0.24556666612625122,
            "R": 0.24629999697208405,
            "N": 0.5081333518028259
          },
          "l_receiptdate": {
            "1996-07-07": 6.99999975040555E-4,
            "1996-03-20": 7.666666642762721E-4,
            "1996-09-06": 7.666666642762721E-4,
            "1997-01-18": 8.333333535119891E-4,
            "1994-06-11": 6.99999975040555E-4,
            "1993-07-14": 7.33333348762244E-4,
            "1993-09-12": 6.99999975040555E-4,
            "1995-11-10": 6.99999975040555E-4,
            "1992-06-14": 6.99999975040555E-4,
            "1998-07-26": 7.999999797903001E-4,
            "1993-10-13": 6.99999975040555E-4,
            "1994-04-26": 6.99999975040555E-4,
            "1994-02-25": 7.33333348762244E-4,
            "1996-07-30": 6.99999975040555E-4,
            "1992-10-24": 7.33333348762244E-4,
            "1994-04-05": 6.99999975040555E-4,
            "1992-11-17": 6.99999975040555E-4,
            "1995-10-17": 7.33333348762244E-4,
            "1996-01-12": 6.99999975040555E-4,
            "1995-07-28": 8.333333535119891E-4,
            "1994-10-02": 6.99999975040555E-4,
            "1992-11-30": 7.33333348762244E-4,
            "1996-08-25": 6.99999975040555E-4,
            "1993-09-25": 6.99999975040555E-4,
            "1994-10-08": 6.99999975040555E-4,
            "1998-07-21": 7.33333348762244E-4,
            "1995-12-30": 6.99999975040555E-4,
            "1996-02-05": 6.99999975040555E-4,
            "1993-06-12": 6.99999975040555E-4,
            "1993-04-04": 7.33333348762244E-4,
            "1997-10-12": 6.99999975040555E-4,
            "1997-12-18": 7.33333348762244E-4,
            "1995-04-08": 7.33333348762244E-4,
            "1998-08-27": 7.33333348762244E-4,
            "1992-10-12": 6.99999975040555E-4,
            "1995-04-04": 7.999999797903001E-4,
            "1996-12-05": 7.33333348762244E-4,
            "1998-02-08": 6.99999975040555E-4
          },
          "l_tax": {
            "0.08": 0.1111999973654747,
            "0.06": 0.11236666887998581,
            "0.07": 0.10840000212192535,
            "0.04": 0.11256666481494904,
            "0.05": 0.11110000312328339,
            "0.02": 0.11103333532810211,
            "0.03": 0.11010000109672546,
            "0.00": 0.11259999871253967,
            "0.01": 0.11063333600759506
          },
          "l_shipmode": {
            "RAIL      ": 0.1425333321094513,
            "FOB       ": 0.14353333413600922,
            "MAIL      ": 0.14166666567325592,
            "TRUCK     ": 0.1423666626214981,
            "SHIP      ": 0.14350000023841858,
            "AIR       ": 0.14313332736492157,
            "REG AIR   ": 0.14326666295528412
          },
          "l_suppkey": {
            "99": 0.004800000227987766,
            "38": 0.004866666626185179,
            "237": 0.005033333320170641,
            "238": 0.005100000184029341,
            "227": 0.004866666626185179,
            "190": 0.0047333333641290665,
            "64": 0.004866666626185179,
            "185": 0.004766666796058416
          },
          "l_shipdate": {
            "1995-04-21": 6.99999975040555E-4,
            "1995-09-18": 6.99999975040555E-4,
            "1995-12-28": 6.99999975040555E-4,
            "1995-12-29": 7.33333348762244E-4,
            "1994-03-21": 7.33333348762244E-4,
            "1994-07-01": 7.33333348762244E-4,
            "1993-06-20": 6.99999975040555E-4,
            "1993-07-30": 6.99999975040555E-4,
            "1995-10-24": 6.99999975040555E-4,
            "1998-07-31": 6.99999975040555E-4,
            "1992-05-23": 7.666666642762721E-4,
            "1992-05-01": 6.99999975040555E-4,
            "1998-06-13": 6.99999975040555E-4,
            "1993-05-27": 7.33333348762244E-4,
            "1993-07-06": 7.33333348762244E-4,
            "1992-07-23": 6.99999975040555E-4,
            "1998-03-25": 7.33333348762244E-4,
            "1996-11-22": 7.999999797903001E-4,
            "1992-05-20": 7.33333348762244E-4,
            "1994-08-05": 7.33333348762244E-4,
            "1995-07-20": 7.33333348762244E-4,
            "1995-09-01": 6.99999975040555E-4,
            "1996-10-19": 7.999999797903001E-4,
            "1996-04-28": 7.33333348762244E-4,
            "1995-09-29": 7.666666642762721E-4,
            "1997-09-25": 7.33333348762244E-4,
            "1996-05-19": 6.99999975040555E-4,
            "1992-06-01": 7.33333348762244E-4,
            "1997-09-11": 6.99999975040555E-4,
            "1997-10-15": 6.99999975040555E-4,
            "1996-12-24": 7.666666642762721E-4,
            "1996-12-02": 6.99999975040555E-4,
            "1993-01-16": 8.333333535119891E-4,
            "1997-10-19": 6.99999975040555E-4,
            "1994-03-22": 6.99999975040555E-4,
            "1996-07-22": 7.33333348762244E-4,
            "1995-01-15": 6.99999975040555E-4,
            "1996-12-04": 7.33333348762244E-4,
            "1992-11-04": 6.99999975040555E-4,
            "1994-03-27": 7.33333348762244E-4
          },
          "l_commitdate": {
            "1995-04-20": 7.666666642762721E-4,
            "1997-02-08": 6.99999975040555E-4,
            "1995-10-07": 6.99999975040555E-4,
            "1996-08-14": 6.99999975040555E-4,
            "1993-08-02": 7.999999797903001E-4,
            "1993-08-25": 7.33333348762244E-4,
            "1997-09-19": 7.999999797903001E-4,
            "1996-01-05": 8.333333535119891E-4,
            "1992-04-26": 7.666666642762721E-4,
            "1992-06-27": 7.33333348762244E-4,
            "1997-04-25": 7.666666642762721E-4,
            "1998-07-03": 6.99999975040555E-4,
            "1997-10-02": 7.33333348762244E-4,
            "1992-05-21": 7.666666642762721E-4,
            "1993-07-07": 6.99999975040555E-4,
            "1998-09-05": 7.33333348762244E-4,
            "1992-11-11": 7.33333348762244E-4,
            "1995-09-20": 6.99999975040555E-4,
            "1996-12-17": 6.99999975040555E-4,
            "1994-07-18": 6.99999975040555E-4,
            "1992-10-22": 7.33333348762244E-4,
            "1998-05-07": 6.99999975040555E-4,
            "1997-12-24": 6.99999975040555E-4,
            "1995-09-25": 6.99999975040555E-4,
            "1995-08-16": 6.99999975040555E-4,
            "1995-10-16": 6.99999975040555E-4,
            "1994-11-14": 6.99999975040555E-4,
            "1996-02-20": 7.666666642762721E-4,
            "1996-07-13": 8.999999845400453E-4,
            "1992-04-19": 7.666666642762721E-4,
            "1997-07-05": 6.99999975040555E-4,
            "1992-09-18": 6.99999975040555E-4,
            "1998-07-13": 7.666666642762721E-4,
            "1992-04-01": 7.666666642762721E-4,
            "1997-11-05": 6.99999975040555E-4,
            "1998-05-10": 6.99999975040555E-4,
            "1992-07-12": 6.99999975040555E-4,
            "1993-04-09": 6.99999975040555E-4,
            "1993-02-08": 8.999999845400453E-4,
            "1995-08-01": 6.99999975040555E-4
          },
          "l_partkey": {
            "2650": 5.000000237487257E-4,
            "2373": 4.333333345130086E-4,
            "2944": 4.666666791308671E-4,
            "374": 4.333333345130086E-4,
            "2921": 5.333333392627537E-4,
            "2326": 4.333333345130086E-4,
            "2821": 4.333333345130086E-4,
            "3457": 5.666666547767818E-4,
            "3555": 4.666666791308671E-4,
            "1452": 4.333333345130086E-4,
            "217": 5.000000237487257E-4,
            "954": 5.000000237487257E-4,
            "4943": 4.333333345130086E-4,
            "1737": 5.000000237487257E-4,
            "4823": 5.000000237487257E-4,
            "30": 4.333333345130086E-4,
            "1934": 4.333333345130086E-4,
            "3390": 5.000000237487257E-4,
            "4066": 4.333333345130086E-4,
            "4463": 4.666666791308671E-4,
            "4023": 4.333333345130086E-4,
            "4168": 4.333333345130086E-4,
            "1231": 5.000000237487257E-4,
            "1791": 4.666666791308671E-4,
            "2143": 4.333333345130086E-4,
            "3406": 4.333333345130086E-4,
            "1600": 4.333333345130086E-4,
            "3806": 4.666666791308671E-4,
            "267": 4.333333345130086E-4,
            "3006": 4.666666791308671E-4,
            "664": 4.333333345130086E-4,
            "269": 4.666666791308671E-4,
            "1464": 4.666666791308671E-4,
            "2575": 4.666666791308671E-4,
            "666": 4.333333345130086E-4,
            "886": 4.333333345130086E-4,
            "1563": 4.333333345130086E-4,
            "1981": 4.333333345130086E-4,
            "2795": 4.333333345130086E-4,
            "746": 5.000000237487257E-4,
            "3884": 4.666666791308671E-4,
            "4016": 4.333333345130086E-4,
            "4039": 4.333333345130086E-4
          },
          "l_orderkey": {},
          "l_quantity": {
            "17.00": 0.02006666734814644,
            "42.00": 0.019366666674613953,
            "13.00": 0.019433332607150078,
            "32.00": 0.020400000736117363,
            "36.00": 0.01966666616499424,
            "3.00": 0.01889999955892563,
            "7.00": 0.019033333286643028,
            "27.00": 0.020666666328907013,
            "23.00": 0.019966667518019676,
            "46.00": 0.01876666583120823,
            "6.00": 0.019300000742077827,
            "16.00": 0.0209666658192873,
            "37.00": 0.019466666504740715,
            "12.00": 0.01979999989271164,
            "33.00": 0.020099999383091927,
            "2.00": 0.019633334130048752,
            "50.00": 0.0210999995470047,
            "26.00": 0.020633332431316376,
            "22.00": 0.020366666838526726,
            "43.00": 0.020933333784341812,
            "47.00": 0.02163333259522915,
            "15.00": 0.020099999383091927,
            "5.00": 0.019999999552965164,
            "38.00": 0.01926666684448719,
            "40.00": 0.018566666170954704,
            "11.00": 0.019766665995121002,
            "34.00": 0.02006666734814644,
            "19.00": 0.021033333614468575,
            "1.00": 0.019433332607150078,
            "9.00": 0.020233333110809326,
            "25.00": 0.019733333960175514,
            "30.00": 0.02019999921321869,
            "21.00": 0.02006666734814644,
            "44.00": 0.021533332765102386,
            "48.00": 0.020866665989160538,
            "29.00": 0.020466666668653488,
            "39.00": 0.0201666671782732,
            "14.00": 0.019899999722838402,
            "4.00": 0.020233333110809326,
            "41.00": 0.019766665995121002,
            "10.00": 0.019300000742077827,
            "20.00": 0.020400000736117363,
            "18.00": 0.02006666734814644,
            "35.00": 0.019899999722838402,
            "8.00": 0.020233333110809326,
            "28.00": 0.019999999552965164,
            "24.00": 0.019166667014360428,
            "31.00": 0.019733333960175514,
            "45.00": 0.018466666340827942,
            "49.00": 0.021133333444595337
          },
          "l_linestatus": {
            "F": 0.49753332138061523,
            "O": 0.5024666786193848
          },
          "l_comment": {
            " deposits ": 1.6666666488163173E-4,
            " packages ": 1.9999999494757503E-4,
            "ly regular ": 1.9999999494757503E-4,
            "s. regular": 1.6666666488163173E-4
          },
          "l_extendedprice": {},
          "l_linenumber": {
            "1": 0.25183331966400146,
            "2": 0.21130000054836273,
            "3": 0.18156667053699493,
            "4": 0.14090000092983246,
            "5": 0.11036666482686996,
            "6": 0.06976666301488876,
            "7": 0.03426666557788849
          },
          "l_discount": {
            "0.08": 0.09343333542346954,
            "0.09": 0.09093333035707474,
            "0.06": 0.09076666831970215,
            "0.07": 0.08803333342075348,
            "0.04": 0.0919666662812233,
            "0.05": 0.09266666322946548,
            "0.02": 0.08953333646059036,
            "0.03": 0.09026666730642319,
            "0.00": 0.08906666934490204,
            "0.01": 0.09086667001247406,
            "0.10": 0.09246666729450226
          },
          "l_shipinstruct": {
            "DELIVER IN PERSON        ": 0.24740000069141388,
            "COLLECT COD              ": 0.2473333328962326,
            "NONE                     ": 0.2531333267688751,
            "TAKE BACK RETURN         ": 0.2521333396434784
          }
        }
      },
      "partsupp": {
        "rowCount": 20000,
        "mostCommonFrequencies": {
          "ps_suppkey": {
            "88": 0.004000000189989805,
            "89": 0.004000000189989805,
            "90": 0.004000000189989805,
            "91": 0.004000000189989805,
            "92": 0.004000000189989805,
            "93": 0.004000000189989805,
            "94": 0.004000000189989805,
            "95": 0.004000000189989805,
            "96": 0.004000000189989805,
            "97": 0.004000000189989805,
            "10": 0.004000000189989805,
            "98": 0.004000000189989805,
            "11": 0.004000000189989805,
            "99": 0.004000000189989805,
            "12": 0.004000000189989805,
            "13": 0.004000000189989805,
            "14": 0.004000000189989805,
            "15": 0.004000000189989805,
            "16": 0.004000000189989805,
            "17": 0.004000000189989805,
            "18": 0.004000000189989805,
            "19": 0.004000000189989805,
            "1": 0.004000000189989805,
            "2": 0.004000000189989805,
            "3": 0.004000000189989805,
            "4": 0.004000000189989805,
            "5": 0.004000000189989805,
            "6": 0.004000000189989805,
            "7": 0.004000000189989805,
            "8": 0.004000000189989805,
            "9": 0.004000000189989805,
            "20": 0.004000000189989805,
            "21": 0.004000000189989805,
            "22": 0.004000000189989805,
            "23": 0.004000000189989805,
            "24": 0.004000000189989805,
            "25": 0.004000000189989805,
            "26": 0.004000000189989805,
            "27": 0.004000000189989805,
            "28": 0.004000000189989805,
            "29": 0.004000000189989805,
            "30": 0.004000000189989805,
            "31": 0.004000000189989805,
            "32": 0.004000000189989805,
            "33": 0.004000000189989805,
            "34": 0.004000000189989805,
            "35": 0.004000000189989805,
            "36": 0.004000000189989805,
            "37": 0.004000000189989805,
            "38": 0.004000000189989805,
            "39": 0.004000000189989805,
            "40": 0.004000000189989805,
            "41": 0.004000000189989805,
            "42": 0.004000000189989805,
            "43": 0.004000000189989805,
            "44": 0.004000000189989805,
            "45": 0.004000000189989805,
            "46": 0.004000000189989805,
            "47": 0.004000000189989805,
            "48": 0.004000000189989805,
            "49": 0.004000000189989805,
            "50": 0.004000000189989805,
            "51": 0.004000000189989805,
            "52": 0.004000000189989805,
            "53": 0.004000000189989805,
            "54": 0.004000000189989805,
            "55": 0.004000000189989805,
            "56": 0.004000000189989805,
            "57": 0.004000000189989805,
            "58": 0.004000000189989805,
            "59": 0.004000000189989805,
            "60": 0.004000000189989805,
            "61": 0.004000000189989805,
            "62": 0.004000000189989805,
            "63": 0.004000000189989805,
            "64": 0.004000000189989805,
            "65": 0.004000000189989805,
            "66": 0.004000000189989805,
            "67": 0.004000000189989805,
            "68": 0.004000000189989805,
            "69": 0.004000000189989805,
            "70": 0.004000000189989805,
            "71": 0.004000000189989805,
            "72": 0.004000000189989805,
            "73": 0.004000000189989805,
            "74": 0.004000000189989805,
            "75": 0.004000000189989805,
            "76": 0.004000000189989805,
            "77": 0.004000000189989805,
            "78": 0.004000000189989805,
            "79": 0.004000000189989805,
            "100": 0.004000000189989805,
            "80": 0.004000000189989805,
            "81": 0.004000000189989805,
            "82": 0.004000000189989805,
            "83": 0.004000000189989805,
            "84": 0.004000000189989805,
            "85": 0.004000000189989805,
            "86": 0.004000000189989805,
            "87": 0.004000000189989805
          },
          "ps_availqty": {
            "8770": 3.499999875202775E-4,
            "4055": 3.000000142492354E-4,
            "3362": 3.499999875202775E-4,
            "7160": 3.9999998989515007E-4,
            "4050": 3.000000142492354E-4,
            "2669": 3.000000142492354E-4,
            "353": 3.000000142492354E-4,
            "2789": 3.000000142492354E-4,
            "2545": 3.000000142492354E-4,
            "115": 3.499999875202775E-4,
            "3235": 3.000000142492354E-4,
            "90": 3.000000142492354E-4,
            "91": 3.000000142492354E-4,
            "3754": 3.000000142492354E-4,
            "2825": 3.499999875202775E-4,
            "2946": 3.000000142492354E-4,
            "13": 3.499999875202775E-4,
            "9232": 3.499999875202775E-4,
            "5311": 3.499999875202775E-4,
            "4069": 3.499999875202775E-4,
            "1471": 3.000000142492354E-4,
            "9470": 3.499999875202775E-4,
            "365": 3.000000142492354E-4,
            "762": 3.000000142492354E-4,
            "2952": 3.000000142492354E-4,
            "1344": 3.000000142492354E-4,
            "2036": 3.000000142492354E-4,
            "3641": 3.000000142492354E-4,
            "3768": 3.000000142492354E-4,
            "809": 3.000000142492354E-4,
            "8550": 3.9999998989515007E-4,
            "7463": 3.499999875202775E-4,
            "4474": 3.9999998989515007E-4,
            "4353": 3.499999875202775E-4,
            "4476": 3.000000142492354E-4,
            "3386": 3.000000142492354E-4,
            "3020": 3.000000142492354E-4,
            "2205": 3.000000142492354E-4,
            "894": 3.000000142492354E-4,
            "2721": 3.000000142492354E-4,
            "3655": 3.000000142492354E-4,
            "2847": 3.000000142492354E-4,
            "7996": 3.499999875202775E-4,
            "4641": 3.499999875202775E-4,
            "1492": 3.000000142492354E-4,
            "9099": 3.499999875202775E-4,
            "2337": 3.000000142492354E-4,
            "1401": 3.000000142492354E-4,
            "785": 3.499999875202775E-4,
            "3424": 3.000000142492354E-4,
            "1124": 3.000000142492354E-4,
            "3941": 3.000000142492354E-4,
            "4119": 3.000000142492354E-4,
            "3309": 3.9999998989515007E-4,
            "1801": 3.000000142492354E-4,
            "9420": 3.499999875202775E-4,
            "3682": 4.4999999227002263E-4,
            "5739": 3.9999998989515007E-4,
            "396": 3.000000142492354E-4,
            "7917": 3.499999875202775E-4,
            "1931": 3.000000142492354E-4,
            "2104": 3.000000142492354E-4,
            "6788": 3.499999875202775E-4,
            "4006": 3.000000142492354E-4,
            "52": 3.499999875202775E-4,
            "4803": 3.499999875202775E-4,
            "3956": 3.000000142492354E-4,
            "9673": 3.9999998989515007E-4,
            "58": 3.000000142492354E-4,
            "9558": 3.9999998989515007E-4,
            "4265": 3.000000142492354E-4,
            "2121": 3.000000142492354E-4,
            "2484": 3.000000142492354E-4,
            "1547": 3.000000142492354E-4,
            "1941": 3.000000142492354E-4,
            "3324": 3.000000142492354E-4,
            "2113": 3.000000142492354E-4,
            "846": 3.000000142492354E-4,
            "606": 3.000000142492354E-4,
            "4272": 3.499999875202775E-4,
            "8110": 3.499999875202775E-4,
            "3100": 3.499999875202775E-4,
            "2373": 3.499999875202775E-4,
            "2369": 3.000000142492354E-4,
            "1034": 3.000000142492354E-4,
            "3058": 3.000000142492354E-4,
            "4664": 3.000000142492354E-4,
            "5515": 3.499999875202775E-4,
            "2409": 3.000000142492354E-4,
            "7153": 3.499999875202775E-4,
            "6344": 3.499999875202775E-4,
            "7434": 3.9999998989515007E-4,
            "3350": 3.000000142492354E-4,
            "341": 3.000000142492354E-4,
            "1567": 3.499999875202775E-4,
            "7822": 3.499999875202775E-4,
            "3862": 3.499999875202775E-4,
            "5644": 3.499999875202775E-4,
            "3984": 3.499999875202775E-4,
            "1328": 3.000000142492354E-4
          },
          "ps_comment": {
            "courts lose above the furiously even theodolites. slyly final courts breach slyly beneath the carefully pending instructions. slyly special escapades sleep above the slyly i": 9.999999747378752E-5,
            " slyly ruthless waters mold blithely theodolites. instructions ": 9.999999747378752E-5
          },
          "ps_partkey": {
            "88": 1.9999999494757503E-4,
            "89": 1.9999999494757503E-4,
            "90": 1.9999999494757503E-4,
            "91": 1.9999999494757503E-4,
            "92": 1.9999999494757503E-4,
            "93": 1.9999999494757503E-4,
            "94": 1.9999999494757503E-4,
            "95": 1.9999999494757503E-4,
            "96": 1.9999999494757503E-4,
            "97": 1.9999999494757503E-4,
            "10": 1.9999999494757503E-4,
            "98": 1.9999999494757503E-4,
            "11": 1.9999999494757503E-4,
            "99": 1.9999999494757503E-4,
            "12": 1.9999999494757503E-4,
            "13": 1.9999999494757503E-4,
            "14": 1.9999999494757503E-4,
            "15": 1.9999999494757503E-4,
            "16": 1.9999999494757503E-4,
            "17": 1.9999999494757503E-4,
            "18": 1.9999999494757503E-4,
            "19": 1.9999999494757503E-4,
            "1": 1.9999999494757503E-4,
            "2": 1.9999999494757503E-4,
            "3": 1.9999999494757503E-4,
            "4": 1.9999999494757503E-4,
            "5": 1.9999999494757503E-4,
            "6": 1.9999999494757503E-4,
            "7": 1.9999999494757503E-4,
            "8": 1.9999999494757503E-4,
            "9": 1.9999999494757503E-4,
            "20": 1.9999999494757503E-4,
            "21": 1.9999999494757503E-4,
            "22": 1.9999999494757503E-4,
            "23": 1.9999999494757503E-4,
            "24": 1.9999999494757503E-4,
            "25": 1.9999999494757503E-4,
            "26": 1.9999999494757503E-4,
            "27": 1.9999999494757503E-4,
            "28": 1.9999999494757503E-4,
            "29": 1.9999999494757503E-4,
            "30": 1.9999999494757503E-4,
            "31": 1.9999999494757503E-4,
            "32": 1.9999999494757503E-4,
            "33": 1.9999999494757503E-4,
            "34": 1.9999999494757503E-4,
            "35": 1.9999999494757503E-4,
            "36": 1.9999999494757503E-4,
            "37": 1.9999999494757503E-4,
            "38": 1.9999999494757503E-4,
            "39": 1.9999999494757503E-4,
            "40": 1.9999999494757503E-4,
            "41": 1.9999999494757503E-4,
            "42": 1.9999999494757503E-4,
            "43": 1.9999999494757503E-4,
            "44": 1.9999999494757503E-4,
            "45": 1.9999999494757503E-4,
            "46": 1.9999999494757503E-4,
            "47": 1.9999999494757503E-4,
            "48": 1.9999999494757503E-4,
            "49": 1.9999999494757503E-4,
            "50": 1.9999999494757503E-4,
            "51": 1.9999999494757503E-4,
            "52": 1.9999999494757503E-4,
            "53": 1.9999999494757503E-4,
            "54": 1.9999999494757503E-4,
            "55": 1.9999999494757503E-4,
            "56": 1.9999999494757503E-4,
            "57": 1.9999999494757503E-4,
            "58": 1.9999999494757503E-4,
            "59": 1.9999999494757503E-4,
            "60": 1.9999999494757503E-4,
            "61": 1.9999999494757503E-4,
            "62": 1.9999999494757503E-4,
            "63": 1.9999999494757503E-4,
            "64": 1.9999999494757503E-4,
            "65": 1.9999999494757503E-4,
            "66": 1.9999999494757503E-4,
            "67": 1.9999999494757503E-4,
            "68": 1.9999999494757503E-4,
            "69": 1.9999999494757503E-4,
            "70": 1.9999999494757503E-4,
            "71": 1.9999999494757503E-4,
            "72": 1.9999999494757503E-4,
            "73": 1.9999999494757503E-4,
            "74": 1.9999999494757503E-4,
            "75": 1.9999999494757503E-4,
            "76": 1.9999999494757503E-4,
            "77": 1.9999999494757503E-4,
            "78": 1.9999999494757503E-4,
            "79": 1.9999999494757503E-4,
            "100": 1.9999999494757503E-4,
            "80": 1.9999999494757503E-4,
            "81": 1.9999999494757503E-4,
            "82": 1.9999999494757503E-4,
            "83": 1.9999999494757503E-4,
            "84": 1.9999999494757503E-4,
            "85": 1.9999999494757503E-4,
            "86": 1.9999999494757503E-4,
            "87": 1.9999999494757503E-4
          },
          "ps_supplycost": {
            "128.34": 1.500000071246177E-4,
            "324.09": 1.500000071246177E-4,
            "608.64": 1.500000071246177E-4,
            "310.87": 1.500000071246177E-4,
            "777.88": 1.500000071246177E-4,
            "738.40": 1.500000071246177E-4,
            "550.31": 1.500000071246177E-4,
            "187.11": 1.500000071246177E-4,
            "651.14": 1.9999999494757503E-4,
            "638.37": 1.500000071246177E-4,
            "739.19": 1.500000071246177E-4,
            "502.77": 1.500000071246177E-4,
            "84.00": 1.500000071246177E-4,
            "234.30": 1.500000071246177E-4,
            "613.88": 1.500000071246177E-4,
            "167.74": 1.500000071246177E-4,
            "482.06": 1.500000071246177E-4,
            "335.16": 1.9999999494757503E-4,
            "754.90": 1.500000071246177E-4,
            "766.68": 1.500000071246177E-4,
            "24.69": 1.500000071246177E-4,
            "599.94": 1.500000071246177E-4,
            "194.66": 1.500000071246177E-4,
            "92.40": 1.500000071246177E-4,
            "607.75": 1.500000071246177E-4,
            "406.03": 1.500000071246177E-4,
            "760.73": 1.9999999494757503E-4,
            "324.79": 1.500000071246177E-4,
            "498.13": 1.500000071246177E-4,
            "449.45": 1.500000071246177E-4,
            "513.95": 1.500000071246177E-4,
            "515.32": 1.500000071246177E-4,
            "214.60": 1.500000071246177E-4,
            "517.55": 1.500000071246177E-4,
            "413.31": 1.500000071246177E-4,
            "150.27": 1.500000071246177E-4,
            "397.68": 1.500000071246177E-4,
            "866.18": 1.9999999494757503E-4,
            "581.79": 1.500000071246177E-4,
            "338.60": 1.500000071246177E-4,
            "56.90": 1.500000071246177E-4,
            "620.24": 1.500000071246177E-4,
            "374.26": 1.500000071246177E-4,
            "21.23": 1.500000071246177E-4,
            "779.68": 1.500000071246177E-4,
            "202.06": 1.500000071246177E-4,
            "422.33": 1.500000071246177E-4,
            "100.60": 1.500000071246177E-4,
            "546.98": 1.500000071246177E-4,
            "785.75": 1.500000071246177E-4,
            "335.68": 1.500000071246177E-4,
            "124.27": 1.500000071246177E-4,
            "355.79": 1.500000071246177E-4,
            "380.24": 1.500000071246177E-4,
            "437.14": 1.500000071246177E-4,
            "403.67": 1.500000071246177E-4,
            "753.88": 1.500000071246177E-4,
            "85.82": 1.500000071246177E-4,
            "686.46": 1.500000071246177E-4,
            "254.21": 1.500000071246177E-4,
            "236.90": 1.500000071246177E-4,
            "1.74": 1.500000071246177E-4,
            "361.81": 1.500000071246177E-4,
            "642.63": 1.500000071246177E-4,
            "570.94": 1.500000071246177E-4,
            "280.06": 1.500000071246177E-4,
            "165.92": 1.500000071246177E-4,
            "80.78": 1.500000071246177E-4,
            "786.53": 1.500000071246177E-4,
            "344.34": 1.500000071246177E-4,
            "472.73": 1.500000071246177E-4,
            "498.68": 1.500000071246177E-4,
            "295.13": 1.500000071246177E-4,
            "484.60": 1.500000071246177E-4,
            "675.85": 1.500000071246177E-4,
            "405.70": 1.500000071246177E-4,
            "342.06": 1.500000071246177E-4,
            "469.64": 1.500000071246177E-4,
            "619.97": 1.500000071246177E-4,
            "88.24": 1.500000071246177E-4,
            "150.54": 1.500000071246177E-4,
            "396.42": 1.500000071246177E-4,
            "63.99": 1.500000071246177E-4,
            "38.78": 1.500000071246177E-4,
            "808.23": 1.500000071246177E-4,
            "586.56": 1.500000071246177E-4,
            "770.65": 1.500000071246177E-4,
            "551.90": 1.500000071246177E-4,
            "557.72": 1.500000071246177E-4,
            "729.13": 1.500000071246177E-4,
            "311.85": 1.500000071246177E-4,
            "515.76": 1.500000071246177E-4,
            "433.62": 1.500000071246177E-4,
            "698.75": 1.500000071246177E-4,
            "659.65": 1.500000071246177E-4,
            "331.70": 1.500000071246177E-4,
            "695.86": 1.500000071246177E-4,
            "636.84": 1.500000071246177E-4,
            "783.87": 1.500000071246177E-4,
            "459.39": 1.500000071246177E-4
          }
        }
      },
      "nation": {
        "rowCount": 25,
        "mostCommonFrequencies": {
          "n_comment": {},
          "n_nationkey": {},
          "n_regionkey": {
            "0": 0.20000000298023224,
            "1": 0.20000000298023224,
            "2": 0.20000000298023224,
            "3": 0.20000000298023224,
            "4": 0.20000000298023224
          },
          "n_name": {}
        }
      },
      "supplier": {
        "rowCount": 250,
        "mostCommonFrequencies": {
          "s_comment": {},
          "s_phone": {},
          "s_nationkey": {
            "22": 0.052000001072883606,
            "23": 0.04399999976158142,
            "24": 0.04399999976158142,
            "10": 0.035999998450279236,
            "11": 0.02800000086426735,
            "12": 0.04399999976158142,
            "13": 0.019999999552965164,
            "14": 0.0560000017285347,
            "15": 0.035999998450279236,
            "16": 0.04800000041723251,
            "17": 0.019999999552965164,
            "18": 0.06400000303983688,
            "19": 0.03999999910593033,
            "0": 0.024000000208616257,
            "1": 0.035999998450279236,
            "2": 0.03999999910593033,
            "3": 0.02800000086426735,
            "4": 0.0560000017285347,
            "5": 0.035999998450279236,
            "6": 0.04399999976158142,
            "7": 0.052000001072883606,
            "8": 0.04800000041723251,
            "9": 0.052000001072883606,
            "20": 0.019999999552965164,
            "21": 0.03200000151991844
          },
          "s_name": {},
          "s_address": {},
          "s_acctbal": {},
          "s_suppkey": {}
        }
      },
      "orders": {
        "rowCount": 37500,
        "mostCommonFrequencies": {
          "o_orderstatus": {
            "P": 0.024633333086967468,
            "F": 0.48616665601730347,
            "O": 0.48919999599456787
          },
          "o_clerk": {
            "Clerk#000000359": 0.0012333333725109696,
            "Clerk#000000878": 0.001466666697524488,
            "Clerk#000000637": 0.0013333333190530539,
            "Clerk#000000350": 0.001366666634567082,
            "Clerk#000000197": 0.0012333333725109696,
            "Clerk#000000231": 0.0012666666880249977,
            "Clerk#000000078": 0.0012666666880249977,
            "Clerk#000000475": 0.001366666634567082,
            "Clerk#000000355": 0.0013333333190530539,
            "Clerk#000000752": 0.001366666634567082,
            "Clerk#000000510": 0.0012666666880249977,
            "Clerk#000000236": 0.0013000000035390258,
            "Clerk#000000081": 0.00143333338201046,
            "Clerk#000000919": 0.00139999995008111,
            "Clerk#000000889": 0.0013333333190530539,
            "Clerk#000000647": 0.0012666666880249977,
            "Clerk#000000406": 0.001366666634567082,
            "Clerk#000000409": 0.00139999995008111,
            "Clerk#000000120": 0.0013000000035390258,
            "Clerk#000000242": 0.0013000000035390258,
            "Clerk#000000363": 0.0012666666880249977,
            "Clerk#000000882": 0.0012666666880249977,
            "Clerk#000000125": 0.0012666666880249977,
            "Clerk#000000643": 0.0012666666880249977,
            "Clerk#000000093": 0.00143333338201046,
            "Clerk#000000491": 0.00139999995008111,
            "Clerk#000000370": 0.0012333333725109696,
            "Clerk#000000578": 0.00139999995008111,
            "Clerk#000000611": 0.0013000000035390258,
            "Clerk#000000218": 0.0012333333725109696,
            "Clerk#000000618": 0.0012666666880249977,
            "Clerk#000000053": 0.0013333333190530539,
            "Clerk#000000176": 0.00143333338201046,
            "Clerk#000000331": 0.0012333333725109696,
            "Clerk#000000575": 0.001366666634567082,
            "Clerk#000000577": 0.0012666666880249977,
            "Clerk#000000852": 0.0012666666880249977,
            "Clerk#000000184": 0.0013333333190530539,
            "Clerk#000000619": 0.00143333338201046,
            "Clerk#000000348": 0.00139999995008111,
            "Clerk#000000986": 0.0012666666880249977,
            "Clerk#000000106": 0.0012333333725109696,
            "Clerk#000000349": 0.0013333333190530539,
            "Clerk#000000626": 0.0013333333190530539,
            "Clerk#000000109": 0.0012666666880249977,
            "Clerk#000000902": 0.0012666666880249977,
            "Clerk#000000581": 0.0012666666880249977,
            "Clerk#000000186": 0.0012666666880249977,
            "Clerk#000000980": 0.0013000000035390258,
            "Clerk#000000189": 0.0012666666880249977,
            "Clerk#000000344": 0.0012666666880249977,
            "Clerk#000000191": 0.0012333333725109696,
            "Clerk#000000316": 0.0012666666880249977,
            "Clerk#000000439": 0.0013000000035390258,
            "Clerk#000000715": 0.00139999995008111,
            "Clerk#000000838": 0.0012666666880249977,
            "Clerk#000000394": 0.001466666697524488,
            "Clerk#000000395": 0.001366666634567082,
            "Clerk#000000154": 0.0012333333725109696,
            "Clerk#000000430": 0.0013000000035390258,
            "Clerk#000000431": 0.00139999995008111,
            "Clerk#000000278": 0.001466666697524488,
            "Clerk#000000157": 0.00143333338201046,
            "Clerk#000000036": 0.00139999995008111,
            "Clerk#000000830": 0.0013000000035390258,
            "Clerk#000000567": 0.001366666634567082,
            "Clerk#000000963": 0.0012666666880249977,
            "Clerk#000000206": 0.0012333333725109696,
            "Clerk#000000207": 0.0012666666880249977,
            "Clerk#000000847": 0.0012666666880249977,
            "Clerk#000000655": 0.001366666634567082,
            "Clerk#000000534": 0.0012666666880249977,
            "Clerk#000000413": 0.0012333333725109696,
            "Clerk#000000139": 0.00139999995008111,
            "Clerk#000000415": 0.0012666666880249977,
            "Clerk#000000933": 0.00143333338201046,
            "Clerk#000000814": 0.0012666666880249977,
            "Clerk#000000890": 0.001366666634567082,
            "Clerk#000000771": 0.0013000000035390258,
            "Clerk#000000375": 0.0012333333725109696,
            "Clerk#000000497": 0.0012666666880249977,
            "Clerk#000000652": 0.00139999995008111,
            "Clerk#000000894": 0.0012666666880249977,
            "Clerk#000000256": 0.0012333333725109696,
            "Clerk#000000411": 0.0012666666880249977,
            "Clerk#000000532": 0.0012666666880249977,
            "Clerk#000000380": 0.0013333333190530539,
            "Clerk#000000381": 0.0012333333725109696,
            "Clerk#000000941": 0.00139999995008111,
            "Clerk#000000303": 0.001366666634567082,
            "Clerk#000000425": 0.001366666634567082,
            "Clerk#000000304": 0.0013000000035390258,
            "Clerk#000000426": 0.001366666634567082,
            "Clerk#000000549": 0.0012666666880249977,
            "Clerk#000000385": 0.0012666666880249977,
            "Clerk#000000301": 0.001366666634567082,
            "Clerk#000000269": 0.0013333333190530539,
            "Clerk#000000423": 0.0012666666880249977,
            "Clerk#000000148": 0.0012333333725109696,
            "Clerk#000000150": 0.0012666666880249977
          },
          "o_orderdate": {
            "1995-09-16": 7.33333348762244E-4,
            "1997-02-07": 6.99999975040555E-4,
            "1994-10-31": 6.666666595265269E-4,
            "1992-04-10": 6.333333440124989E-4,
            "1992-06-30": 6.666666595265269E-4,
            "1995-01-05": 6.333333440124989E-4,
            "1995-03-27": 6.333333440124989E-4,
            "1994-11-13": 6.333333440124989E-4,
            "1995-09-05": 7.33333348762244E-4,
            "1995-12-16": 6.333333440124989E-4,
            "1995-12-17": 7.33333348762244E-4,
            "1995-12-10": 6.333333440124989E-4,
            "1995-12-11": 7.666666642762721E-4,
            "1998-06-22": 6.666666595265269E-4,
            "1993-06-05": 6.333333440124989E-4,
            "1997-10-16": 6.99999975040555E-4,
            "1992-01-10": 6.333333440124989E-4,
            "1994-01-22": 6.666666595265269E-4,
            "1993-03-16": 6.333333440124989E-4,
            "1994-04-13": 7.33333348762244E-4,
            "1995-04-06": 6.99999975040555E-4,
            "1998-04-05": 6.99999975040555E-4,
            "1998-01-16": 6.666666595265269E-4,
            "1995-09-13": 6.99999975040555E-4,
            "1995-06-23": 6.333333440124989E-4,
            "1995-04-21": 6.333333440124989E-4,
            "1994-08-10": 8.333333535119891E-4,
            "1997-01-15": 6.99999975040555E-4,
            "1994-08-15": 6.666666595265269E-4,
            "1993-02-20": 6.99999975040555E-4,
            "1992-06-13": 6.333333440124989E-4,
            "1997-10-03": 6.99999975040555E-4,
            "1993-11-08": 6.333333440124989E-4,
            "1996-09-14": 6.99999975040555E-4,
            "1998-03-05": 6.666666595265269E-4,
            "1996-06-22": 6.666666595265269E-4,
            "1996-12-15": 7.999999797903001E-4,
            "1995-01-24": 6.666666595265269E-4,
            "1994-02-28": 7.999999797903001E-4,
            "1995-07-03": 6.333333440124989E-4,
            "1995-10-16": 6.99999975040555E-4,
            "1996-01-12": 6.99999975040555E-4,
            "1995-09-29": 6.333333440124989E-4,
            "1996-06-25": 7.33333348762244E-4,
            "1994-05-12": 6.99999975040555E-4,
            "1992-03-03": 6.99999975040555E-4,
            "1997-09-06": 6.99999975040555E-4,
            "1996-04-07": 6.666666595265269E-4,
            "1993-05-22": 6.333333440124989E-4,
            "1995-10-10": 6.99999975040555E-4,
            "1997-09-13": 8.333333535119891E-4,
            "1995-02-07": 6.99999975040555E-4,
            "1993-11-14": 6.333333440124989E-4,
            "1994-05-08": 7.999999797903001E-4,
            "1997-03-16": 6.666666595265269E-4,
            "1994-03-20": 6.333333440124989E-4,
            "1997-08-28": 7.666666642762721E-4,
            "1997-06-03": 6.99999975040555E-4,
            "1994-03-19": 6.666666595265269E-4,
            "1992-08-15": 6.666666595265269E-4,
            "1997-06-10": 6.666666595265269E-4,
            "1998-05-05": 6.666666595265269E-4,
            "1995-02-14": 6.333333440124989E-4,
            "1996-10-18": 7.33333348762244E-4,
            "1997-12-02": 7.33333348762244E-4,
            "1995-11-08": 6.666666595265269E-4,
            "1997-05-26": 6.99999975040555E-4,
            "1992-02-19": 6.666666595265269E-4,
            "1992-05-04": 6.666666595265269E-4,
            "1993-07-22": 6.333333440124989E-4,
            "1994-12-29": 6.333333440124989E-4,
            "1992-08-05": 6.99999975040555E-4,
            "1992-08-06": 6.333333440124989E-4,
            "1998-02-27": 6.99999975040555E-4,
            "1992-11-06": 6.333333440124989E-4,
            "1994-06-30": 6.333333440124989E-4,
            "1993-12-22": 6.99999975040555E-4,
            "1994-11-26": 6.333333440124989E-4,
            "1996-05-03": 7.666666642762721E-4,
            "1993-12-27": 7.33333348762244E-4,
            "1992-10-30": 6.666666595265269E-4,
            "1993-06-20": 6.666666595265269E-4,
            "1995-12-03": 6.666666595265269E-4,
            "1997-05-17": 6.666666595265269E-4,
            "1992-04-25": 6.333333440124989E-4,
            "1997-11-15": 7.666666642762721E-4,
            "1993-09-07": 6.333333440124989E-4,
            "1996-05-12": 6.99999975040555E-4,
            "1992-04-18": 6.333333440124989E-4,
            "1993-09-27": 6.333333440124989E-4,
            "1994-12-07": 6.666666595265269E-4,
            "1998-04-21": 7.33333348762244E-4,
            "1992-04-23": 6.333333440124989E-4,
            "1992-10-19": 6.666666595265269E-4,
            "1993-06-26": 6.333333440124989E-4,
            "1993-01-15": 6.333333440124989E-4,
            "1992-01-31": 6.333333440124989E-4,
            "1994-06-14": 7.999999797903001E-4,
            "1994-01-07": 7.666666642762721E-4,
            "1995-08-25": 6.99999975040555E-4
          },
          "o_shippriority": {
            "0": 1.0
          },
          "o_custkey": {
            "3082": 7.33333348762244E-4,
            "2551": 7.999999797903001E-4,
            "3121": 7.666666642762721E-4,
            "193": 7.999999797903001E-4,
            "1063": 7.666666642762721E-4,
            "592": 7.999999797903001E-4,
            "352": 7.33333348762244E-4,
            "199": 7.666666642762721E-4,
            "871": 9.666666737757623E-4,
            "2425": 7.999999797903001E-4,
            "1852": 7.666666642762721E-4,
            "997": 7.33333348762244E-4,
            "514": 7.33333348762244E-4,
            "637": 7.999999797903001E-4,
            "916": 7.666666642762721E-4,
            "1339": 0.0010000000474974513,
            "3637": 7.33333348762244E-4,
            "1471": 7.33333348762244E-4,
            "2161": 7.33333348762244E-4,
            "241": 7.33333348762244E-4,
            "880": 7.33333348762244E-4,
            "2677": 8.666666690260172E-4,
            "1222": 7.33333348762244E-4,
            "2311": 7.33333348762244E-4,
            "2794": 7.33333348762244E-4,
            "3646": 7.33333348762244E-4,
            "3529": 7.33333348762244E-4,
            "1900": 7.999999797903001E-4,
            "22": 7.33333348762244E-4,
            "28": 7.33333348762244E-4,
            "3145": 7.33333348762244E-4,
            "133": 7.666666642762721E-4,
            "2965": 7.666666642762721E-4,
            "3019": 7.999999797903001E-4,
            "2722": 7.666666642762721E-4,
            "2962": 7.666666642762721E-4,
            "2686": 7.999999797903001E-4,
            "259": 7.999999797903001E-4,
            "1918": 7.33333348762244E-4,
            "1891": 8.999999845400453E-4,
            "3277": 8.333333535119891E-4,
            "1096": 7.666666642762721E-4,
            "3031": 8.333333535119891E-4,
            "3394": 7.999999797903001E-4,
            "3391": 7.666666642762721E-4,
            "3547": 7.666666642762721E-4,
            "2698": 7.999999797903001E-4,
            "3028": 7.33333348762244E-4,
            "544": 7.999999797903001E-4,
            "1003": 7.33333348762244E-4,
            "3421": 7.999999797903001E-4,
            "829": 7.33333348762244E-4,
            "1660": 7.33333348762244E-4,
            "1021": 8.666666690260172E-4,
            "2593": 0.0010666666785255075,
            "2350": 7.666666642762721E-4,
            "3715": 7.999999797903001E-4,
            "673": 7.999999797903001E-4,
            "3037": 8.333333535119891E-4,
            "2068": 7.999999797903001E-4,
            "2860": 7.33333348762244E-4,
            "559": 7.33333348762244E-4,
            "2080": 7.666666642762721E-4,
            "1153": 8.333333535119891E-4,
            "2086": 7.666666642762721E-4,
            "3175": 7.33333348762244E-4,
            "3052": 8.999999845400453E-4,
            "163": 7.33333348762244E-4,
            "3727": 7.999999797903001E-4,
            "2998": 7.666666642762721E-4,
            "2479": 7.666666642762721E-4,
            "1786": 7.33333348762244E-4,
            "2356": 8.666666690260172E-4,
            "2752": 7.33333348762244E-4,
            "1024": 8.666666690260172E-4,
            "2992": 8.666666690260172E-4,
            "1708": 8.666666690260172E-4,
            "2518": 7.33333348762244E-4,
            "2092": 7.999999797903001E-4,
            "2098": 7.666666642762721E-4,
            "3187": 7.666666642762721E-4,
            "1954": 7.33333348762244E-4,
            "2887": 7.33333348762244E-4,
            "1159": 8.333333535119891E-4,
            "697": 7.33333348762244E-4,
            "457": 7.999999797903001E-4,
            "1552": 7.666666642762721E-4,
            "856": 8.666666690260172E-4,
            "1714": 7.999999797903001E-4,
            "76": 7.33333348762244E-4,
            "220": 7.33333348762244E-4,
            "1600": 7.666666642762721E-4,
            "1201": 0.0010000000474974513,
            "502": 7.999999797903001E-4,
            "2497": 7.999999797903001E-4,
            "1609": 7.666666642762721E-4,
            "1849": 8.333333535119891E-4,
            "748": 7.33333348762244E-4,
            "2815": 7.666666642762721E-4,
            "1966": 8.999999845400453E-4
          },
          "o_totalprice": {},
          "o_orderkey": {},
          "o_comment": {},
          "o_orderpriority": {
            "4-NOT SPECIFIED": 0.19993333518505096,
            "3-MEDIUM       ": 0.19699999690055847,
            "2-HIGH         ": 0.20286667346954346,
            "5-LOW          ": 0.20053333044052124,
            "1-URGENT       ": 0.19966666400432587
          }
        }
      },
      "region": {
        "rowCount": 5,
        "mostCommonFrequencies": {
          "r_regionkey": {},
          "r_comment": {},
          "r_name": {}
        }
      },
      "customer": {
        "rowCount": 3750,
        "mostCommonFrequencies": {
          "c_custkey": {},
          "c_phone": {},
          "c_acctbal": {
            "-411.15": 5.333333392627537E-4,
            "0.97": 5.333333392627537E-4,
            "4088.65": 5.333333392627537E-4,
            "5640.41": 5.333333392627537E-4,
            "1240.90": 5.333333392627537E-4
          },
          "c_mktsegment": {
            "FURNITURE ": 0.19120000302791595,
            "MACHINERY ": 0.19439999759197235,
            "HOUSEHOLD ": 0.19493333995342255,
            "AUTOMOBILE": 0.20319999754428864,
            "BUILDING  ": 0.2162666618824005
          },
          "c_address": {},
          "c_nationkey": {
            "22": 0.03893333300948143,
            "23": 0.03893333300948143,
            "24": 0.041333332657814026,
            "10": 0.04346666485071182,
            "11": 0.036533333361148834,
            "12": 0.03999999910593033,
            "13": 0.03840000182390213,
            "14": 0.03413333371281624,
            "15": 0.04213333502411842,
            "16": 0.04213333502411842,
            "17": 0.041333332657814026,
            "18": 0.04026666656136513,
            "19": 0.03786666691303253,
            "0": 0.04560000076889992,
            "1": 0.03973333165049553,
            "2": 0.04479999840259552,
            "3": 0.04266666620969772,
            "4": 0.04106666520237923,
            "5": 0.04213333502411842,
            "6": 0.03253333270549774,
            "7": 0.03946666792035103,
            "8": 0.04026666656136513,
            "9": 0.04053333401679993,
            "20": 0.036533333361148834,
            "21": 0.03920000046491623
          },
          "c_name": {},
          "c_comment": {}
        }
      }
    },
    "orderedEdges": [
      {
        "name": "supplier",
        "nodes": [
          "X30",
          "X32",
          "X31",
          "X34",
          "X33",
          "X35",
          "X38"
        ]
      },
      {
        "name": "lineitem",
        "nodes": [
          "X50",
          "X41",
          "X40",
          "X51",
          "X43",
          "X42",
          "X45",
          "X44",
          "X36",
          "X47",
          "X46",
          "X38",
          "X49",
          "X37",
          "X48",
          "X39"
        ]
      },
      {
        "name": "region",
        "nodes": [
          "X16",
          "X27",
          "X28"
        ]
      },
      {
        "name": "orders",
        "nodes": [
          "X8",
          "X36",
          "X2",
          "X3",
          "X4",
          "X5",
          "X18",
          "X6",
          "X7"
        ]
      },
      {
        "name": "nation",
        "nodes": [
          "X32",
          "X16",
          "X15",
          "X17"
        ]
      },
      {
        "name": "partsupp",
        "nodes": [
          "X9",
          "X10",
          "X12",
          "X11",
          "X13"
        ]
      },
      {
        "name": "customer",
        "nodes": [
          "X19",
          "X32",
          "X20",
          "X23",
          "X22",
          "X25",
          "X24",
          "X18"
        ]
      }
    ],
    "edges": [
      {
        "name": "supplier",
        "nodes": [
          "X30",
          "X32",
          "X31",
          "X34",
          "X33",
          "X35",
          "X38"
        ]
      },
      {
        "name": "lineitem",
        "nodes": [
          "X50",
          "X41",
          "X40",
          "X51",
          "X43",
          "X42",
          "X45",
          "X44",
          "X36",
          "X47",
          "X46",
          "X38",
          "X49",
          "X37",
          "X48",
          "X39"
        ]
      },
      {
        "name": "region",
        "nodes": [
          "X16",
          "X27",
          "X28"
        ]
      },
      {
        "name": "orders",
        "nodes": [
          "X8",
          "X36",
          "X2",
          "X3",
          "X4",
          "X5",
          "X18",
          "X6",
          "X7"
        ]
      },
      {
        "name": "nation",
        "nodes": [
          "X32",
          "X16",
          "X15",
          "X17"
        ]
      },
      {
        "name": "partsupp",
        "nodes": [
          "X9",
          "X10",
          "X12",
          "X11",
          "X13"
        ]
      },
      {
        "name": "customer",
        "nodes": [
          "X19",
          "X32",
          "X20",
          "X23",
          "X22",
          "X25",
          "X24",
          "X18"
        ]
      }
    ],
    "nodes": [
      "X19",
      "X41",
      "X40",
      "X43",
      "X42",
      "X20",
      "X45",
      "X23",
      "X44",
      "X22",
      "X2",
      "X47",
      "X25",
      "X3",
      "X46",
      "X24",
      "X4",
      "X49",
      "X27",
      "X5",
      "X48",
      "X6",
      "X7",
      "X28",
      "X8",
      "X9",
      "X50",
      "X30",
      "X51",
      "X32",
      "X10",
      "X31",
      "X34",
      "X12",
      "X33",
      "X11",
      "X36",
      "X35",
      "X13",
      "X38",
      "X16",
      "X37",
      "X15",
      "X18",
      "X39",
      "X17"
    ],
    "edgesByName": {
      "lineitem": {
        "name": "lineitem",
        "nodes": [
          "X50",
          "X41",
          "X40",
          "X51",
          "X43",
          "X42",
          "X45",
          "X44",
          "X36",
          "X47",
          "X46",
          "X38",
          "X49",
          "X37",
          "X48",
          "X39"
        ]
      },
      "partsupp": {
        "name": "partsupp",
        "nodes": [
          "X9",
          "X10",
          "X12",
          "X11",
          "X13"
        ]
      },
      "nation": {
        "name": "nation",
        "nodes": [
          "X32",
          "X16",
          "X15",
          "X17"
        ]
      },
      "supplier": {
        "name": "supplier",
        "nodes": [
          "X30",
          "X32",
          "X31",
          "X34",
          "X33",
          "X35",
          "X38"
        ]
      },
      "orders": {
        "name": "orders",
        "nodes": [
          "X8",
          "X36",
          "X2",
          "X3",
          "X4",
          "X5",
          "X18",
          "X6",
          "X7"
        ]
      },
      "region": {
        "name": "region",
        "nodes": [
          "X16",
          "X27",
          "X28"
        ]
      },
      "customer": {
        "name": "customer",
        "nodes": [
          "X19",
          "X32",
          "X20",
          "X23",
          "X22",
          "X25",
          "X24",
          "X18"
        ]
      }
    },
    "columnToVariableMapping": {
      "customer.c_phone": "X22",
      "nation.n_name": "X15",
      "nation.n_comment": "X17",
      "lineitem.l_receiptdate": "X48",
      "lineitem.l_orderkey": "X36",
      "lineitem.l_extendedprice": "X41",
      "nation.n_nationkey": "X32",
      "orders.o_orderkey": "X36",
      "customer.c_custkey": "X18",
      "lineitem.l_suppkey": "X38",
      "lineitem.l_commitdate": "X47",
      "lineitem.l_linestatus": "X45",
      "supplier.s_acctbal": "X34",
      "region.r_name": "X27",
      "partsupp.ps_supplycost": "X12",
      "orders.o_orderpriority": "X5",
      "supplier.s_comment": "X35",
      "lineitem.l_discount": "X42",
      "lineitem.l_quantity": "X40",
      "lineitem.l_partkey": "X37",
      "customer.c_comment": "X25",
      "orders.o_orderdate": "X4",
      "region.r_comment": "X28",
      "supplier.s_phone": "X33",
      "customer.c_address": "X20",
      "partsupp.ps_suppkey": "X10",
      "lineitem.l_linenumber": "X39",
      "partsupp.ps_partkey": "X9",
      "supplier.s_nationkey": "X32",
      "lineitem.l_shipinstruct": "X49",
      "supplier.s_address": "X31",
      "nation.n_regionkey": "X16",
      "lineitem.l_tax": "X43",
      "orders.o_orderstatus": "X2",
      "customer.c_mktsegment": "X24",
      "partsupp.ps_availqty": "X11",
      "orders.o_totalprice": "X3",
      "supplier.s_name": "X30",
      "orders.o_custkey": "X18",
      "orders.o_clerk": "X6",
      "customer.c_acctbal": "X23",
      "lineitem.l_returnflag": "X44",
      "lineitem.l_shipmode": "X50",
      "lineitem.l_shipdate": "X46",
      "supplier.s_suppkey": "X38",
      "orders.o_shippriority": "X7",
      "partsupp.ps_comment": "X13",
      "lineitem.l_comment": "X51",
      "customer.c_nationkey": "X32",
      "region.r_regionkey": "X16",
      "orders.o_comment": "X8",
      "customer.c_name": "X19"
    },
    "inverseEquivalenceMapping": {
      "X19": {
        "customer": [
          "c_name"
        ]
      },
      "X41": {
        "lineitem": [
          "l_extendedprice"
        ]
      },
      "X40": {
        "lineitem": [
          "l_quantity"
        ]
      },
      "X43": {
        "lineitem": [
          "l_tax"
        ]
      },
      "X20": {
        "customer": [
          "c_address"
        ]
      },
      "X42": {
        "lineitem": [
          "l_discount"
        ]
      },
      "X23": {
        "customer": [
          "c_acctbal"
        ]
      },
      "X45": {
        "lineitem": [
          "l_linestatus"
        ]
      },
      "X22": {
        "customer": [
          "c_phone"
        ]
      },
      "X44": {
        "lineitem": [
          "l_returnflag"
        ]
      },
      "X25": {
        "customer": [
          "c_comment"
        ]
      },
      "X47": {
        "lineitem": [
          "l_commitdate"
        ]
      },
      "X2": {
        "orders": [
          "o_orderstatus"
        ]
      },
      "X24": {
        "customer": [
          "c_mktsegment"
        ]
      },
      "X3": {
        "orders": [
          "o_totalprice"
        ]
      },
      "X46": {
        "lineitem": [
          "l_shipdate"
        ]
      },
      "X27": {
        "region": [
          "r_name"
        ]
      },
      "X4": {
        "orders": [
          "o_orderdate"
        ]
      },
      "X49": {
        "lineitem": [
          "l_shipinstruct"
        ]
      },
      "X48": {
        "lineitem": [
          "l_receiptdate"
        ]
      },
      "X5": {
        "orders": [
          "o_orderpriority"
        ]
      },
      "X6": {
        "orders": [
          "o_clerk"
        ]
      },
      "X28": {
        "region": [
          "r_comment"
        ]
      },
      "X7": {
        "orders": [
          "o_shippriority"
        ]
      },
      "X8": {
        "orders": [
          "o_comment"
        ]
      },
      "X9": {
        "partsupp": [
          "ps_partkey"
        ]
      },
      "X50": {
        "lineitem": [
          "l_shipmode"
        ]
      },
      "X30": {
        "supplier": [
          "s_name"
        ]
      },
      "X51": {
        "lineitem": [
          "l_comment"
        ]
      },
      "X32": {
        "nation": [
          "n_nationkey"
        ],
        "supplier": [
          "s_nationkey"
        ],
        "customer": [
          "c_nationkey"
        ]
      },
      "X10": {
        "partsupp": [
          "ps_suppkey"
        ]
      },
      "X31": {
        "supplier": [
          "s_address"
        ]
      },
      "X34": {
        "supplier": [
          "s_acctbal"
        ]
      },
      "X12": {
        "partsupp": [
          "ps_supplycost"
        ]
      },
      "X33": {
        "supplier": [
          "s_phone"
        ]
      },
      "X11": {
        "partsupp": [
          "ps_availqty"
        ]
      },
      "X36": {
        "lineitem": [
          "l_orderkey"
        ],
        "orders": [
          "o_orderkey"
        ]
      },
      "X35": {
        "supplier": [
          "s_comment"
        ]
      },
      "X13": {
        "partsupp": [
          "ps_comment"
        ]
      },
      "X38": {
        "lineitem": [
          "l_suppkey"
        ],
        "supplier": [
          "s_suppkey"
        ]
      },
      "X16": {
        "nation": [
          "n_regionkey"
        ],
        "region": [
          "r_regionkey"
        ]
      },
      "X37": {
        "lineitem": [
          "l_partkey"
        ]
      },
      "X15": {
        "nation": [
          "n_name"
        ]
      },
      "X18": {
        "orders": [
          "o_custkey"
        ],
        "customer": [
          "c_custkey"
        ]
      },
      "X39": {
        "lineitem": [
          "l_linenumber"
        ]
      },
      "X17": {
        "nation": [
          "n_comment"
        ]
      }
    },
    "variableToColumnMapping": {
      "X19": [
        "customer.c_name"
      ],
      "X41": [
        "lineitem.l_extendedprice"
      ],
      "X40": [
        "lineitem.l_quantity"
      ],
      "X43": [
        "lineitem.l_tax"
      ],
      "X20": [
        "customer.c_address"
      ],
      "X42": [
        "lineitem.l_discount"
      ],
      "X23": [
        "customer.c_acctbal"
      ],
      "X45": [
        "lineitem.l_linestatus"
      ],
      "X22": [
        "customer.c_phone"
      ],
      "X44": [
        "lineitem.l_returnflag"
      ],
      "X25": [
        "customer.c_comment"
      ],
      "X47": [
        "lineitem.l_commitdate"
      ],
      "X2": [
        "orders.o_orderstatus"
      ],
      "X24": [
        "customer.c_mktsegment"
      ],
      "X3": [
        "orders.o_totalprice"
      ],
      "X46": [
        "lineitem.l_shipdate"
      ],
      "X27": [
        "region.r_name"
      ],
      "X4": [
        "orders.o_orderdate"
      ],
      "X49": [
        "lineitem.l_shipinstruct"
      ],
      "X48": [
        "lineitem.l_receiptdate"
      ],
      "X5": [
        "orders.o_orderpriority"
      ],
      "X6": [
        "orders.o_clerk"
      ],
      "X28": [
        "region.r_comment"
      ],
      "X7": [
        "orders.o_shippriority"
      ],
      "X8": [
        "orders.o_comment"
      ],
      "X9": [
        "partsupp.ps_partkey"
      ],
      "X50": [
        "lineitem.l_shipmode"
      ],
      "X30": [
        "supplier.s_name"
      ],
      "X51": [
        "lineitem.l_comment"
      ],
      "X32": [
        "nation.n_nationkey",
        "supplier.s_nationkey",
        "customer.c_nationkey"
      ],
      "X10": [
        "partsupp.ps_suppkey"
      ],
      "X31": [
        "supplier.s_address"
      ],
      "X34": [
        "supplier.s_acctbal"
      ],
      "X12": [
        "partsupp.ps_supplycost"
      ],
      "X33": [
        "supplier.s_phone"
      ],
      "X11": [
        "partsupp.ps_availqty"
      ],
      "X36": [
        "lineitem.l_orderkey",
        "orders.o_orderkey"
      ],
      "X35": [
        "supplier.s_comment"
      ],
      "X13": [
        "partsupp.ps_comment"
      ],
      "X38": [
        "lineitem.l_suppkey",
        "supplier.s_suppkey"
      ],
      "X16": [
        "nation.n_regionkey",
        "region.r_regionkey"
      ],
      "X37": [
        "lineitem.l_partkey"
      ],
      "X15": [
        "nation.n_name"
      ],
      "X18": [
        "customer.c_custkey",
        "orders.o_custkey"
      ],
      "X39": [
        "lineitem.l_linenumber"
      ],
      "X17": [
        "nation.n_comment"
      ]
    },
    "decompositionTree": {}
  },
  "joinTree": {
    "successors": [
      {
        "successors": [],
        "tables": [
          "partsupp"
        ],
        "attributes": [
          "X12"
        ]
      },
      {
        "successors": [],
        "tables": [
          "nation"
        ],
        "attributes": [
          "X32",
          "X16",
          "X15"
        ]
      },
      {
        "successors": [
          {
            "successors": [],
            "tables": [
              "lineitem",
              "orders"
            ],
            "attributes": [
              "X41",
              "X42",
              "X36",
              "X38",
              "X18"
            ]
          }
        ],
        "tables": [
          "supplier",
          "customer"
        ],
        "attributes": [
          "X30",
          "X32",
          "X31",
          "X34",
          "X33",
          "X35",
          "X38",
          "X18"
        ]
      }
    ],
    "tables": [
      "supplier",
      "region"
    ],
    "attributes": [
      "X30",
      "X32",
      "X31",
      "X34",
      "X33",
      "X35",
      "X38",
      "X16"
    ]
  },
  "query": "-- $ID$\n-- TPC-H/TPC-R Local Supplier Volume Query (Q5)\n-- Functional Query Definition\n-- Approved February 1998\nselect nation.n_name, lineitem.l_extendedprice, lineitem.l_discount, partsupp.ps_supplycost\nfrom\n    customer,\n    orders,\n    lineitem,\n    supplier,\n    nation,\n    region,\n    partsupp\nwhere c_custkey \u003d o_custkey\n  and l_orderkey \u003d o_orderkey\n  and l_suppkey \u003d s_suppkey\n  and c_nationkey \u003d s_nationkey\n  and s_nationkey \u003d n_nationkey\n  and n_regionkey \u003d r_regionkey;"
}